Date,High,Low,Open,Close,Volume,Adj Close
2000-01-03,9.168877601623535,8.71872615814209,9.097801208496094,8.813494682312012,1474600.0,5.428150653839111
2000-01-04,8.872725486755371,8.434419631958008,8.860879898071289,8.493650436401367,2424800.0,5.2311601638793945
2000-01-05,8.76611042022705,8.410727500915527,8.576573371887207,8.588418960571289,2854800.0,5.289527416229248
2000-01-06,8.88457202911377,8.292266845703125,8.493650436401367,8.683188438415527,1281000.0,5.347893714904785
2000-01-07,8.813494682312012,8.671341896057129,8.71872615814209,8.754264831542969,1751600.0,5.391668796539307
2000-01-10,8.93195629119873,8.789802551269531,8.80164909362793,8.93195629119873,2592600.0,5.501108646392822
2000-01-11,8.955648422241211,8.683188438415527,8.90826416015625,8.706880569458008,1867700.0,5.36248254776001
2000-01-12,8.683188438415527,8.398881912231445,8.671341896057129,8.469958305358887,1282000.0,5.216566562652588
2000-01-13,8.671341896057129,8.541034698486328,8.541034698486328,8.600265502929688,3044700.0,5.296820163726807
2000-01-14,8.623957633972168,8.398881912231445,8.576573371887207,8.600265502929688,1747400.0,5.296820163726807
2000-01-18,8.505496978759766,8.315958976745605,8.505496978759766,8.363343238830566,1972100.0,5.150905609130859
2000-01-19,8.387035369873047,8.197498321533203,8.315958976745605,8.268574714660645,2894900.0,5.092538356781006
2000-01-20,8.268574714660645,8.019806861877441,8.256728172302246,8.090883255004883,1182300.0,4.983099460601807
2000-01-21,8.090883255004883,7.676270008087158,8.090883255004883,7.806576728820801,4429700.0,4.807997226715088
2000-01-24,7.77103853225708,7.190579891204834,7.77103853225708,7.202425956726074,4488800.0,4.435908794403076
2000-01-25,7.676270008087158,7.249810695648193,7.249810695648193,7.6407318115234375,3804500.0,4.705855369567871
2000-01-26,7.936883926391602,7.617039203643799,7.6407318115234375,7.86580753326416,2309300.0,4.844477653503418
2000-01-27,8.067191123962402,7.6407318115234375,7.652577877044678,7.8776535987854,4236600.0,4.851773262023926
2000-01-28,8.043498992919922,7.8302693367004395,7.8776535987854,8.007960319519043,3923200.0,4.932025909423828
2000-01-31,8.469958305358887,7.996114253997803,7.996114253997803,8.173806190490723,4537300.0,5.034172058105469
2000-02-01,8.221190452575684,8.114575386047363,8.161959648132324,8.197498321533203,3269000.0,5.048763751983643
2000-02-02,8.339651107788086,8.138267517089844,8.173806190490723,8.185651779174805,2158900.0,5.041466236114502
2000-02-03,8.327805519104004,8.173806190490723,8.209343910217285,8.256728172302246,927500.0,5.085244178771973
2000-02-04,8.327805519104004,8.150114059448242,8.315958976745605,8.197498321533203,1120600.0,5.048763751983643
2000-02-07,8.304113388061523,8.031652450561523,8.197498321533203,8.173806190490723,2507100.0,5.034172058105469
2000-02-08,8.387035369873047,8.173806190490723,8.173806190490723,8.304113388061523,2540900.0,5.114424228668213
2000-02-09,8.351497650146484,8.233036041259766,8.327805519104004,8.268574714660645,3223100.0,5.092538356781006
2000-02-10,8.280420303344727,7.86580753326416,8.244882583618164,7.901345729827881,1377500.0,4.866364002227783
2000-02-11,8.019806861877441,7.688116073608398,7.960576057434082,7.78288459777832,2378400.0,4.793406009674072
2000-02-14,7.7947306632995605,7.652577877044678,7.75919246673584,7.75919246673584,1699300.0,4.778814792633057
2000-02-15,7.86580753326416,7.699962139129639,7.723654270172119,7.806576728820801,2668600.0,4.807997226715088
2000-02-16,7.8302693367004395,7.735500335693359,7.735500335693359,7.7473464012146,2291300.0,4.771519184112549
2000-02-17,7.8776535987854,7.7473464012146,7.75919246673584,7.75919246673584,1535300.0,4.778814792633057
2000-02-18,7.7947306632995605,7.4511942863464355,7.75919246673584,7.557808876037598,2646900.0,4.654783725738525
2000-02-22,7.676270008087158,7.439348220825195,7.557808876037598,7.534116744995117,2453800.0,4.64019250869751
2000-02-23,7.569654941558838,7.391963481903076,7.510424613952637,7.4511942863464355,2994100.0,4.589122295379639
2000-02-24,7.486732482910156,7.107657432556152,7.4511942863464355,7.3090410232543945,2940800.0,4.5015692710876465
2000-02-25,7.427501678466797,7.178733825683594,7.261656761169434,7.285348892211914,1538400.0,4.486978530883789
2000-02-28,7.510424613952637,7.190579891204834,7.344579219818115,7.439348220825195,1354800.0,4.581828594207764
2000-02-29,7.806576728820801,7.439348220825195,7.439348220825195,7.735500335693359,3825100.0,4.76422119140625
2000-03-01,7.972422122955322,7.75919246673584,7.77103853225708,7.85396146774292,3342300.0,4.83718204498291
2000-03-02,7.85396146774292,7.593347072601318,7.84211540222168,7.652577877044678,2038100.0,4.713151454925537
2000-03-03,7.7473464012146,7.474886417388916,7.652577877044678,7.581501007080078,2355200.0,4.669373512268066
2000-03-06,7.628885746002197,7.4511942863464355,7.581501007080078,7.605193138122559,2738200.0,4.683968544006348
2000-03-07,7.557808876037598,7.1668877601623535,7.557808876037598,7.1668877601623535,2554100.0,4.4140191078186035
2000-03-08,7.178733825683594,6.90627384185791,7.1668877601623535,7.036580562591553,2385200.0,4.333763122558594
2000-03-09,7.202425956726074,6.929965972900391,7.012888431549072,7.202425956726074,2324600.0,4.435908794403076
2000-03-10,7.380117416381836,7.155041694641113,7.155041694641113,7.285348892211914,1293100.0,4.486978530883789
2000-03-13,7.285348892211914,7.048426628112793,7.285348892211914,7.119503498077393,2291300.0,4.3848371505737305
2000-03-14,7.273502826690674,6.989196300506592,7.107657432556152,7.119503498077393,3006200.0,4.3848371505737305
2000-03-15,7.427501678466797,6.965504169464111,7.048426628112793,7.403809547424316,4955200.0,4.559937000274658
2000-03-16,8.268574714660645,7.332733154296875,7.3564252853393555,8.233036041259766,4577400.0,5.07064962387085
2000-03-17,8.446266174316406,8.079036712646484,8.233036041259766,8.233036041259766,3301700.0,5.07064962387085
2000-03-20,8.268574714660645,7.85396146774292,8.185651779174805,8.161959648132324,2466500.0,5.026876449584961
2000-03-21,8.280420303344727,7.948729991912842,8.161959648132324,8.280420303344727,1884500.0,5.099833011627197
2000-03-22,8.233036041259766,8.019806861877441,8.233036041259766,8.055344581604004,1597000.0,4.961212158203125
2000-03-23,8.090883255004883,7.936883926391602,8.055344581604004,8.079036712646484,2626900.0,4.975804328918457
2000-03-24,8.292266845703125,7.818423271179199,8.055344581604004,7.8302693367004395,1664000.0,4.82258939743042
2000-03-27,8.315958976745605,7.78288459777832,7.78288459777832,8.209343910217285,3090600.0,5.056058406829834
2000-03-28,8.588418960571289,8.209343910217285,8.209343910217285,8.398881912231445,2456500.0,5.172791481018066
2000-03-29,8.955648422241211,8.351497650146484,8.387035369873047,8.955648422241211,2707100.0,5.525568008422852
2000-03-30,9.559799194335938,8.88457202911377,8.90826416015625,9.488722801208496,4257200.0,5.8544697761535645
2000-03-31,9.713798522949219,9.382107734680176,9.536107063293457,9.666414260864258,3118100.0,5.964105606079102
2000-04-03,9.855951309204102,9.524260520935059,9.666414260864258,9.78487491607666,3124400.0,6.037197113037109
2000-04-04,10.163949966430664,9.630875587463379,9.832259178161621,9.950719833374023,4155900.0,6.139518737792969
2000-04-05,10.163949966430664,9.690106391906738,9.903335571289062,10.128411293029785,1842900.0,6.249156951904297
2000-04-06,10.341641426086426,9.974411964416504,10.128411293029785,10.081027030944824,1621300.0,6.219921112060547
2000-04-07,10.033642768859863,9.5953369140625,10.033642768859863,9.80856704711914,1390700.0,6.051812648773193
2000-04-10,9.78487491607666,9.583491325378418,9.78487491607666,9.7256441116333,1147500.0,6.000649929046631
2000-04-11,9.950719833374023,9.67825984954834,9.773028373718262,9.832259178161621,1025100.0,6.066433906555176
2000-04-12,9.950719833374023,9.559799194335938,9.832259178161621,9.607183456420898,1517300.0,5.927561283111572
2000-04-13,9.927027702331543,9.382107734680176,9.559799194335938,9.796721458435059,1463500.0,6.0445051193237305
2000-04-14,9.749336242675781,9.074109077453613,9.749336242675781,9.109647750854492,1106300.0,5.620583534240723
2000-04-17,9.619029998779297,9.03857135772705,9.109647750854492,9.441338539123535,2273900.0,5.825236797332764
2000-04-18,9.441338539123535,9.239954948425293,9.417646408081055,9.346569061279297,1467200.0,5.766764163970947
2000-04-19,9.89148998260498,9.382107734680176,9.393953323364258,9.7256441116333,2345100.0,6.000649929046631
2000-04-20,10.069181442260742,9.5953369140625,9.749336242675781,10.033642768859863,1642900.0,6.190685272216797
2000-04-24,10.152103424072266,9.927027702331543,10.033642768859863,10.128411293029785,1455600.0,6.249156951904297
2000-04-25,10.448256492614746,10.069181442260742,10.081027030944824,10.412717819213867,2073900.0,6.424569129943848
2000-04-26,10.981330871582031,10.412717819213867,10.412717819213867,10.602255821228027,2547700.0,6.541513442993164
2000-04-27,10.85102367401123,10.495640754699707,10.495640754699707,10.80363941192627,1590100.0,6.665765762329102
2000-04-28,10.874715805053711,10.625947952270508,10.80363941192627,10.82733154296875,1296800.0,6.680382251739502
2000-05-01,11.170867919921875,10.649640083312988,10.732563018798828,11.159022331237793,2067100.0,6.885036468505859
2000-05-02,11.159022331237793,10.910253524780273,11.159022331237793,10.945792198181152,1349000.0,6.753472805023193
2000-05-03,10.898407936096191,10.63779354095459,10.898407936096191,10.673332214355469,2100300.0,6.585366249084473
2000-05-04,10.649640083312988,10.471948623657227,10.625947952270508,10.519332885742188,1525800.0,6.490353107452393
2000-05-05,10.922100067138672,10.329794883728027,10.329794883728027,10.910253524780273,2286600.0,6.731547832489014
2000-05-08,11.159022331237793,10.76810073852539,11.005023002624512,10.791792869567871,2499200.0,6.658457279205322
2000-05-09,10.791792869567871,10.602255821228027,10.74440860748291,10.649640083312988,2090800.0,6.570749282836914
2000-05-10,10.69702434539795,10.519332885742188,10.69702434539795,10.519332885742188,1764200.0,6.490353107452393
2000-05-11,10.66148567199707,10.495640754699707,10.519332885742188,10.519332885742188,2130400.0,6.490353107452393
2000-05-12,10.602255821228027,10.377180099487305,10.507486343383789,10.483794212341309,1512100.0,6.468422889709473
2000-05-15,10.460102081298828,10.282410621643066,10.424564361572266,10.424564361572266,2114000.0,6.431878566741943
2000-05-16,10.69702434539795,10.436409950256348,10.519332885742188,10.519332885742188,2635300.0,6.490353107452393
2000-05-17,10.471948623657227,10.246872901916504,10.471948623657227,10.424564361572266,1091000.0,6.431878566741943
2000-05-18,10.389025688171387,10.199488639831543,10.377180099487305,10.211334228515625,749100.0,6.300316333770752
2000-05-19,10.069181442260742,9.78487491607666,10.045489311218262,9.78487491607666,1639700.0,6.037197113037109
2000-05-22,9.80856704711914,9.607183456420898,9.78487491607666,9.76118278503418,2393700.0,6.022576808929443
2000-05-23,9.713798522949219,9.311031341552734,9.666414260864258,9.370261192321777,2239600.0,5.781382083892822
2000-05-24,9.607183456420898,9.358415603637695,9.441338539123535,9.453184127807617,2227500.0,5.832545757293701
2000-05-25,9.5953369140625,9.429491996765137,9.453184127807617,9.476876258850098,3458400.0,5.847160339355469
2000-05-26,9.453184127807617,9.097801208496094,9.429491996765137,9.133339881896973,1101600.0,5.635204792022705
2000-05-30,9.275492668151855,9.157032012939453,9.157032012939453,9.192569732666016,1730000.0,5.671745300292969
2000-05-31,9.228108406066895,9.133339881896973,9.192569732666016,9.133339881896973,1050400.0,5.635204792022705
2000-06-01,9.097801208496094,8.943801879882812,9.03857135772705,9.085955619812012,3079000.0,5.605966567993164
2000-06-02,9.559799194335938,9.133339881896973,9.133339881896973,9.536107063293457,1779500.0,5.8837080001831055
2000-06-05,9.500568389892578,9.393953323364258,9.476876258850098,9.488722801208496,1646100.0,5.8544697761535645
2000-06-06,9.630875587463379,9.465030670166016,9.630875587463379,9.488722801208496,1834900.0,5.8544697761535645
2000-06-07,9.536107063293457,9.275492668151855,9.512414932250977,9.287339210510254,1450300.0,5.730217456817627
2000-06-08,9.453184127807617,9.239954948425293,9.299184799194336,9.299184799194336,1176500.0,5.7375264167785645
2000-06-09,9.476876258850098,9.287339210510254,9.346569061279297,9.465030670166016,915900.0,5.839859485626221
2000-06-12,9.547952651977539,9.311031341552734,9.441338539123535,9.346569061279297,1217700.0,5.766764163970947
2000-06-13,9.476876258850098,9.228108406066895,9.476876258850098,9.358415603637695,918500.0,5.77407169342041
2000-06-14,9.382107734680176,9.085955619812012,9.311031341552734,9.145185470581055,1698800.0,5.642510890960693
2000-06-15,9.287339210510254,9.097801208496094,9.097801208496094,9.180724143981934,1503100.0,5.664437770843506
2000-06-16,9.405799865722656,9.263647079467773,9.334723472595215,9.299184799194336,2187900.0,5.7375264167785645
2000-06-19,9.287339210510254,9.014878273010254,9.287339210510254,9.050416946411133,1581700.0,5.584039211273193
2000-06-20,9.074109077453613,8.872725486755371,9.003032684326172,9.014878273010254,2097200.0,5.562114715576172
2000-06-21,9.026724815368652,8.872725486755371,9.003032684326172,9.003032684326172,1927300.0,5.554803371429443
2000-06-22,9.180724143981934,8.896417617797852,9.026724815368652,9.133339881896973,1930400.0,5.635204792022705
2000-06-23,9.180724143981934,8.979340553283691,9.180724143981934,9.03857135772705,1155400.0,5.576731204986572
2000-06-26,9.275492668151855,9.014878273010254,9.014878273010254,9.097801208496094,1517900.0,5.613276958465576
2000-06-27,9.358415603637695,9.074109077453613,9.097801208496094,9.299184799194336,2409500.0,5.7375264167785645
2000-06-28,9.311031341552734,9.085955619812012,9.168877601623535,9.26067066192627,3409300.0,5.722999095916748
2000-06-29,9.263647079467773,9.109647750854492,9.228108406066895,9.168877601623535,2245400.0,5.666270732879639
2000-06-30,9.382107734680176,9.192569732666016,9.192569732666016,9.370261192321777,2769900.0,5.790724277496338
2000-07-03,9.405799865722656,9.275492668151855,9.358415603637695,9.405799865722656,648400.0,5.812684059143066
2000-07-05,9.405799865722656,9.026724815368652,9.405799865722656,9.085955619812012,1648200.0,5.615024566650391
2000-07-06,9.085955619812012,8.789802551269531,8.979340553283691,8.896417617797852,3463600.0,5.497891426086426
2000-07-07,9.062263488769531,8.88457202911377,8.90826416015625,9.014878273010254,1861900.0,5.57110071182251
2000-07-10,9.074109077453613,8.90826416015625,8.979340553283691,8.967494010925293,1924600.0,5.541815757751465
2000-07-11,9.014878273010254,8.77795696258545,8.991186141967773,8.789802551269531,2231200.0,5.432006359100342
2000-07-12,9.003032684326172,8.789802551269531,8.80164909362793,8.90826416015625,2777200.0,5.50521183013916
2000-07-13,8.90826416015625,8.76611042022705,8.789802551269531,8.80164909362793,1295200.0,5.439327716827393
2000-07-14,8.872725486755371,8.647649765014648,8.80164909362793,8.671341896057129,1244600.0,5.358796119689941
2000-07-17,8.754264831542969,8.564726829528809,8.69503402709961,8.63580322265625,3074300.0,5.336833953857422
2000-07-18,8.837186813354492,8.65949535369873,8.65949535369873,8.837186813354492,3012000.0,5.461289405822754
2000-07-19,8.90826416015625,8.623957633972168,8.90826416015625,8.80164909362793,1601200.0,5.439327716827393
2000-07-20,9.050416946411133,8.860879898071289,8.90826416015625,9.050416946411133,1544200.0,5.5930609703063965
2000-07-21,9.168877601623535,8.88457202911377,9.03857135772705,8.967494010925293,3014100.0,5.541815757751465
2000-07-24,9.299184799194336,9.062263488769531,9.121493339538574,9.251800537109375,1758400.0,5.717514991760254
2000-07-25,9.619029998779297,9.239954948425293,9.239954948425293,9.500568389892578,2779900.0,5.871250152587891
2000-07-26,9.500568389892578,9.299184799194336,9.453184127807617,9.453184127807617,1925700.0,5.841968536376953
2000-07-27,9.547952651977539,9.109647750854492,9.488722801208496,9.204416275024414,1245600.0,5.688232421875
2000-07-28,9.322876930236816,9.157032012939453,9.275492668151855,9.251800537109375,1281500.0,5.717514991760254
2000-07-31,9.65456771850586,9.251800537109375,9.251800537109375,9.65456771850586,1861300.0,5.966419219970703
2000-08-01,9.65456771850586,9.382107734680176,9.65456771850586,9.393953323364258,1530000.0,5.805362224578857
2000-08-02,9.583491325378418,9.382107734680176,9.453184127807617,9.476876258850098,1246700.0,5.856606960296631
2000-08-03,9.630875587463379,9.228108406066895,9.524260520935059,9.630875587463379,1580100.0,5.951778411865234
2000-08-04,10.282410621643066,9.7256441116333,9.7256441116333,10.223180770874023,4071400.0,6.317817687988281
2000-08-07,10.317949295043945,9.9981050491333,10.258718490600586,10.092873573303223,1476700.0,6.237290859222412
2000-08-08,10.223180770874023,9.986258506774902,10.092873573303223,10.175796508789062,1477800.0,6.288534641265869
2000-08-09,10.519332885742188,10.246872901916504,10.389025688171387,10.389025688171387,2371000.0,6.420307159423828
2000-08-10,10.460102081298828,10.329794883728027,10.412717819213867,10.436409950256348,1725700.0,6.449592590332031
2000-08-11,10.519332885742188,10.400872230529785,10.436409950256348,10.507486343383789,1339500.0,6.49351692199707
2000-08-14,10.495640754699707,10.116565704345703,10.448256492614746,10.483794212341309,1524700.0,6.478872776031494
2000-08-15,10.471948623657227,10.128411293029785,10.460102081298828,10.128411293029785,2383100.0,6.259252071380615
2000-08-16,10.152103424072266,9.962566375732422,10.140257835388184,9.9981050491333,2450700.0,6.178722858428955
2000-08-17,10.104719161987305,9.974411964416504,9.9981050491333,10.081027030944824,2585700.0,6.229969024658203
2000-08-18,10.448256492614746,10.045489311218262,10.057334899902344,10.412717819213867,2760400.0,6.434947967529297
2000-08-21,10.483794212341309,10.317949295043945,10.377180099487305,10.377180099487305,953300.0,6.412984371185303
2000-08-22,10.448256492614746,10.294257164001465,10.377180099487305,10.365333557128906,670500.0,6.405666828155518
2000-08-23,10.436409950256348,10.199488639831543,10.365333557128906,10.424564361572266,1478800.0,6.442269802093506
2000-08-24,10.543025016784668,10.365333557128906,10.424564361572266,10.543025016784668,1696200.0,6.51547908782959
2000-08-25,10.543025016784668,10.389025688171387,10.543025016784668,10.495640754699707,1347400.0,6.486195087432861
2000-08-28,10.708869934082031,10.483794212341309,10.543025016784668,10.519332885742188,945400.0,6.500837802886963
2000-08-29,10.756255149841309,10.519332885742188,10.519332885742188,10.69702434539795,2013800.0,6.6106486320495605
2000-08-30,10.708869934082031,10.471948623657227,10.69702434539795,10.519332885742188,956500.0,6.500837802886963
2000-08-31,10.673332214355469,10.436409950256348,10.471948623657227,10.649640083312988,1788500.0,6.581365585327148
2000-09-01,10.732563018798828,10.566717147827148,10.69702434539795,10.673332214355469,800800.0,6.596006870269775
2000-09-05,10.68517780303955,10.543025016784668,10.625947952270508,10.602255821228027,1207600.0,6.552082538604736
2000-09-06,10.317949295043945,10.069181442260742,10.235026359558105,10.187642097473145,3576000.0,6.295857906341553
2000-09-07,10.377180099487305,10.187642097473145,10.377180099487305,10.282410621643066,3025200.0,6.354422569274902
2000-09-08,10.329794883728027,9.76118278503418,10.329794883728027,10.021797180175781,2780400.0,6.193365573883057
2000-09-11,10.163949966430664,9.903335571289062,10.069181442260742,9.950719833374023,1438200.0,6.149438858032227
2000-09-12,10.081027030944824,9.832259178161621,9.986258506774902,10.021797180175781,2322400.0,6.193365573883057
2000-09-13,10.187642097473145,9.9981050491333,10.021797180175781,10.021797180175781,1080500.0,6.193365573883057
2000-09-14,10.069181442260742,9.796721458435059,9.9981050491333,9.89148998260498,806700.0,6.112837314605713
2000-09-15,10.092873573303223,9.70195198059082,10.092873573303223,9.938874244689941,3303300.0,6.142120838165283
2000-09-18,9.938874244689941,9.524260520935059,9.938874244689941,9.524260520935059,4179600.0,5.885892391204834
2000-09-19,9.536107063293457,8.837186813354492,9.536107063293457,9.097801208496094,4334200.0,5.622344970703125
2000-09-20,9.322876930236816,9.050416946411133,9.239954948425293,9.192569732666016,2497100.0,5.680908203125
2000-09-21,9.204416275024414,9.014878273010254,9.180724143981934,9.145185470581055,1511000.0,5.651626110076904
2000-09-22,9.157032012939453,8.955648422241211,9.145185470581055,9.109647750854492,1564800.0,5.629664897918701
2000-09-25,9.358415603637695,9.228108406066895,9.228108406066895,9.251800537109375,1464600.0,5.717514991760254
2000-09-26,9.488722801208496,9.074109077453613,9.251800537109375,9.097801208496094,2615300.0,5.622344970703125
2000-09-27,9.157032012939453,8.872725486755371,9.062263488769531,9.109647750854492,2253300.0,5.6420698165893555
2000-09-28,9.559799194335938,9.003032684326172,9.109647750854492,9.500568389892578,2676500.0,5.884188652038574
2000-09-29,9.512414932250977,9.299184799194336,9.512414932250977,9.429491996765137,2082900.0,5.8401665687561035
2000-10-02,9.619029998779297,9.287339210510254,9.382107734680176,9.382107734680176,1504700.0,5.810815811157227
2000-10-03,9.559799194335938,9.311031341552734,9.382107734680176,9.453184127807617,1839200.0,5.8548383712768555
2000-10-04,9.820413589477539,9.417646408081055,9.453184127807617,9.76118278503418,2118300.0,6.04559850692749
2000-10-05,9.903335571289062,9.65456771850586,9.80856704711914,9.832259178161621,3691000.0,6.0896196365356445
2000-10-06,10.163949966430664,9.690106391906738,9.879643440246582,9.7374906539917,1485700.0,6.030924320220947
2000-10-09,9.80856704711914,9.57164478302002,9.690106391906738,9.78487491607666,1384900.0,6.060271739959717
2000-10-10,10.187642097473145,9.773028373718262,9.78487491607666,9.8677978515625,2398400.0,6.111630439758301
2000-10-11,10.187642097473145,9.8677978515625,9.8677978515625,10.069181442260742,5793500.0,6.236359119415283
2000-10-12,10.152103424072266,9.5953369140625,10.069181442260742,9.749336242675781,2268100.0,6.038261890411377
2000-10-13,10.009950637817383,9.666414260864258,9.749336242675781,9.9981050491333,1667700.0,6.192335605621338
2000-10-16,10.211334228515625,9.986258506774902,9.9981050491333,10.152103424072266,1289400.0,6.287717342376709
2000-10-17,10.389025688171387,9.89148998260498,10.223180770874023,9.950719833374023,2525000.0,6.16298770904541
2000-10-18,10.128411293029785,9.76118278503418,9.950719833374023,10.057334899902344,1848100.0,6.229020118713379
2000-10-19,10.708869934082031,10.306102752685547,10.306102752685547,10.460102081298828,4129500.0,6.478473663330078
2000-10-20,10.76810073852539,10.270565032958984,10.365333557128906,10.756255149841309,2129900.0,6.661896228790283
2000-10-23,10.85102367401123,10.68517780303955,10.756255149841309,10.69702434539795,2214300.0,6.625217437744141
2000-10-24,10.76810073852539,10.471948623657227,10.732563018798828,10.566717147827148,2481300.0,6.544508457183838
2000-10-25,10.602255821228027,10.199488639831543,10.602255821228027,10.317949295043945,1894600.0,6.390432834625244
2000-10-26,10.74440860748291,10.365333557128906,10.365333557128906,10.554871559143066,3018300.0,6.537172317504883
2000-10-27,11.052407264709473,10.61410140991211,10.61410140991211,10.93394660949707,1891400.0,6.771947860717773
2000-10-30,11.348559379577637,11.005023002624512,11.005023002624512,11.301175117492676,2326700.0,6.99939489364624
2000-10-31,11.964556694030762,11.170867919921875,11.265636444091797,11.964556694030762,4203900.0,7.410260200500488
2000-11-01,12.165940284729004,11.72763442993164,11.940864562988281,11.786865234375,5887400.0,7.300206184387207
2000-11-02,11.952710151672363,11.68025016784668,11.786865234375,11.822402954101562,2543500.0,7.322218418121338
2000-11-03,11.881633758544922,11.549942970275879,11.775018692016602,11.6565580368042,1863400.0,7.2194976806640625
2000-11-06,11.846095085144043,11.57363510131836,11.692096710205078,11.846095085144043,2079200.0,7.336889266967773
2000-11-07,11.846095085144043,11.72763442993164,11.846095085144043,11.739480972290039,2123000.0,7.27086067199707
2000-11-08,12.000094413757324,11.751326560974121,11.751326560974121,11.834249496459961,1497300.0,7.32955265045166
2000-11-09,11.905325889587402,11.609173774719238,11.881633758544922,11.739480972290039,1706700.0,7.27086067199707
2000-11-10,11.739480972290039,11.490713119506836,11.739480972290039,11.57363510131836,1375900.0,7.168142318725586
2000-11-13,11.585481643676758,11.360405921936035,11.585481643676758,11.585481643676758,1973200.0,7.175479412078857
2000-11-14,12.296247482299805,11.668403625488281,11.68025016784668,11.798710823059082,4221300.0,7.307544708251953
2000-11-15,12.189632415771484,11.798710823059082,11.846095085144043,12.071171760559082,2623700.0,7.476290702819824
2000-11-16,12.284400939941406,11.929018020629883,12.177785873413086,12.035633087158203,1145400.0,7.454282283782959
2000-11-17,12.308093070983887,12.023786544799805,12.130401611328125,12.106709480285645,1956800.0,7.4983038902282715
2000-11-20,12.260708808898926,11.952710151672363,12.106709480285645,12.047478675842285,2059200.0,7.4616193771362305
2000-11-21,12.201478004455566,11.976402282714844,11.976402282714844,12.142248153686523,1467200.0,7.520313262939453
2000-11-22,12.225170135498047,11.846095085144043,12.130401611328125,11.881633758544922,933300.0,7.358902454376221
2000-11-24,12.319939613342285,11.929018020629883,11.929018020629883,12.260708808898926,694300.0,7.593681812286377
2000-11-27,12.473938941955566,12.035633087158203,12.308093070983887,12.237016677856445,3952200.0,7.579007625579834
2000-11-28,12.296247482299805,11.952710151672363,12.248863220214844,12.047478675842285,1901400.0,7.4616193771362305
2000-11-29,12.367323875427246,11.929018020629883,12.000094413757324,12.319939613342285,1362200.0,7.630366802215576
2000-11-30,12.379169464111328,12.083017349243164,12.331785202026367,12.355477333068848,1625500.0,7.652378082275391
2000-12-01,12.758244514465332,12.248863220214844,12.402861595153809,12.367323875427246,3157600.0,7.659712791442871
2000-12-04,12.485784530639648,12.201478004455566,12.367323875427246,12.473938941955566,1938900.0,7.725747585296631
2000-12-05,12.983320236206055,12.651630401611328,12.758244514465332,12.947782516479492,2900700.0,8.019222259521484
2000-12-06,12.935935974121094,12.521323204040527,12.900398254394531,12.627938270568848,1761600.0,7.821125507354736
2000-12-07,12.864859580993652,12.568707466125488,12.66347599029541,12.841167449951172,1281500.0,7.953190326690674
2000-12-08,13.054397583007812,12.793783187866211,12.87670612335205,12.87670612335205,1630800.0,7.975202560424805
2000-12-11,13.232089042663574,12.77009105682373,12.841167449951172,12.995166778564453,1244600.0,8.048567771911621
2000-12-12,13.101781845092773,12.817475318908691,12.995166778564453,12.87670612335205,1404400.0,7.975202560424805
2000-12-13,12.85301399230957,12.319939613342285,12.793783187866211,12.331785202026367,2682300.0,7.637704849243164
2000-12-14,12.426554679870605,11.834249496459961,12.284400939941406,11.905325889587402,4275100.0,7.3735761642456055
2000-12-15,12.426554679870605,11.86978816986084,11.86978816986084,12.343631744384766,4635400.0,7.645041465759277
2000-12-18,12.545015335083008,12.142248153686523,12.296247482299805,12.308093070983887,2509700.0,7.623030185699463
2000-12-19,12.319939613342285,12.130401611328125,12.308093070983887,12.154093742370605,3272100.0,7.527650833129883
2000-12-20,12.154093742370605,11.692096710205078,12.154093742370605,11.834249496459961,5511300.0,7.32955265045166
2000-12-21,11.89348030090332,11.751326560974121,11.89348030090332,11.81055736541748,3306900.0,7.31488037109375
2000-12-22,11.988248825073242,11.786865234375,11.834249496459961,11.988248825073242,2886400.0,7.4249348640441895
2000-12-26,12.53316879272461,11.952710151672363,12.023786544799805,12.450246810913086,1798500.0,7.711073398590088
2000-12-27,12.924090385437012,12.521323204040527,12.55686092376709,12.888551712036133,2141500.0,7.995381832122803
2000-12-28,13.078089714050293,12.793783187866211,13.054397583007812,13.018858909606934,3170800.0,8.076216697692871
2000-12-29,13.208396911621094,12.947782516479492,13.030705451965332,12.959628105163574,1517900.0,8.039473533630371
2001-01-02,13.018858909606934,12.568707466125488,12.959628105163574,12.60424518585205,4349000.0,7.819011211395264
2001-01-03,12.924090385437012,12.118556022644043,12.61609172821045,12.82932186126709,3614500.0,7.958637714385986
2001-01-04,13.018858909606934,12.462092399597168,12.87670612335205,12.592399597167969,2768800.0,7.811665058135986
2001-01-05,12.568707466125488,12.189632415771484,12.568707466125488,12.248863220214844,1828600.0,7.598549842834473
2001-01-08,11.834249496459961,10.910253524780273,11.561789512634277,11.087944984436035,14914700.0,6.878381252288818
2001-01-09,11.6447114944458,11.277482986450195,11.372251510620117,11.478866577148438,8042700.0,7.120887756347656
2001-01-10,11.739480972290039,11.265636444091797,11.395943641662598,11.72763442993164,7420100.0,7.275208473205566
2001-01-11,12.083017349243164,11.692096710205078,11.846095085144043,12.035633087158203,3484200.0,7.466275215148926
2001-01-12,12.118556022644043,11.86978816986084,12.083017349243164,12.083017349243164,2382600.0,7.495670795440674
2001-01-16,12.047478675842285,11.739480972290039,12.035633087158203,12.047478675842285,3652000.0,7.4736223220825195
2001-01-17,11.846095085144043,11.502558708190918,11.70394229888916,11.751326560974121,6411900.0,7.289904594421387
2001-01-18,11.929018020629883,11.739480972290039,11.798710823059082,11.81055736541748,3179800.0,7.326651573181152
2001-01-19,11.857941627502441,11.59732723236084,11.857941627502441,11.668403625488281,4389600.0,7.238467693328857
2001-01-22,11.775018692016602,11.538097381591797,11.668403625488281,11.668403625488281,3741700.0,7.238467693328857
2001-01-23,11.905325889587402,11.609173774719238,11.715788841247559,11.89348030090332,7650700.0,7.37809419631958
2001-01-24,12.071171760559082,11.751326560974121,11.940864562988281,11.89348030090332,3557600.0,7.37809419631958
2001-01-25,11.988248825073242,11.822402954101562,11.846095085144043,11.952710151672363,4928300.0,7.414831161499023
2001-01-26,12.000094413757324,11.76317310333252,11.952710151672363,11.952710151672363,2032300.0,7.414831161499023
2001-01-29,12.029947280883789,11.861258506774902,11.904851913452148,11.931386947631836,1709400.0,7.401607036590576
2001-01-30,12.058377265930176,11.798710823059082,11.931386947631836,12.056482315063477,1455600.0,7.479207515716553
2001-01-31,12.312357902526855,12.009098052978516,12.009098052978516,12.221380233764648,3921100.0,7.581503868103027
2001-02-01,12.270659446716309,12.19674015045166,12.221380233764648,12.228960990905762,2429500.0,7.586208820343018
2001-02-02,12.291508674621582,12.168309211730957,12.240333557128906,12.270659446716309,4353200.0,7.612070560455322
2001-02-05,12.414708137512207,12.162623405456543,12.414708137512207,12.25170612335205,2285000.0,7.600315570831299
2001-02-06,12.405231475830078,12.25360107421875,12.319939613342285,12.348369598388672,2275000.0,7.660280227661133
2001-02-07,12.31046199798584,12.073540687561035,12.225170135498047,12.147459983825684,1203900.0,7.535645961761475
2001-02-08,12.31614875793457,12.158832550048828,12.158832550048828,12.280136108398438,1457700.0,7.617951393127441
2001-02-09,12.272555351257324,12.01288890838623,12.272555351257324,12.075435638427734,2849000.0,7.490967273712158
2001-02-12,12.225170135498047,12.045109748840332,12.058377265930176,12.206216812133789,2369400.0,7.572094440460205
2001-02-13,12.244124412536621,12.111448287963867,12.225170135498047,12.187263488769531,2154100.0,7.56033992767334
2001-02-14,12.319939613342285,12.158832550048828,12.187263488769531,12.304776191711426,2789900.0,7.633238315582275
2001-02-15,12.594768524169922,12.282032012939453,12.285822868347168,12.509476661682129,3647800.0,7.760221004486084
2001-02-16,12.600455284118652,11.997725486755371,12.50758171081543,12.147459983825684,1533700.0,7.535645961761475
2001-02-20,12.26118278503418,12.092494010925293,12.145565032958984,12.206216812133789,1900400.0,7.572094440460205
2001-02-21,12.300985336303711,12.092494010925293,12.19674015045166,12.168309211730957,3426200.0,7.548580169677734
2001-02-22,12.31804370880127,11.997725486755371,12.168309211730957,12.043214797973633,4286200.0,7.470978736877441
2001-02-23,12.083017349243164,11.77596664428711,12.043214797973633,11.882107734680176,3705300.0,7.371035099029541
2001-02-26,12.263077735900879,11.899166107177734,11.978772163391113,12.255496978759766,2310800.0,7.60266637802124
2001-02-27,12.357847213745117,12.098180770874023,12.257391929626465,12.151250839233398,2626300.0,7.537998199462891
2001-02-28,12.156936645507812,11.874526023864746,12.153146743774414,12.024260520935059,3356000.0,7.459221839904785
2001-03-01,12.20432186126709,12.024260520935059,12.024260520935059,12.073540687561035,6284200.0,7.489789009094238
2001-03-02,12.12661075592041,11.988248825073242,12.064064025878906,12.033738136291504,2494400.0,7.465097904205322
2001-03-05,12.19674015045166,12.033738136291504,12.033738136291504,12.139878273010254,2432200.0,7.530941963195801
2001-03-06,12.329416275024414,12.035633087158203,12.225170135498047,12.035633087158203,1919900.0,7.466275215148926
2001-03-07,12.177785873413086,12.058377265930176,12.083017349243164,12.1493558883667,3038900.0,7.536822319030762
2001-03-08,12.300985336303711,12.047005653381348,12.19674015045166,12.1815767288208,2322400.0,7.556811809539795
2001-03-09,12.1815767288208,11.6565580368042,12.1815767288208,11.713418960571289,3056900.0,7.2663893699646
2001-03-12,11.70394229888916,11.372251510620117,11.70394229888916,11.39310073852539,3942200.0,7.067680358886719
2001-03-13,11.419635772705078,11.116375923156738,11.40068244934082,11.159969329833984,4187000.0,6.923058032989502
2001-03-14,11.040560722351074,10.708869934082031,11.031084060668945,10.869976997375488,3737500.0,6.743162155151367
2001-03-15,10.993176460266113,10.869976997375488,10.869976997375488,10.964746475219727,3028900.0,6.801951885223389
2001-03-16,10.964746475219727,10.708869934082031,10.964746475219727,10.813116073608398,5041700.0,6.707887649536133
2001-03-19,10.945792198181152,10.807430267333984,10.813116073608398,10.945792198181152,3868800.0,6.790193557739258
2001-03-20,11.063305854797363,10.746777534484863,10.964746475219727,10.746777534484863,3962800.0,6.666737079620361
2001-03-21,10.80363941192627,10.405610084533691,10.746777534484863,10.462471961975098,6393400.0,6.490367412567139
2001-03-22,10.452994346618652,9.89575481414795,10.424564361572266,10.380970001220703,6313700.0,6.439808368682861
2001-03-23,10.517436981201172,10.293783187866211,10.36770248413086,10.483320236206055,2435900.0,6.503302097320557
2001-03-26,10.898407936096191,10.291888236999512,10.509856224060059,10.86050033569336,2723900.0,6.73728609085083
2001-03-27,10.869976997375488,10.746777534484863,10.80363941192627,10.85102367401123,2846900.0,6.731406211853027
2001-03-28,10.841547012329102,10.538286209106445,10.805534362792969,10.591357231140137,3438800.0,6.582455635070801
2001-03-29,10.61410140991211,10.386656761169434,10.551554679870605,10.413191795349121,2275000.0,6.471728801727295
2001-03-30,10.424564361572266,10.200909614562988,10.42266845703125,10.341167449951172,2196300.0,6.426962852478027
2001-04-02,10.61220645904541,10.223654747009277,10.386656761169434,10.235026359558105,3854100.0,6.36099910736084
2001-04-03,10.233131408691406,9.882486343383789,10.233131408691406,9.884382247924805,3768600.0,6.143075466156006
2001-04-04,10.25398063659668,9.903335571289062,9.903335571289062,10.216073036193848,3998600.0,6.349218368530273
2001-04-05,10.462471961975098,10.257771492004395,10.263457298278809,10.426459312438965,3177700.0,6.479971408843994
2001-04-06,10.426459312438965,10.199014663696289,10.424564361572266,10.278619766235352,3214100.0,6.388089656829834
2001-04-09,10.471948623657227,10.263457298278809,10.31084156036377,10.344958305358887,1527400.0,6.4293212890625
2001-04-10,10.55724048614502,10.329794883728027,10.392342567443848,10.460576057434082,3403000.0,6.501175880432129
2001-04-11,10.490901947021484,9.799090385437012,10.490901947021484,9.850265502929688,7154700.0,6.121870994567871
2001-04-12,10.329794883728027,9.763077735900879,9.86542797088623,10.236922264099121,6729500.0,6.362172603607178
2001-04-16,10.31084156036377,10.06444263458252,10.216073036193848,10.200909614562988,1607500.0,6.3397932052612305
2001-04-17,10.416982650756836,10.142152786254883,10.235026359558105,10.142152786254883,1816500.0,6.303275108337402
2001-04-18,11.192191123962402,10.11182689666748,10.142152786254883,11.173236846923828,6729500.0,6.944087028503418
2001-04-19,11.165656089782715,10.689916610717773,11.1637601852417,10.80363941192627,5482200.0,6.71438455581665
2001-04-20,10.830174446105957,10.629264831542969,10.775208473205566,10.688021659851074,1293600.0,6.642531871795654
2001-04-23,10.765731811523438,10.59704303741455,10.727824211120605,10.66148567199707,1739400.0,6.626036643981934
2001-04-24,10.689916610717773,10.536391258239746,10.566717147827148,10.55724048614502,1144800.0,6.561251163482666
2001-04-25,10.574298858642578,10.41508674621582,10.54776382446289,10.538286209106445,2019100.0,6.549471855163574
2001-04-26,10.652009010314941,10.483320236206055,10.55724048614502,10.576193809509277,2791500.0,6.573027610778809
2001-04-27,10.708869934082031,10.339272499084473,10.708869934082031,10.515542030334473,2448500.0,6.535335063934326
2001-04-30,10.678544044494629,10.197118759155273,10.197118759155273,10.615997314453125,5820400.0,6.597766876220703
2001-05-01,10.703184127807617,10.502274513244629,10.703184127807617,10.507960319519043,2598400.0,6.530624866485596
2001-05-02,10.443517684936523,10.333585739135742,10.41508674621582,10.42266845703125,3873100.0,6.477613925933838
2001-05-03,10.42266845703125,10.11182689666748,10.42266845703125,10.235026359558105,6043100.0,6.36099910736084
2001-05-04,10.68423080444336,10.140257835388184,10.235026359558105,10.500378608703613,22749500.0,6.525912284851074
2001-05-07,10.727824211120605,10.502274513244629,10.502274513244629,10.591357231140137,3719500.0,6.582455635070801
2001-05-08,11.08984088897705,10.805534362792969,10.85102367401123,10.960955619812012,7204900.0,6.8121562004089355
2001-05-09,11.031084060668945,10.877558708190918,10.926838874816895,10.898407936096191,3551200.0,6.773288249969482
2001-05-10,11.35329818725586,10.974223136901855,11.040560722351074,11.241470336914062,4280900.0,6.986494541168213
2001-05-11,11.379833221435547,11.129643440246582,11.372251510620117,11.135330200195312,3733200.0,6.920529365539551
2001-05-14,11.150492668151855,10.91736125946045,11.144806861877441,10.981804847717285,1951000.0,6.8251166343688965
2001-05-15,11.199772834777832,10.959059715270996,10.974223136901855,11.129643440246582,2596300.0,6.916995525360107
2001-05-16,11.559893608093262,11.068991661071777,11.068991661071777,11.523881912231445,3287400.0,7.162014484405518
2001-05-17,11.827141761779785,11.504927635192871,11.523881912231445,11.779757499694824,3437800.0,7.321036338806152
2001-05-18,11.808188438415527,11.686883926391602,11.751326560974121,11.777861595153809,1567400.0,7.319857120513916
2001-05-21,12.300985336303711,11.859363555908203,11.90295696258545,12.238438606262207,4103600.0,7.606107234954834
2001-05-22,12.357847213745117,12.206216812133789,12.234647750854492,12.221380233764648,3789700.0,7.5955023765563965
2001-05-23,12.242228507995605,12.054586410522461,12.187263488769531,12.103866577148438,2205800.0,7.522469520568848
2001-05-24,12.223275184631348,12.083017349243164,12.092494010925293,12.177785873413086,1904600.0,7.568408012390137
2001-05-25,12.287717819213867,12.170205116271973,12.225170135498047,12.285822868347168,2875900.0,7.63555383682251
2001-05-29,12.314252853393555,12.130401611328125,12.263077735900879,12.130401611328125,2015400.0,7.5389628410339355
2001-05-30,12.192949295043945,11.959817886352539,12.092494010925293,12.001516342163086,2318800.0,7.458860874176025
2001-05-31,11.978772163391113,11.836618423461914,11.954132080078125,11.937073707580566,3673600.0,7.418811321258545
2001-06-01,12.02236557006836,11.76080322265625,11.865049362182617,11.940864562988281,2892300.0,7.4211626052856445
2001-06-04,11.959817886352539,11.874526023864746,11.940864562988281,11.937073707580566,2315600.0,7.418811321258545
2001-06-05,12.293403625488281,12.0053071975708,12.016679763793945,12.25360107421875,2080800.0,7.615525722503662
2001-06-06,12.36542797088623,12.122819900512695,12.30856704711914,12.147459983825684,2075500.0,7.549561500549316
2001-06-07,12.412813186645508,12.147459983825684,12.147459983825684,12.31614875793457,1827000.0,7.654398441314697
2001-06-08,12.348369598388672,12.244124412536621,12.31614875793457,12.306672096252441,2337700.0,7.64851188659668
2001-06-11,12.369218826293945,12.092494010925293,12.338892936706543,12.111448287963867,2149900.0,7.527176380157471
2001-06-12,12.206216812133789,11.94275951385498,12.122819900512695,12.151250839233398,1046200.0,7.5519185066223145
2001-06-13,12.291508674621582,12.130401611328125,12.130401611328125,12.143669128417969,1382300.0,7.54720401763916
2001-06-14,12.111448287963867,11.628127098083496,12.111448287963867,11.630023002624512,4288300.0,7.2279791831970215
2001-06-15,11.817665100097656,11.601592063903809,11.618650436401367,11.793025016784668,3641400.0,7.329283237457275
2001-06-18,11.821455955505371,11.666034698486328,11.793025016784668,11.722896575927734,2410600.0,7.2856974601745605
2001-06-19,11.829036712646484,11.571266174316406,11.76080322265625,11.64708137512207,1416600.0,7.238578796386719
2001-06-20,11.789234161376953,11.561789512634277,11.64708137512207,11.601592063903809,2808900.0,7.210309982299805
2001-06-21,12.016679763793945,11.533358573913574,11.58263874053955,11.963608741760254,2774100.0,7.435299396514893
2001-06-22,12.035633087158203,11.618650436401367,12.010993003845215,11.901061058044434,4590100.0,7.396428108215332
2001-06-25,11.988248825073242,11.757013320922852,11.988248825073242,11.757013320922852,2762500.0,7.306900501251221
2001-06-26,12.409022331237793,11.739954948425293,11.75890827178955,12.355951309204102,6505800.0,7.679137706756592
2001-06-27,11.611068725585938,10.959059715270996,11.609173774719238,10.959059715270996,17507300.0,6.822022438049316
2001-06-28,11.087944984436035,10.74109172821045,11.087944984436035,10.746777534484863,6345400.0,6.689876556396484
2001-06-29,10.746777534484863,10.519332885742188,10.746777534484863,10.61410140991211,7710800.0,6.607283592224121
2001-07-02,10.888931274414062,10.576193809509277,10.642532348632812,10.80363941192627,6926800.0,6.725271701812744
2001-07-03,11.070886611938477,10.841547012329102,10.841547012329102,11.008339881896973,5563000.0,6.852696418762207
2001-07-05,11.220622062683105,10.955268859863281,11.008339881896973,11.02729320526123,5154100.0,6.864498615264893
2001-07-06,10.974223136901855,10.689916610717773,10.955268859863281,10.72592830657959,3118100.0,6.676896095275879
2001-07-09,10.85291862487793,10.629264831542969,10.72592830657959,10.763835906982422,2974600.0,6.700491905212402
2001-07-10,10.864291191101074,10.718347549438477,10.756255149841309,10.815011024475098,2718100.0,6.732351779937744
2001-07-11,10.869976997375488,10.36770248413086,10.775208473205566,10.411296844482422,4288800.0,6.481039524078369
2001-07-12,10.960955619812012,10.517436981201172,10.519332885742188,10.91736125946045,5622100.0,6.796064376831055
2001-07-13,11.070886611938477,10.712660789489746,10.898407936096191,10.894617080688477,1768500.0,6.781905174255371
2001-07-16,10.998863220214844,10.746777534484863,10.993176460266113,10.837756156921387,2999400.0,6.746509552001953
2001-07-17,10.91736125946045,10.652009010314941,10.835860252380371,10.680439949035645,3382900.0,6.648580074310303
2001-07-18,10.756255149841309,10.585671424865723,10.699393272399902,10.66148567199707,1959500.0,6.636781692504883
2001-07-19,10.86050033569336,10.61410140991211,10.708869934082031,10.816906929016113,1809100.0,6.733530521392822
2001-07-20,10.919257164001465,10.720242500305176,10.864291191101074,10.777103424072266,1594900.0,6.70875358581543
2001-07-23,10.813116073608398,10.471948623657227,10.765731811523438,10.509856224060059,1950500.0,6.5423903465271
2001-07-24,10.653904914855957,10.432145118713379,10.462471961975098,10.470052719116211,2629000.0,6.517611503601074
2001-07-25,10.600833892822266,10.42835521697998,10.517436981201172,10.53449535369873,2253900.0,6.557730197906494
2001-07-26,10.689916610717773,10.470052719116211,10.538286209106445,10.61410140991211,2272900.0,6.607283592224121
2001-07-27,10.744882583618164,10.595148086547852,10.652009010314941,10.66148567199707,3819200.0,6.636781692504883
2001-07-30,10.735405921936035,10.585671424865723,10.708869934082031,10.642532348632812,1791200.0,6.62498664855957
2001-07-31,10.782790184020996,10.591357231140137,10.60462474822998,10.72592830657959,2984100.0,6.676896095275879
2001-08-01,10.718347549438477,10.149734497070312,10.216073036193848,10.670963287353516,31521900.0,6.642682075500488
2001-08-02,10.898407936096191,10.689916610717773,10.689916610717773,10.85860538482666,21701700.0,6.759489059448242
2001-08-03,10.949583053588867,10.765731811523438,10.841547012329102,10.945792198181152,8843600.0,6.813761234283447
2001-08-06,10.974223136901855,10.822592735290527,10.953373908996582,10.919257164001465,12388500.0,6.797246932983398
2001-08-07,11.141016006469727,10.953373908996582,10.993176460266113,11.09742259979248,12717200.0,6.908152103424072
2001-08-08,11.108794212341309,10.888931274414062,11.09742259979248,10.945792198181152,33637100.0,6.813761234283447
2001-08-09,10.945792198181152,10.773313522338867,10.928733825683594,10.818801879882812,19390800.0,6.734710693359375
2001-08-10,10.928733825683594,10.72403335571289,10.866186141967773,10.91357135772705,10483400.0,6.793704509735107
2001-08-13,10.91736125946045,10.837756156921387,10.91357135772705,10.898407936096191,5389900.0,6.78426456451416
2001-08-14,10.955268859863281,10.841547012329102,10.85102367401123,10.945792198181152,5255400.0,6.813761234283447
2001-08-15,10.960955619812012,10.835860252380371,10.936315536499023,10.932524681091309,5461700.0,6.805503845214844
2001-08-16,10.974223136901855,10.869976997375488,10.934419631958008,10.955268859863281,5831500.0,6.819662570953369
2001-08-17,10.955268859863281,10.873767852783203,10.90788459777832,10.91546630859375,7400600.0,6.79488468170166
2001-08-20,10.90788459777832,10.807430267333984,10.904093742370605,10.894617080688477,4656500.0,6.781905174255371
2001-08-21,10.926838874816895,10.847232818603516,10.864291191101074,10.898407936096191,4336300.0,6.78426456451416
2001-08-22,11.008339881896973,10.85102367401123,10.91736125946045,10.911675453186035,5464800.0,6.792524337768555
2001-08-23,10.974223136901855,10.890826225280762,10.911675453186035,10.960955619812012,7121500.0,6.823200702667236
2001-08-24,11.084155082702637,10.943897247314453,10.951478004455566,10.991281509399414,3160300.0,6.842080116271973
2001-08-27,11.125852584838867,10.968536376953125,11.068991661071777,11.025398254394531,2969800.0,6.863319396972656
2001-08-28,11.110690116882324,10.966641426086426,11.110690116882324,10.993176460266113,3089600.0,6.843258380889893
2001-08-29,11.048142433166504,10.80363941192627,11.040560722351074,10.807430267333984,3395600.0,6.727631568908691
2001-08-30,10.8434419631958,10.576193809509277,10.818801879882812,10.610310554504395,3701100.0,6.604923725128174
2001-08-31,10.640636444091797,10.462471961975098,10.585671424865723,10.532600402832031,4491400.0,6.556549549102783
2001-09-04,10.784685134887695,10.426459312438965,10.443517684936523,10.615997314453125,3918400.0,6.608466625213623
2001-09-05,10.631159782409668,10.426459312438965,10.61410140991211,10.623578071594238,4259800.0,6.613184452056885
2001-09-06,10.631159782409668,10.36770248413086,10.631159782409668,10.388551712036133,3771200.0,6.466880798339844
2001-09-07,10.36770248413086,10.12130355834961,10.235026359558105,10.187642097473145,6384400.0,6.341811656951904
2001-09-10,10.236922264099121,10.00758171081543,10.187642097473145,10.145943641662598,4086200.0,6.315854072570801
2001-09-17,9.787717819213867,9.09211540222168,9.666414260864258,9.32335090637207,15624800.0,5.803790092468262
2001-09-18,9.310083389282227,9.14708137512207,9.230477333068848,9.205838203430176,11104300.0,5.730640411376953
2001-09-19,9.20394229888916,8.559514999389648,9.20394229888916,9.088324546813965,13938600.0,5.657491207122803
2001-09-20,9.088324546813965,8.582259178161621,9.088324546813965,8.629643440246582,15833200.0,5.371956825256348
2001-09-21,8.71683120727539,8.320697784423828,8.339651107788086,8.690295219421387,12895500.0,5.409715175628662
2001-09-24,9.25890827178955,8.813494682312012,8.813494682312012,9.183093070983887,10577800.0,5.716482162475586
2001-09-25,9.217209815979004,8.917740821838379,9.183093070983887,9.215314865112305,9277800.0,5.736537456512451
2001-09-26,9.190674781799316,8.557619094848633,9.097801208496094,8.671341896057129,12947800.0,5.409656524658203
2001-09-27,8.794541358947754,8.529189109802246,8.771797180175781,8.671341896057129,6151200.0,5.409656524658203
2001-09-28,8.942380905151367,8.661865234375,8.813494682312012,8.942380905151367,9690400.0,5.578747272491455
2001-10-01,8.90826416015625,8.637225151062012,8.90826416015625,8.813494682312012,5897500.0,5.4983415603637695
2001-10-02,9.059893608093262,8.71872615814209,8.71872615814209,9.031463623046875,4643400.0,5.634317398071289
2001-10-03,9.209628105163574,8.870356559753418,8.898786544799805,9.188779830932617,6976900.0,5.732463359832764
2001-10-04,9.382107734680176,9.042835235595703,9.192569732666016,9.281652450561523,5733400.0,5.790401935577393
2001-10-05,9.283548355102539,9.02198600769043,9.283548355102539,9.224791526794434,3832400.0,5.754929065704346
2001-10-08,9.313874244689941,9.02198600769043,9.097801208496094,9.21910572052002,5326600.0,5.751381874084473
2001-10-09,9.26838493347168,9.094010353088379,9.192569732666016,9.26080322265625,2845800.0,5.7773919105529785
2001-10-10,9.476876258850098,9.164139747619629,9.184988975524902,9.467399597167969,3976500.0,5.9062819480896
2001-10-11,9.994314193725586,9.486352920532227,9.565958976745605,9.994314193725586,9234500.0,6.234996318817139
2001-10-12,10.083396911621094,9.859742164611816,9.979150772094727,10.011372566223145,8876300.0,6.245641708374023
2001-10-15,10.261561393737793,9.903335571289062,9.963988304138184,10.261561393737793,9709400.0,6.401723861694336
2001-10-16,10.521227836608887,10.197118759155273,10.259666442871094,10.31084156036377,22088500.0,6.432467937469482
2001-10-17,10.526914596557617,10.263457298278809,10.272933959960938,10.513647079467773,11052600.0,6.558987140655518
2001-10-18,10.73919677734375,10.36770248413086,10.515542030334473,10.655799865722656,18438500.0,6.647672176361084
2001-10-19,10.832069396972656,10.615997314453125,10.655799865722656,10.801743507385254,12614900.0,6.7387189865112305
2001-10-22,11.087944984436035,10.708869934082031,10.801743507385254,10.73919677734375,8148200.0,6.699697494506836
2001-10-23,11.220622062683105,10.80363941192627,10.879453659057617,11.04245662689209,15501400.0,6.888888359069824
2001-10-24,11.1637601852417,10.879453659057617,11.055724143981934,10.905989646911621,9209200.0,6.803750991821289
2001-10-25,10.959059715270996,10.710765838623047,10.80363941192627,10.943897247314453,8782900.0,6.827401161193848
2001-10-26,11.334343910217285,10.909780502319336,10.93062973022461,11.268006324768066,9141100.0,7.029598236083984
2001-10-29,11.231993675231934,10.782790184020996,11.231993675231934,10.818801879882812,4608500.0,6.749359130859375
2001-10-30,10.822592735290527,10.464366912841797,10.716451644897461,10.528809547424316,5986600.0,6.568445205688477
2001-10-31,10.708869934082031,10.519332885742188,10.538286209106445,10.56482219696045,7145800.0,6.59091329574585
2001-11-01,10.68423080444336,10.48521614074707,10.591357231140137,10.646323204040527,5032200.0,6.641759872436523
2001-11-02,11.012130737304688,10.593252182006836,10.633055686950684,10.974223136901855,5490700.0,6.846319675445557
2001-11-05,11.10689926147461,10.771417617797852,10.989385604858398,10.957164764404297,6590700.0,6.835677623748779
2001-11-06,11.114480972290039,10.765731811523438,10.957164764404297,11.087944984436035,3655700.0,6.917263984680176
2001-11-07,11.078468322753906,10.955268859863281,11.021607398986816,10.9874906539917,3380800.0,6.8545966148376465
2001-11-08,11.084155082702637,10.90788459777832,10.991281509399414,10.991281509399414,8536000.0,6.85696268081665
2001-11-09,11.002653121948242,10.80363941192627,10.993176460266113,10.928733825683594,2707100.0,6.8179402351379395
2001-11-12,10.936315536499023,10.595148086547852,10.936315536499023,10.6690673828125,4397500.0,6.655947208404541
2001-11-13,10.868082046508789,10.756255149841309,10.756255149841309,10.8434419631958,7563100.0,6.764730930328369
2001-11-14,11.031084060668945,10.833965301513672,10.945792198181152,10.991281509399414,4310400.0,6.85696268081665
2001-11-15,11.262319564819336,10.976118087768555,11.002653121948242,11.199772834777832,5750300.0,6.987029552459717
2001-11-16,11.484078407287598,11.184609413146973,11.239575386047363,11.21114444732666,5238000.0,6.994124889373779
2001-11-19,11.525776863098145,11.279377937316895,11.279377937316895,11.398786544799805,4136300.0,7.111185073852539
2001-11-20,11.510614395141602,11.34571647644043,11.379833221435547,11.459439277648926,5459000.0,7.149025917053223
2001-11-21,11.434799194335938,11.084155082702637,11.412055015563965,11.220622062683105,5030100.0,7.000034809112549
2001-11-23,11.442380905151367,11.239575386047363,11.268006324768066,11.40257740020752,1234000.0,7.113550186157227
2001-11-26,11.504927635192871,11.296436309814453,11.41015911102295,11.489765167236328,3542300.0,7.167944431304932
2001-11-27,11.58642864227295,11.362774848937988,11.41015911102295,11.476497650146484,2067100.0,7.159669876098633
2001-11-28,11.713418960571289,11.419635772705078,11.448066711425781,11.597801208496094,4917700.0,7.235341548919678
2001-11-29,11.650872230529785,11.286959648132324,11.597801208496094,11.41015911102295,6092700.0,7.118279933929443
2001-11-30,11.368460655212402,11.048142433166504,11.368460655212402,11.116375923156738,8378800.0,6.935002326965332
2001-12-03,10.955268859863281,10.710765838623047,10.955268859863281,10.85291862487793,7764100.0,6.7706451416015625
2001-12-04,11.372251510620117,10.85291862487793,10.898407936096191,11.294541358947754,6179700.0,7.0461506843566895
2001-12-05,11.89348030090332,11.139120101928711,11.268006324768066,11.851781845092773,11217800.0,7.393786907196045
2001-12-06,12.1493558883667,11.808188438415527,11.851781845092773,11.889689445495605,8373000.0,7.417435646057129
2001-12-07,12.111448287963867,11.722896575927734,11.796815872192383,11.899166107177734,8958100.0,7.423350811004639
2001-12-10,12.073540687561035,11.834723472595215,11.901061058044434,11.855572700500488,4757800.0,7.396153450012207
2001-12-11,11.874526023864746,11.757013320922852,11.857467651367188,11.791130065917969,9485700.0,7.355949878692627
2001-12-12,11.658452987670898,11.40068244934082,11.6565580368042,11.44996166229248,9265700.0,7.143111228942871
2001-12-13,11.391205787658691,11.235784530639648,11.372251510620117,11.245261192321777,4860700.0,7.015407085418701
2001-12-14,10.995072364807129,10.633055686950684,10.993176460266113,10.652009010314941,20606400.0,6.645305156707764
2001-12-17,10.97232723236084,10.652009010314941,10.727824211120605,10.885140419006348,11067400.0,6.790746212005615
2001-12-18,11.315390586853027,10.828278541564941,10.828278541564941,11.279377937316895,5573500.0,7.0366926193237305
2001-12-19,11.429113388061523,11.114480972290039,11.231993675231934,11.328658103942871,6931000.0,7.067435264587402
2001-12-20,11.52009105682373,11.131539344787598,11.286959648132324,11.250947952270508,5025300.0,7.018958568572998
2001-12-21,11.40068244934082,11.180818557739258,11.249052047729492,11.298332214355469,4646500.0,7.048515319824219
2001-12-24,11.35329818725586,11.220622062683105,11.300227165222168,11.292646408081055,850400.0,7.04496955871582
2001-12-26,11.628127098083496,11.324867248535156,11.35329818725586,11.362774848937988,2461200.0,7.101298809051514
2001-12-27,11.64897632598877,11.40826416015625,11.47270679473877,11.503032684326172,2175200.0,7.188953399658203
2001-12-28,11.590219497680664,11.39310073852539,11.508718490600586,11.40068244934082,1738400.0,7.124985218048096
2001-12-31,11.667930603027344,11.387414932250977,11.40068244934082,11.431008338928223,2250700.0,7.1439409255981445
2002-01-02,11.478392601013184,11.300227165222168,11.372251510620117,11.429113388061523,4105200.0,7.142756938934326
2002-01-03,11.683093070983887,11.417740821838379,11.46323013305664,11.531463623046875,4342100.0,7.206721782684326
2002-01-04,12.001516342163086,11.63949966430664,11.63949966430664,11.993934631347656,6752700.0,7.4957451820373535
2002-01-07,11.974981307983398,11.808188438415527,11.974981307983398,11.808188438415527,2902800.0,7.379665374755859
2002-01-08,11.846095085144043,11.713418960571289,11.846095085144043,11.751326560974121,3750700.0,7.344125747680664
2002-01-09,11.842305183410645,11.739954948425293,11.783548355102539,11.787339210510254,3497400.0,7.366631984710693
2002-01-10,11.844200134277344,11.702047348022461,11.770280838012695,11.783548355102539,3557600.0,7.364264488220215
2002-01-11,12.177785873413086,11.808188438415527,11.868840217590332,12.07164478302002,5122400.0,7.544312477111816
2002-01-14,12.107657432556152,11.90295696258545,12.105761528015137,11.95223617553711,4426000.0,7.469686985015869
2002-01-15,11.95223617553711,11.311599731445312,11.95223617553711,11.355193138122559,14835000.0,7.096560478210449
2002-01-16,11.448066711425781,11.08984088897705,11.372251510620117,11.116375923156738,10127800.0,6.9473066329956055
2002-01-17,11.429113388061523,11.186505317687988,11.220622062683105,11.290750503540039,5982400.0,7.056283950805664
2002-01-18,11.46323013305664,11.127748489379883,11.239575386047363,11.44996166229248,3974400.0,7.155786514282227
2002-01-22,11.52198600769043,11.315390586853027,11.429113388061523,11.324867248535156,6451400.0,7.0776047706604
2002-01-23,11.324867248535156,11.152388572692871,11.324867248535156,11.296436309814453,5539800.0,7.059836387634277
2002-01-24,11.787339210510254,11.357089042663574,11.366565704345703,11.637604713439941,8425200.0,7.273055076599121
2002-01-25,11.785443305969238,11.485974311828613,11.64708137512207,11.751326560974121,5488600.0,7.344125747680664
2002-01-28,11.944655418395996,11.751326560974121,11.798710823059082,11.937073707580566,4018200.0,7.460209846496582
2002-01-29,12.1493558883667,11.64897632598877,11.982563018798828,11.667930603027344,7972500.0,7.2920050621032715
2002-01-30,11.846095085144043,11.3362398147583,11.667930603027344,11.829036712646484,7181600.0,7.392691135406494
2002-01-31,12.128506660461426,11.901061058044434,11.963608741760254,12.081122398376465,5496000.0,7.550235748291016
2002-02-01,12.083017349243164,11.806292533874512,11.978772163391113,11.819560050964355,3635100.0,7.386768817901611
2002-02-04,11.779757499694824,11.535253524780273,11.6565580368042,11.542835235595703,7620100.0,7.213825225830078
2002-02-05,11.631917953491211,11.40068244934082,11.542835235595703,11.448066711425781,5853100.0,7.154601573944092
2002-02-06,11.531463623046875,11.321076393127441,11.448066711425781,11.381728172302246,4930400.0,7.11314058303833
2002-02-07,11.413949966430664,11.239575386047363,11.383624076843262,11.396891593933105,5244300.0,7.122616767883301
2002-02-08,11.575057029724121,11.39310073852539,11.396891593933105,11.565580368041992,5196800.0,7.22804069519043
2002-02-11,12.1493558883667,11.666034698486328,11.666034698486328,12.147459983825684,5962400.0,7.59169340133667
2002-02-12,12.264973640441895,11.944655418395996,12.107657432556152,12.07164478302002,7970400.0,7.544312477111816
2002-02-13,12.494314193725586,12.321834564208984,12.357847213745117,12.446929931640625,8697400.0,7.778850555419922
2002-02-14,12.509476661682129,12.350265502929688,12.509476661682129,12.382486343383789,7930300.0,7.738576889038086
2002-02-15,12.769143104553223,12.227066040039062,12.490523338317871,12.528430938720703,5915400.0,7.829784870147705
2002-02-19,12.39575481414795,12.319939613342285,12.357847213745117,12.37300968170166,6702600.0,7.732656955718994
2002-02-20,12.462092399597168,12.225170135498047,12.367323875427246,12.433661460876465,5692800.0,7.770558834075928
2002-02-21,13.000378608703613,12.49241828918457,12.49241828918457,12.784306526184082,8942800.0,7.989696025848389
2002-02-22,13.229719161987305,12.587186813354492,12.642152786254883,13.172858238220215,10530800.0,8.232528686523438
2002-02-25,13.256255149841309,13.040182113647461,13.182334899902344,13.159590721130371,8777600.0,8.224233627319336
2002-02-26,13.038286209106445,12.769143104553223,13.030705451965332,12.860121726989746,7670700.0,8.037080764770508
2002-02-27,12.954890251159668,12.661107063293457,12.903715133666992,12.727444648742676,8855200.0,7.954161643981934
2002-02-28,12.983320236206055,12.717967987060547,12.80325984954834,12.742608070373535,6215600.0,7.9636383056640625
2002-03-01,12.899924278259277,12.62130355834961,12.74639892578125,12.894238471984863,6476800.0,8.058399200439453
2002-03-04,13.731993675231934,13.038286209106445,13.062926292419434,13.608794212341309,9275700.0,8.504972457885742
2002-03-05,13.576573371887207,13.263835906982422,13.570886611938477,13.263835906982422,13183600.0,8.289385795593262
2002-03-06,13.447688102722168,12.888551712036133,12.888551712036133,13.347232818603516,14077900.0,8.341508865356445
2002-03-07,13.447688102722168,13.267626762390137,13.3434419631958,13.428733825683594,22121700.0,8.392441749572754
2002-03-08,13.623957633972168,13.457164764404297,13.476118087768555,13.59173583984375,10612100.0,8.494311332702637
2002-03-11,13.78885555267334,13.532979965209961,13.570886611938477,13.752842903137207,8555500.0,8.59499454498291
2002-03-12,13.828658103942871,13.55003833770752,13.580364227294922,13.78885555267334,7454900.0,8.617501258850098
2002-03-13,13.769901275634766,13.627748489379883,13.760424613952637,13.705458641052246,5964500.0,8.565382957458496
2002-03-14,13.682714462280273,13.605003356933594,13.610690116882324,13.627748489379883,5838400.0,8.516818046569824
2002-03-15,13.730098724365234,13.521607398986816,13.532979965209961,13.677027702331543,7764600.0,8.547614097595215
2002-03-18,13.866565704345703,13.713040351867676,13.713040351867676,13.85329818725586,4299400.0,8.657776832580566
2002-03-19,14.073161125183105,13.864669799804688,13.864669799804688,14.052311897277832,5979800.0,8.782153129577637
2002-03-20,14.052311897277832,13.72630786895752,14.052311897277832,13.805913925170898,4333100.0,8.628165245056152
2002-03-21,13.758529663085938,13.390826225280762,13.665656089782715,13.551933288574219,8809800.0,8.469435691833496
2002-03-22,13.601213455200195,13.405989646911621,13.54245662689209,13.548142433166504,4408600.0,8.46706771850586
2002-03-25,13.64670181274414,13.316906929016113,13.548142433166504,13.322592735290527,4003900.0,8.326107025146484
2002-03-26,13.491281509399414,13.254359245300293,13.294161796569824,13.491281509399414,5488000.0,8.444204330444336
2002-03-27,13.453373908996582,13.311220169067383,13.381349563598633,13.438210487365723,5406800.0,8.410991668701172
2002-03-28,13.58984088897705,13.421152114868164,13.485594749450684,13.460955619812012,4699300.0,8.425226211547852
2002-04-01,13.580364227294922,13.301743507385254,13.476118087768555,13.546247482299805,2674400.0,8.478611946105957
2002-04-02,13.485594749450684,13.315011024475098,13.485594749450684,13.356709480285645,3557000.0,8.359980583190918
2002-04-03,13.35860538482666,12.998483657836914,13.35860538482666,13.10651969909668,6576000.0,8.203384399414062
2002-04-04,13.35291862487793,13.10462474822998,13.10462474822998,13.347232818603516,3883100.0,8.354046821594238
2002-04-05,13.548142433166504,13.419257164001465,13.459059715270996,13.453373908996582,4139500.0,8.420479774475098
2002-04-08,13.457164764404297,13.286581039428711,13.388931274414062,13.41357135772705,3055300.0,8.395566940307617
2002-04-09,13.59173583984375,13.43062973022461,13.466641426086426,13.548142433166504,6341700.0,8.479795455932617
2002-04-10,13.96512508392334,13.620166778564453,13.644806861877441,13.883624076843262,5902200.0,8.689774513244629
2002-04-11,13.978392601013184,13.623957633972168,13.883624076843262,13.648597717285156,5085000.0,8.542671203613281
2002-04-12,13.78885555267334,13.608794212341309,13.694086074829102,13.786959648132324,4027100.0,8.62927532196045
2002-04-15,14.0125093460083,13.817285537719727,13.817285537719727,13.912055015563965,5478000.0,8.70756721496582
2002-04-16,14.302501678466797,13.997346878051758,13.997346878051758,14.277861595153809,6205600.0,8.936528205871582
2002-04-17,14.300606727600098,14.023881912231445,14.291130065917969,14.035253524780273,4268800.0,8.784679412841797
2002-04-18,14.025776863098145,13.78127384185791,14.025776863098145,13.862774848937988,6515300.0,8.676725387573242
2002-04-19,14.186883926391602,13.955648422241211,13.997346878051758,14.143290519714355,4465600.0,8.852299690246582
2002-04-22,14.169825553894043,13.912055015563965,14.116755485534668,13.915844917297363,6131200.0,8.709939956665039
2002-04-23,13.90826416015625,13.768006324768066,13.89310073852539,13.768006324768066,3675200.0,8.617408752441406
2002-04-24,13.89310073852539,13.667551040649414,13.779377937316895,13.66944694519043,2583600.0,8.55572509765625
2002-04-25,13.906368255615234,13.502653121948242,13.64670181274414,13.78127384185791,4619600.0,8.625711441040039
2002-04-26,13.906368255615234,13.686505317687988,13.760424613952637,13.754738807678223,3493200.0,8.60910415649414
2002-04-29,13.735784530639648,13.381349563598633,13.735784530639648,13.41357135772705,4138400.0,8.395566940307617
2002-04-30,13.659969329833984,13.428733825683594,13.428733825683594,13.567096710205078,4648600.0,8.491659164428711
2002-05-01,13.639120101928711,13.35860538482666,13.54245662689209,13.570886611938477,5480100.0,8.49403190612793
2002-05-02,13.713040351867676,13.532979965209961,13.570886611938477,13.627748489379883,3038400.0,8.529623031616211
2002-05-03,13.750947952270508,13.532979965209961,13.532979965209961,13.686505317687988,4819600.0,8.566396713256836
2002-05-06,13.722517013549805,13.261940956115723,13.722517013549805,13.28847599029541,4669200.0,8.31727123260498
2002-05-07,13.381349563598633,13.153904914855957,13.28847599029541,13.216451644897461,5229500.0,8.272188186645508
2002-05-08,13.78316879272461,13.457164764404297,13.457164764404297,13.722517013549805,4049800.0,8.588937759399414
2002-05-09,13.722517013549805,13.366186141967773,13.722517013549805,13.375663757324219,4566900.0,8.371842384338379
2002-05-10,13.47043228149414,13.191811561584473,13.409780502319336,13.246777534484863,3731100.0,8.291173934936523
2002-05-13,13.218347549438477,13.079984664916992,13.083775520324707,13.150114059448242,5210000.0,8.230669975280762
2002-05-14,13.521607398986816,13.356709480285645,13.398407936096191,13.496967315673828,4582700.0,8.447765350341797
2002-05-15,13.703563690185547,13.402198791503906,13.466641426086426,13.595526695251465,3137600.0,8.509454727172852
2002-05-16,13.798332214355469,13.593631744384766,13.694086074829102,13.641016006469727,3121800.0,8.537924766540527
2002-05-17,13.737680435180664,13.658074378967285,13.684609413146973,13.699772834777832,3212500.0,8.574702262878418
2002-05-20,13.750947952270508,13.419257164001465,13.750947952270508,13.43062973022461,3070100.0,8.406242370605469
2002-05-21,13.531084060668945,13.102729797363281,13.47801399230957,13.125473976135254,3000900.0,8.215248107910156
2002-05-22,13.229719161987305,13.038286209106445,13.134950637817383,13.174753189086914,3687300.0,8.24609375
2002-05-23,13.561409950256348,13.144427299499512,13.267626762390137,13.438210487365723,4545800.0,8.410991668701172
2002-05-24,13.532979965209961,13.273313522338867,13.438210487365723,13.532979965209961,2631600.0,8.470304489135742
2002-05-28,13.515921592712402,13.152009010314941,13.514025688171387,13.186125755310059,3082700.0,8.253210067749023
2002-05-29,13.248673439025879,12.989006996154785,13.212660789489746,13.055344581604004,3850400.0,8.171356201171875
2002-05-30,13.040182113647461,12.757771492004395,13.038286209106445,12.862016677856445,5485900.0,8.050349235534668
2002-05-31,13.258150100708008,12.964366912841797,12.964366912841797,13.195602416992188,5317100.0,8.25914192199707
2002-06-03,13.23919677734375,12.962471961975098,13.197498321533203,12.971948623657227,2702300.0,8.11915397644043
2002-06-04,13.074298858642578,12.869598388671875,12.971948623657227,12.958681106567383,4785300.0,8.110856056213379
2002-06-05,13.174753189086914,12.882865905761719,12.911296844482422,13.11220645904541,2687500.0,8.206944465637207
2002-06-06,13.153904914855957,12.896133422851562,13.11220645904541,13.021227836608887,2977700.0,8.149999618530273
2002-06-07,13.18423080444336,12.831690788269043,13.021227836608887,13.18423080444336,5344000.0,8.25202465057373
2002-06-10,12.934041023254395,12.541698455810547,12.74639892578125,12.596664428710938,16575000.0,7.88426399230957
2002-06-11,12.723654747009277,12.469674110412598,12.642152786254883,12.488627433776855,7718700.0,7.81664514541626
2002-06-12,12.536011695861816,12.037528038024902,12.39575481414795,12.215693473815918,13292800.0,7.645816326141357
2002-06-13,12.25360107421875,11.95223617553711,12.215693473815918,11.956027030944824,11261000.0,7.483292102813721
2002-06-14,11.912433624267578,11.614859580993652,11.912433624267578,11.8309326171875,11816600.0,7.404992580413818
2002-06-17,12.354056358337402,11.866944313049316,11.866944313049316,12.32373046875,7302500.0,7.713437080383301
2002-06-18,12.661107063293457,12.272555351257324,12.300985336303711,12.600455284118652,6190800.0,7.886636257171631
2002-06-19,12.782410621643066,12.32373046875,12.418498992919922,12.335102081298828,6859800.0,7.720552921295166
2002-06-20,12.431766510009766,12.105761528015137,12.338892936706543,12.111448287963867,4106300.0,7.580568790435791
2002-06-21,12.225170135498047,11.95034122467041,11.95034122467041,12.225170135498047,6486800.0,7.6517462730407715
2002-06-24,12.223275184631348,11.849885940551758,12.13229751586914,12.177785873413086,6347500.0,7.622091293334961
2002-06-25,12.462092399597168,12.07164478302002,12.367323875427246,12.098180770874023,7227000.0,7.572263717651367
2002-06-26,12.06974983215332,11.751326560974121,11.798710823059082,12.01478385925293,6791200.0,7.5325188636779785
2002-06-27,12.414708137512207,12.111448287963867,12.177785873413086,12.357847213745117,5588800.0,7.747596263885498
2002-06-28,12.642152786254883,12.384382247924805,12.424184799194336,12.575815200805664,4350500.0,7.884248733520508
2002-07-01,12.577710151672363,12.151250839233398,12.575815200805664,12.172100067138672,4362100.0,7.6311469078063965
2002-07-02,12.282032012939453,11.884002685546875,12.124715805053711,12.120924949645996,4700300.0,7.599061489105225
2002-07-03,12.244124412536621,11.713418960571289,12.101971626281738,11.825246810913086,9501500.0,7.413689613342285
2002-07-05,12.367323875427246,11.969294548034668,11.969294548034668,12.361638069152832,2314000.0,7.749975204467773
2002-07-08,12.471569061279297,12.083017349243164,12.39575481414795,12.139878273010254,3443100.0,7.610943794250488
2002-07-09,12.244124412536621,11.857467651367188,12.08491325378418,11.937073707580566,4034000.0,7.4837965965271
2002-07-10,12.031842231750488,11.715314865112305,12.016679763793945,11.717209815979004,6618700.0,7.3459577560424805
2002-07-11,11.732373237609863,11.41015911102295,11.707733154296875,11.675511360168457,5778800.0,7.319815635681152
2002-07-12,11.986352920532227,11.504927635192871,11.707733154296875,11.844200134277344,5418400.0,7.425572395324707
2002-07-15,11.751326560974121,11.21114444732666,11.751326560974121,11.751326560974121,7564700.0,7.367348670959473
2002-07-16,11.705838203430176,11.429113388061523,11.70394229888916,11.546626091003418,7638500.0,7.239009857177734
2002-07-17,11.844200134277344,11.459439277648926,11.751326560974121,11.514405250549316,10310800.0,7.218814373016357
2002-07-18,11.749431610107422,11.391205787658691,11.609173774719238,11.413949966430664,6885100.0,7.155832290649414
2002-07-19,11.413949966430664,11.012130737304688,11.315390586853027,11.032979965209961,8579800.0,6.91698694229126
2002-07-22,11.087944984436035,10.623578071594238,11.032979965209961,10.638741493225098,9005600.0,6.669826030731201
2002-07-23,10.879453659057617,10.490901947021484,10.686125755310059,10.500378608703613,4547300.0,6.583078384399414
2002-07-24,11.275588035583496,10.25398063659668,10.41508674621582,11.258529663085938,10026500.0,7.0583930015563965
2002-07-25,11.362774848937988,10.881349563598633,11.258529663085938,11.230098724365234,8886300.0,7.040568828582764
2002-07-26,11.305913925170898,10.996967315673828,11.230098724365234,11.173236846923828,4502500.0,7.00492000579834
2002-07-29,11.90295696258545,11.256633758544922,11.275588035583496,11.857467651367188,6296300.0,7.433891296386719
2002-07-30,12.083017349243164,11.717209815979004,11.857467651367188,11.846095085144043,5330300.0,7.426762580871582
2002-07-31,11.846095085144043,11.605382919311523,11.846095085144043,11.76080322265625,4114200.0,7.373287200927734
2002-08-01,11.840409278869629,11.355193138122559,11.762699127197266,11.394996643066406,4779000.0,7.143949508666992
2002-08-02,11.425322532653809,11.076573371887207,11.40068244934082,11.175132751464844,3435700.0,7.006110668182373
2002-08-05,11.192191123962402,10.536391258239746,11.192191123962402,10.538286209106445,9069900.0,6.606846809387207
2002-08-06,10.976118087768555,10.652009010314941,10.652009010314941,10.873767852783203,7629000.0,6.817171096801758
2002-08-07,11.182714462280273,10.746777534484863,11.068991661071777,11.159969329833984,4310400.0,6.996604919433594
2002-08-08,11.448066711425781,11.059514999389648,11.159969329833984,11.423426628112793,3393500.0,7.161774635314941
2002-08-09,11.561789512634277,11.101213455200195,11.423426628112793,11.514405250549316,3339700.0,7.218814373016357
2002-08-12,11.514405250549316,11.182714462280273,11.504927635192871,11.504927635192871,2478600.0,7.2128705978393555
2002-08-13,11.561789512634277,11.328658103942871,11.503032684326172,11.328658103942871,3749100.0,7.102358818054199
2002-08-14,11.59211540222168,11.012130737304688,11.328658103942871,11.573161125183105,5833100.0,7.255649566650391
2002-08-15,11.666034698486328,11.396891593933105,11.590219497680664,11.525776863098145,3684200.0,7.225942134857178
2002-08-16,11.747535705566406,11.432903289794922,11.495450973510742,11.679302215576172,2807300.0,7.322188854217529
2002-08-19,12.1493558883667,11.628127098083496,11.64708137512207,12.035633087158203,5719100.0,7.545589923858643
2002-08-20,12.083017349243164,11.76838493347168,12.0072021484375,11.878316879272461,7301400.0,7.446961879730225
2002-08-21,12.02236557006836,11.827141761779785,11.959817886352539,11.944655418395996,5749700.0,7.488553524017334
2002-08-22,12.107657432556152,11.821455955505371,12.026156425476074,12.026156425476074,5589300.0,7.539645671844482
2002-08-23,12.026156425476074,11.637604713439941,12.026156425476074,11.671721458435059,2323000.0,7.317440032958984
2002-08-26,11.825246810913086,11.578847885131836,11.779757499694824,11.762699127197266,1796400.0,7.374476909637451
2002-08-27,11.969294548034668,11.662243843078613,11.933282852172852,11.702047348022461,2645900.0,7.336452960968018
2002-08-28,11.690674781799316,11.436694145202637,11.664139747619629,11.52009105682373,1835500.0,7.222378253936768
2002-08-29,11.476497650146484,11.279377937316895,11.476497650146484,11.313494682312012,2682800.0,7.09285306930542
2002-08-30,11.540940284729004,11.28127384185791,11.313494682312012,11.40068244934082,2383600.0,7.147515296936035
2002-09-03,11.35329818725586,10.947688102722168,11.35329818725586,10.964746475219727,4400100.0,6.874207973480225
2002-09-04,11.120166778564453,10.837756156921387,10.964746475219727,11.10689926147461,5712800.0,6.963329792022705
2002-09-05,11.195981979370117,10.955268859863281,11.014025688171387,11.131539344787598,3293800.0,6.978779315948486
2002-09-06,11.326763153076172,11.068991661071777,11.239575386047363,11.237680435180664,3605600.0,7.045321941375732
2002-09-09,11.277482986450195,11.03676986694336,11.125852584838867,11.201667785644531,3735900.0,7.022745132446289
2002-09-10,11.362774848937988,11.201667785644531,11.21114444732666,11.315390586853027,4858600.0,7.094043254852295
2002-09-11,11.561789512634277,11.35329818725586,11.561789512634277,11.40257740020752,3827200.0,7.148702144622803
2002-09-12,11.381728172302246,11.070886611938477,11.381728172302246,11.105003356933594,3328100.0,6.962142467498779
2002-09-13,10.942001342773438,10.682334899902344,10.898407936096191,10.689916610717773,7398500.0,6.701907634735107
2002-09-16,10.689916610717773,10.452994346618652,10.689916610717773,10.538286209106445,7095600.0,6.606846809387207
2002-09-17,10.727824211120605,10.30136489868164,10.708869934082031,10.327899932861328,5124500.0,6.474947929382324
2002-09-18,10.263457298278809,9.969674110412598,10.18195629119873,10.090977668762207,12173800.0,6.326412200927734
2002-09-19,10.405610084533691,10.045489311218262,10.045489311218262,10.221758842468262,9351700.0,6.408402919769287
2002-09-20,10.462471961975098,10.235026359558105,10.272933959960938,10.452994346618652,7811100.0,6.553378582000732
2002-09-23,10.519332885742188,10.257771492004395,10.452994346618652,10.3506441116333,6213000.0,6.489208221435547
2002-09-24,10.443517684936523,10.1743745803833,10.235026359558105,10.333585739135742,8312800.0,6.47851037979126
2002-09-25,10.6671724319458,10.335481643676758,10.500378608703613,10.642532348632812,5617800.0,6.688381195068359
2002-09-26,11.068991661071777,10.66148567199707,10.737300872802734,10.976118087768555,6294700.0,6.898029327392578
2002-09-27,11.087944984436035,10.813116073608398,10.976118087768555,10.832069396972656,6847700.0,6.807499408721924
2002-09-30,10.841547012329102,10.490901947021484,10.756255149841309,10.775208473205566,8227300.0,6.771765232086182
2002-10-01,11.467020034790039,10.8434419631958,10.898407936096191,11.45754337310791,7342000.0,7.200584888458252
2002-10-02,11.523881912231445,11.180818557739258,11.35329818725586,11.201667785644531,10625800.0,7.0397748947143555
2002-10-03,11.565580368041992,10.995072364807129,11.324867248535156,11.012130737304688,7747200.0,6.920660018920898
2002-10-04,11.173236846923828,10.716451644897461,11.173236846923828,10.790371894836426,5440000.0,6.781294822692871
2002-10-07,10.945792198181152,10.653904914855957,10.792266845703125,10.807430267333984,5120300.0,6.792013168334961
2002-10-08,11.110690116882324,10.648218154907227,10.898407936096191,10.995072364807129,9251400.0,6.909941673278809
2002-10-09,11.010234832763672,10.61978816986084,10.784685134887695,10.629264831542969,6163400.0,6.680047035217285
2002-10-10,10.90788459777832,10.471948623657227,10.652009010314941,10.765731811523438,8911600.0,6.765808582305908
2002-10-11,11.205458641052246,10.934419631958008,11.087944984436035,11.02729320526123,9762700.0,6.930187702178955
2002-10-14,11.051933288574219,10.041698455810547,10.934419631958008,10.229340553283691,28927700.0,6.428709506988525
2002-10-15,10.80363941192627,10.519332885742188,10.689916610717773,10.61410140991211,22673000.0,6.670516490936279
2002-10-16,10.686125755310059,10.511751174926758,10.519332885742188,10.566717147827148,15166300.0,6.640738010406494
2002-10-17,10.936315536499023,10.489006996154785,10.80363941192627,10.568613052368164,8129200.0,6.6419291496276855
2002-10-18,11.040560722351074,10.471948623657227,10.566717147827148,10.943897247314453,5821500.0,6.877779006958008
2002-10-21,11.514405250549316,10.782790184020996,10.869976997375488,11.497346878051758,7299300.0,7.225595951080322
2002-10-22,11.391205787658691,11.137225151062012,11.275588035583496,11.188400268554688,5650500.0,7.031435966491699
2002-10-23,11.184609413146973,10.820697784423828,11.031084060668945,11.180818557739258,11515300.0,7.026669979095459
2002-10-24,11.364669799804688,10.801743507385254,11.315390586853027,10.85291862487793,6233500.0,6.820601463317871
2002-10-25,11.144806861877441,10.775208473205566,10.868082046508789,11.10689926147461,6146000.0,6.98021936416626
2002-10-28,11.230098724365234,10.86050033569336,11.15428352355957,10.93062973022461,6007700.0,6.869441032409668
2002-10-29,10.989385604858398,10.678544044494629,10.86050033569336,10.966641426086426,5590900.0,6.892073154449463
2002-10-30,11.161865234375,10.86050033569336,10.966641426086426,11.087944984436035,3657800.0,6.9683074951171875
2002-10-31,11.241470336914062,10.871872901916504,11.087944984436035,10.964746475219727,4216000.0,6.890880107879639
2002-11-01,11.040560722351074,10.67664909362793,10.936315536499023,10.97043228149414,8292200.0,6.894454002380371
2002-11-04,11.135330200195312,10.936315536499023,11.053828239440918,10.962850570678711,5975000.0,6.8896894454956055
2002-11-05,11.012130737304688,10.688021659851074,11.002653121948242,10.888931274414062,5807200.0,6.843234539031982
2002-11-06,11.03487491607666,10.708869934082031,10.964746475219727,10.993176460266113,9818600.0,6.908749580383301
2002-11-07,10.936315536499023,10.775208473205566,10.898407936096191,10.864291191101074,5991900.0,6.827749729156494
2002-11-08,10.936315536499023,10.735405921936035,10.898407936096191,10.765731811523438,5818300.0,6.765808582305908
2002-11-11,10.765731811523438,10.498483657836914,10.765731811523438,10.519332885742188,5787700.0,6.610955715179443
2002-11-12,10.784685134887695,10.513647079467773,10.598938941955566,10.699393272399902,6477300.0,6.724118232727051
2002-11-13,11.021607398986816,10.60462474822998,10.68423080444336,10.833965301513672,4802700.0,6.808688640594482
2002-11-14,11.286959648132324,10.983699798583984,11.021607398986816,11.286959648132324,4426500.0,7.093376636505127
2002-11-15,11.372251510620117,11.15428352355957,11.21683120727539,11.3362398147583,3834000.0,7.124350070953369
2002-11-18,11.419635772705078,11.192191123962402,11.372251510620117,11.341925621032715,5276500.0,7.127922534942627
2002-11-19,11.453752517700195,11.220622062683105,11.341925621032715,11.324867248535156,3856200.0,7.1172027587890625
2002-11-20,11.514405250549316,11.059514999389648,11.286959648132324,11.482183456420898,6224000.0,7.216067790985107
2002-11-21,12.064064025878906,11.525776863098145,11.533358573913574,12.052691459655762,7036600.0,7.574608325958252
2002-11-22,12.033738136291504,11.846095085144043,11.846095085144043,11.891584396362305,6905700.0,7.473358154296875
2002-11-25,12.096284866333008,11.865049362182617,11.925701141357422,11.980667114257812,4556300.0,7.529345512390137
2002-11-26,11.95034122467041,11.523881912231445,11.846095085144043,11.573161125183105,5159400.0,7.2732462882995605
2002-11-27,12.035633087158203,11.630023002624512,11.70394229888916,11.944655418395996,4255000.0,7.5067138671875
2002-11-29,11.988248825073242,11.836618423461914,11.95034122467041,11.910538673400879,1890300.0,7.48527193069458
2002-12-02,12.223275184631348,11.817665100097656,12.130401611328125,11.976876258850098,5357700.0,7.5269598960876465
2002-12-03,11.846095085144043,11.561789512634277,11.846095085144043,11.612964630126953,3389300.0,7.298257827758789
2002-12-04,11.840409278869629,11.429113388061523,11.467020034790039,11.76080322265625,4229200.0,7.39116907119751
2002-12-05,11.817665100097656,11.484078407287598,11.76080322265625,11.575057029724121,3133900.0,7.274437427520752
2002-12-06,11.751326560974121,11.41015911102295,11.41015911102295,11.677407264709473,2303500.0,7.338757514953613
2002-12-09,11.683093070983887,11.442380905151367,11.677407264709473,11.533358573913574,3046300.0,7.248230457305908
2002-12-10,11.751326560974121,11.571266174316406,11.628127098083496,11.702047348022461,4594300.0,7.354245662689209
2002-12-11,11.794919967651367,11.552311897277832,11.694465637207031,11.715314865112305,3408800.0,7.362584114074707
2002-12-12,11.779757499694824,11.548521995544434,11.76080322265625,11.6546630859375,2489700.0,7.324464797973633
2002-12-13,11.70394229888916,11.39310073852539,11.64708137512207,11.434799194335938,5899600.0,7.186290740966797
2002-12-16,11.736164093017578,11.523881912231445,11.546626091003418,11.736164093017578,5095000.0,7.37568473815918
2002-12-17,11.874526023864746,11.70394229888916,11.793025016784668,11.853676795959473,5122900.0,7.449532985687256
2002-12-18,11.89348030090332,11.620546340942383,11.827141761779785,11.698256492614746,5182000.0,7.351859092712402
2002-12-19,11.884002685546875,11.6546630859375,11.694465637207031,11.829036712646484,7570000.0,7.4340500831604
2002-12-20,12.367323875427246,11.918119430541992,11.940864562988281,12.338892936706543,11880400.0,7.75447416305542
2002-12-23,12.575815200805664,12.338892936706543,12.338892936706543,12.560651779174805,7131500.0,7.89384126663208
2002-12-24,12.585291862487793,12.452615737915039,12.462092399597168,12.518953323364258,2116700.0,7.883323669433594
2002-12-26,12.735026359558105,12.518953323364258,12.518953323364258,12.651630401611328,4126800.0,7.966874122619629
2002-12-27,12.625094413757324,12.24601936340332,12.623199462890625,12.312357902526855,4187500.0,7.753231048583984
2002-12-30,12.414708137512207,12.225170135498047,12.314252853393555,12.386277198791504,4514100.0,7.799779891967773
2002-12-31,12.494314193725586,12.291508674621582,12.414708137512207,12.452615737915039,5814100.0,7.841552734375
2003-01-02,12.793783187866211,12.446929931640625,12.482941627502441,12.793783187866211,5311800.0,8.056388854980469
2003-01-03,12.882865905761719,12.708491325378418,12.8506441116333,12.772933959960938,6104800.0,8.043258666992188
2003-01-06,12.973843574523926,12.75398063659668,12.755875587463379,12.884760856628418,4689300.0,8.113676071166992
2003-01-07,12.886656761169434,12.553070068359375,12.886656761169434,12.579606056213379,7845900.0,7.921518802642822
2003-01-08,12.518953323364258,12.331311225891113,12.518953323364258,12.407126426696777,3616600.0,7.8129048347473145
2003-01-09,12.699014663696289,12.416603088378906,12.416603088378906,12.642152786254883,3323800.0,7.960903644561768
2003-01-10,12.566338539123535,12.319939613342285,12.348369598388672,12.390068054199219,6190300.0,7.802169322967529
2003-01-13,12.577710151672363,12.331311225891113,12.5,12.338892936706543,4323100.0,7.7699384689331055
2003-01-14,12.460197448730469,12.244124412536621,12.336997985839844,12.407126426696777,4026600.0,7.8129048347473145
2003-01-15,12.386277198791504,12.247915267944336,12.348369598388672,12.259286880493164,4468200.0,7.7198100090026855
2003-01-16,12.528430938720703,12.304776191711426,12.338892936706543,12.39575481414795,4805900.0,7.805746078491211
2003-01-17,12.348369598388672,12.01288890838623,12.338892936706543,12.107657432556152,5359800.0,7.624325752258301
2003-01-21,12.158832550048828,11.921910285949707,12.109552383422852,11.931386947631836,5267500.0,7.513327598571777
2003-01-22,12.0072021484375,11.722896575927734,11.925701141357422,11.745640754699707,5147200.0,7.396363258361816
2003-01-23,12.058377265930176,11.751326560974121,11.796815872192383,12.029947280883789,3725300.0,7.575392723083496
2003-01-24,11.986352920532227,11.675511360168457,11.982563018798828,11.726686477661133,2813100.0,7.384426593780518
2003-01-27,11.789234161376953,11.482183456420898,11.637604713439941,11.557998657226562,4537800.0,7.278200626373291
2003-01-28,11.70394229888916,11.491660118103027,11.628127098083496,11.58453369140625,5058100.0,7.294907569885254
2003-01-29,11.825246810913086,11.286959648132324,11.514405250549316,11.690674781799316,8508000.0,7.36175012588501
2003-01-30,11.798710823059082,11.45754337310791,11.690674781799316,11.45754337310791,6159200.0,7.214945316314697
2003-01-31,11.827141761779785,11.334343910217285,11.459439277648926,11.63949966430664,8131800.0,7.329524040222168
2003-02-03,11.817665100097656,11.58642864227295,11.64897632598877,11.757013320922852,6992800.0,7.4035234451293945
2003-02-04,11.791130065917969,11.650872230529785,11.732373237609863,11.77407169342041,5469600.0,7.4142656326293945
2003-02-05,12.147459983825684,11.77407169342041,11.77407169342041,11.988248825073242,6988000.0,7.549134254455566
2003-02-06,12.033738136291504,11.71152400970459,11.95034122467041,11.722896575927734,4721400.0,7.382040023803711
2003-02-07,11.846095085144043,11.616755485534668,11.846095085144043,11.637604713439941,3292200.0,7.3283305168151855
2003-02-10,11.855572700500488,11.580742835998535,11.694465637207031,11.770280838012695,4297800.0,7.411880970001221
2003-02-11,11.921910285949707,11.772175788879395,11.836618423461914,11.819560050964355,6113800.0,7.442907333374023
2003-02-12,11.931386947631836,11.624336242675781,11.819560050964355,11.635708808898926,4379000.0,7.327136993408203
2003-02-13,11.6565580368042,11.438590049743652,11.64708137512207,11.588324546813965,3583900.0,7.297298431396484
2003-02-14,11.971190452575684,11.637604713439941,11.637604713439941,11.94275951385498,3894200.0,7.5204901695251465
2003-02-18,12.177785873413086,11.971190452575684,11.971190452575684,12.054586410522461,4709300.0,7.590908050537109
2003-02-19,12.101971626281738,11.874526023864746,12.045109748840332,11.959817886352539,3116000.0,7.531231880187988
2003-02-20,12.003411293029785,11.770280838012695,11.978772163391113,11.789234161376953,2993000.0,7.423814296722412
2003-02-21,12.088703155517578,11.789234161376953,11.868840217590332,12.088703155517578,4636500.0,7.612391948699951
2003-02-24,12.092494010925293,11.925701141357422,12.092494010925293,12.020469665527344,4623300.0,7.569424629211426
2003-02-25,12.194844245910645,11.829036712646484,11.978772163391113,12.19105339050293,7250800.0,7.676840782165527
2003-02-26,12.215693473815918,12.075435638427734,12.168309211730957,12.092494010925293,5005300.0,7.614779949188232
2003-02-27,12.270659446716309,12.058377265930176,12.111448287963867,12.206216812133789,5799900.0,7.6863884925842285
2003-02-28,12.414708137512207,12.242228507995605,12.300985336303711,12.32373046875,5388300.0,7.760392665863037
2003-03-03,12.50758171081543,12.348369598388672,12.355951309204102,12.422289848327637,6022000.0,7.822456359863281
2003-03-04,12.407126426696777,12.050796508789062,12.405231475830078,12.083017349243164,6261500.0,7.608808994293213
2003-03-05,12.139878273010254,11.959817886352539,12.083017349243164,12.06974983215332,4851800.0,7.600456237792969
2003-03-06,12.100075721740723,11.855572700500488,12.06974983215332,11.978772163391113,4758400.0,7.543168544769287
2003-03-07,12.185367584228516,11.827141761779785,11.931386947631836,12.179681777954102,4497200.0,7.669681072235107
2003-03-10,12.092494010925293,11.912433624267578,12.092494010925293,11.980667114257812,4868600.0,7.544361591339111
2003-03-11,12.065958976745605,11.836618423461914,11.940864562988281,11.988248825073242,8660000.0,7.549134254455566
2003-03-12,12.016679763793945,11.755117416381836,11.974981307983398,11.912433624267578,7893900.0,7.501394271850586
2003-03-13,12.187263488769531,11.963608741760254,12.187263488769531,12.177785873413086,7706600.0,7.6684889793396
2003-03-14,12.272555351257324,12.054586410522461,12.177785873413086,12.119029998779297,6679400.0,7.631490707397461
2003-03-17,12.708491325378418,12.035633087158203,12.119029998779297,12.706596374511719,8517000.0,8.001485824584961
2003-03-18,12.780515670776367,12.547384262084961,12.708491325378418,12.771039009094238,6252000.0,8.04206657409668
2003-03-19,12.831690788269043,12.596664428710938,12.699014663696289,12.812736511230469,5844200.0,8.068323135375977
2003-03-20,12.833585739135742,12.456406593322754,12.812736511230469,12.735026359558105,8051700.0,8.019384384155273
2003-03-21,12.983320236206055,12.68953800201416,12.886656761169434,12.981425285339355,7265500.0,8.174551010131836
2003-03-24,12.824109077453613,12.575815200805664,12.822214126586914,12.623199462890625,5876400.0,7.948970317840576
2003-03-25,12.831690788269043,12.520849227905273,12.661107063293457,12.820318222045898,5386200.0,8.073094367980957
2003-03-26,12.826004981994629,12.547384262084961,12.814632415771484,12.68195629119873,4443400.0,8.001572608947754
2003-03-27,12.613722801208496,12.39575481414795,12.566338539123535,12.405231475830078,8112900.0,7.8269782066345215
2003-03-28,12.44503402709961,12.25170612335205,12.405231475830078,12.367323875427246,6666700.0,7.803060054779053
2003-03-31,12.50758171081543,12.200531005859375,12.25360107421875,12.463988304138184,6180300.0,7.864049434661865
2003-04-01,12.680060386657715,12.43745231628418,12.5,12.659211158752441,5324000.0,7.987224102020264
2003-04-02,13.133055686950684,12.877180099487305,12.880970001220703,13.053449630737305,7754100.0,8.23596477508545
2003-04-03,13.252464294433594,12.932145118713379,13.252464294433594,12.958681106567383,5607300.0,8.17617130279541
2003-04-04,13.078089714050293,12.786201477050781,13.068613052368164,12.880970001220703,4020300.0,8.1271390914917
2003-04-07,13.328278541564941,13.04207706451416,13.163381576538086,13.06482219696045,4515200.0,8.243138313293457
2003-04-08,12.841167449951172,12.50758171081543,12.841167449951172,12.522744178771973,11628800.0,7.901118755340576
2003-04-09,12.623199462890625,12.331311225891113,12.522744178771973,12.331311225891113,9058800.0,7.780336856842041
2003-04-10,12.577710151672363,12.319939613342285,12.336997985839844,12.513267517089844,4691900.0,7.895141124725342
2003-04-11,12.699014663696289,12.414708137512207,12.589082717895508,12.448824882507324,6033100.0,7.8544816970825195
2003-04-14,12.736922264099121,12.448824882507324,12.509476661682129,12.685747146606445,5184700.0,8.003963470458984
2003-04-15,12.879075050354004,12.615617752075195,12.685747146606445,12.80325984954834,6477300.0,8.078108787536621
2003-04-16,12.903715133666992,12.566338539123535,12.879075050354004,12.615617752075195,5041200.0,7.959718704223633
2003-04-17,13.214556694030762,12.575815200805664,12.617513656616211,13.188021659851074,9159100.0,8.320871353149414
2003-04-21,13.172858238220215,13.036391258239746,13.144427299499512,13.091357231140137,3519600.0,8.259878158569336
2003-04-22,13.468536376953125,13.013647079467773,13.04965877532959,13.36050033569336,16618300.0,8.429696083068848
2003-04-23,13.362395286560059,13.148218154907227,13.36050033569336,13.182334899902344,6344300.0,8.317283630371094
2003-04-24,13.125473976135254,12.888551712036133,13.125473976135254,13.004169464111328,7328800.0,8.204870223999023
2003-04-25,13.004169464111328,12.706596374511719,13.004169464111328,12.73123550415039,5062300.0,8.032666206359863
2003-04-28,13.028809547424316,12.793783187866211,12.80325984954834,12.952994346618652,4303100.0,8.17258071899414
2003-04-29,13.153904914855957,12.92266845703125,12.973843574523926,13.087566375732422,4135800.0,8.257489204406738
2003-04-30,13.163381576538086,12.916982650756836,13.002274513244629,13.074298858642578,4246600.0,8.249115943908691
2003-05-01,13.115997314453125,12.879075050354004,13.074298858642578,13.030705451965332,3745400.0,8.221612930297852
2003-05-02,13.220242500305176,12.979530334472656,13.030705451965332,13.1690673828125,5688000.0,8.308910369873047
2003-05-05,13.362395286560059,13.098938941955566,13.362395286560059,13.144427299499512,4057200.0,8.293365478515625
2003-05-06,13.347232818603516,13.10651969909668,13.10651969909668,13.315011024475098,4571100.0,8.400993347167969
2003-05-07,13.315011024475098,13.068613052368164,13.315011024475098,13.153904914855957,4835400.0,8.299348831176758
2003-05-08,13.095148086547852,12.890447616577148,13.068613052368164,12.945413589477539,4164800.0,8.167801856994629
2003-05-09,13.189916610717773,12.898028373718262,12.954890251159668,13.189916610717773,4443900.0,8.322066307067871
2003-05-12,13.614480972290039,13.078089714050293,13.189916610717773,13.59173583984375,7812100.0,8.575589179992676
2003-05-13,13.572782516479492,13.301743507385254,13.572782516479492,13.326383590698242,3971700.0,8.408169746398926
2003-05-14,13.41736125946045,13.174753189086914,13.40030288696289,13.261940956115723,3523800.0,8.367510795593262
2003-05-15,13.375663757324219,13.206974983215332,13.337756156921387,13.330174446105957,3780700.0,8.410561561584473
2003-05-16,13.330174446105957,13.078089714050293,13.330174446105957,13.218347549438477,5290200.0,8.340005874633789
2003-05-19,13.227824211120605,12.954890251159668,13.218347549438477,12.962471961975098,2888600.0,8.178564071655273
2003-05-20,13.178544044494629,12.791888236999512,12.888551712036133,12.87338924407959,6893000.0,8.122354507446289
2003-05-21,12.888551712036133,12.664897918701172,12.888551712036133,12.744503021240234,5228500.0,8.041037559509277
2003-05-22,12.774829864501953,12.628885269165039,12.74639892578125,12.668688774108887,5716000.0,7.993202209472656
2003-05-23,12.765352249145508,12.573919296264648,12.765352249145508,12.575815200805664,7219600.0,7.934603214263916
2003-05-27,12.594768524169922,12.145565032958984,12.1493558883667,12.594768524169922,20349500.0,7.946563243865967
2003-05-28,12.727444648742676,12.465883255004883,12.670583724975586,12.471569061279297,8954400.0,7.868829250335693
2003-05-29,12.509476661682129,12.234647750854492,12.490523338317871,12.319939613342285,11257400.0,7.773162364959717
2003-05-30,12.699014663696289,12.39575481414795,12.39575481414795,12.68385124206543,7143100.0,8.002771377563477
2003-06-02,13.074298858642578,12.74639892578125,12.74639892578125,12.898028373718262,6960000.0,8.137904167175293
2003-06-03,13.134950637817383,12.918877601623535,12.945413589477539,13.04776382446289,5031100.0,8.232378005981445
2003-06-04,13.362395286560059,12.998483657836914,13.04776382446289,13.144427299499512,6093200.0,8.293365478515625
2003-06-05,13.341547012329102,13.006065368652344,13.146323204040527,13.324488639831543,7074500.0,8.406974792480469
2003-06-06,13.694086074829102,13.007960319519043,13.40030288696289,13.059135437011719,9566900.0,8.239548683166504
2003-06-09,13.330174446105957,13.002274513244629,13.05724048614502,13.148218154907227,7012300.0,8.295756340026855
2003-06-10,13.212660789489746,12.905610084533691,13.172858238220215,13.019332885742188,5232200.0,8.214436531066895
2003-06-11,13.203184127807617,12.805155754089355,13.002274513244629,13.153904914855957,6156500.0,8.299348831176758
2003-06-12,13.261940956115723,12.966261863708496,13.201289176940918,13.070508003234863,4507800.0,8.246726989746094
2003-06-13,13.131159782409668,12.854434967041016,13.070508003234863,12.92835521697998,5778200.0,8.157036781311035
2003-06-16,13.315011024475098,13.000378608703613,13.04965877532959,13.315011024475098,4874400.0,8.400993347167969
2003-06-17,13.381349563598633,13.1671724319458,13.3434419631958,13.191811561584473,6400800.0,8.323263168334961
2003-06-18,13.324488639831543,13.062926292419434,13.206974983215332,13.199393272399902,4694500.0,8.328044891357422
2003-06-19,13.447688102722168,13.153904914855957,13.210765838623047,13.178544044494629,7466000.0,8.314892768859863
2003-06-20,13.364291191101074,13.174753189086914,13.273313522338867,13.335860252380371,7109400.0,8.414149284362793
2003-06-23,13.337756156921387,13.05724048614502,13.337756156921387,13.172858238220215,5824700.0,8.311304092407227
2003-06-24,13.254359245300293,13.030705451965332,13.220242500305176,13.172858238220215,4512500.0,8.311304092407227
2003-06-25,13.186125755310059,12.93783187866211,13.1671724319458,12.958681106567383,4988400.0,8.191718101501465
2003-06-26,13.218347549438477,12.93783187866211,12.964366912841797,13.140636444091797,4971500.0,8.30673885345459
2003-06-27,13.172858238220215,12.871493339538574,13.153904914855957,12.954890251159668,4632800.0,8.189322471618652
2003-06-30,13.021227836608887,12.774829864501953,12.964366912841797,12.898028373718262,5850500.0,8.153377532958984
2003-07-01,12.898028373718262,12.598559379577637,12.898028373718262,12.757771492004395,7649100.0,8.064714431762695
2003-07-02,12.9927978515625,12.757771492004395,12.757771492004395,12.9927978515625,6030400.0,8.213285446166992
2003-07-03,13.011751174926758,12.797574043273926,12.916982650756836,12.890447616577148,2090800.0,8.148587226867676
2003-07-07,13.258150100708008,13.059135437011719,13.059135437011719,13.142532348632812,3588200.0,8.307939529418945
2003-07-08,13.165276527404785,12.916982650756836,13.095148086547852,13.030705451965332,5501200.0,8.237249374389648
2003-07-09,13.038286209106445,12.85822582244873,12.964366912841797,12.899924278259277,4513000.0,8.15457534790039
2003-07-10,12.860121726989746,12.640257835388184,12.860121726989746,12.73881721496582,5000000.0,8.052733421325684
2003-07-11,12.841167449951172,12.640257835388184,12.757771492004395,12.699014663696289,5241700.0,8.027570724487305
2003-07-14,12.964366912841797,12.651630401611328,12.791888236999512,12.680060386657715,4554200.0,8.015591621398926
2003-07-15,12.755875587463379,12.505685806274414,12.736922264099121,12.532221794128418,4858600.0,7.922133445739746
2003-07-16,12.640257835388184,12.38059139251709,12.579606056213379,12.549280166625977,5236400.0,7.932919502258301
2003-07-17,12.856330871582031,12.509476661682129,12.537907600402832,12.835481643676758,7771500.0,8.113838195800781
2003-07-18,13.201289176940918,12.907505989074707,12.935935974121094,13.193707466125488,9543700.0,8.340288162231445
2003-07-21,13.206974983215332,12.949203491210938,13.193707466125488,12.983320236206055,5091300.0,8.207293510437012
2003-07-22,13.248673439025879,13.017436981201172,13.030705451965332,13.153904914855957,5676900.0,8.315125465393066
2003-07-23,13.275208473205566,13.004169464111328,13.153904914855957,13.22592830657959,3477400.0,8.360655784606934
2003-07-24,13.443897247314453,13.222138404846191,13.248673439025879,13.229719161987305,6609200.0,8.363051414489746
2003-07-25,13.445792198181152,13.172858238220215,13.220242500305176,13.443897247314453,4269300.0,8.498441696166992
2003-07-28,13.608794212341309,13.3453369140625,13.443897247314453,13.59742259979248,6675700.0,8.595492362976074
2003-07-29,13.682714462280273,13.428733825683594,13.59931755065918,13.515921592712402,5395700.0,8.543973922729492
2003-07-30,13.576573371887207,13.381349563598633,13.515921592712402,13.485594749450684,4810600.0,8.52480411529541
2003-07-31,13.855193138122559,13.510234832763672,13.514025688171387,13.684609413146973,6657200.0,8.650606155395508
2003-08-01,13.78885555267334,13.485594749450684,13.686505317687988,13.692191123962402,4403300.0,8.655397415161133
2003-08-04,13.915844917297363,13.532979965209961,13.692191123962402,13.847611427307129,4847000.0,8.753645896911621
2003-08-05,13.834343910217285,13.586050033569336,13.800227165222168,13.60689926147461,5787200.0,8.601479530334473
2003-08-06,13.747157096862793,13.392722129821777,13.627748489379883,13.618271827697754,4889700.0,8.608670234680176
2003-08-07,13.731993675231934,13.493176460266113,13.603108406066895,13.705458641052246,4108900.0,8.663785934448242
2003-08-08,13.768006324768066,13.637225151062012,13.731993675231934,13.750947952270508,3605600.0,8.692541122436523
2003-08-11,13.8362398147583,13.64670181274414,13.752842903137207,13.764215469360352,3249400.0,8.700926780700684
2003-08-12,13.923426628112793,13.680818557739258,13.764215469360352,13.919635772705078,3619300.0,8.799175262451172
2003-08-13,14.150872230529785,13.968915939331055,14.016300201416016,14.107277870178223,6167600.0,8.917795181274414
2003-08-14,14.637983322143555,14.13949966430664,14.14897632598877,14.39348030090332,8172500.0,9.098714828491211
2003-08-15,14.44275951385498,14.232373237609863,14.414328575134277,14.349885940551758,2745600.0,9.071154594421387
2003-08-18,14.575435638427734,14.391584396362305,14.404851913452148,14.518574714660645,4767300.0,9.177789688110352
2003-08-19,14.556482315063477,14.408642768859863,14.448445320129395,14.495830535888672,4132600.0,9.163411140441895
2003-08-20,14.528051376342773,14.404851913452148,14.495830535888672,14.448445320129395,4361600.0,9.133460998535156
2003-08-21,14.69863510131836,14.420015335083008,14.499621391296387,14.51478385925293,15822700.0,9.17539119720459
2003-08-22,14.651250839233398,14.44275951385498,14.575435638427734,14.446550369262695,3771800.0,9.132261276245117
2003-08-25,14.423806190490723,14.26080322265625,14.423806190490723,14.27407169342041,4137900.0,9.02323055267334
2003-08-26,14.349885940551758,14.177407264709473,14.27407169342041,14.336618423461914,4332100.0,9.062768936157227
2003-08-27,14.444655418395996,14.272175788879395,14.347990989685059,14.404851913452148,1982100.0,9.105903625488281
2003-08-28,14.51288890838623,14.215314865112305,14.38589859008789,14.484457969665527,3387700.0,9.156225204467773
2003-08-29,14.679681777954102,14.488248825073242,14.499621391296387,14.64177417755127,2757200.0,9.255669593811035
2003-09-02,14.744124412536621,14.603866577148438,14.68915843963623,14.660727500915527,4019200.0,9.267653465270996
2003-09-03,14.706216812133789,14.596284866333008,14.655041694641113,14.622819900512695,4055600.0,9.243687629699707
2003-09-04,14.901440620422363,14.622819900512695,14.622819900512695,14.876800537109375,5287600.0,9.404241561889648
2003-09-05,14.656936645507812,14.423806190490723,14.622819900512695,14.509098052978516,6955300.0,9.171802520751953
2003-09-08,14.763077735900879,14.547005653381348,14.556482315063477,14.70432186126709,3493200.0,9.295207977294922
2003-09-09,14.658832550048828,14.38589859008789,14.656936645507812,14.38589859008789,3790200.0,9.093921661376953
2003-09-10,14.368840217590332,14.088324546813965,14.366944313049316,14.105382919311523,7461800.0,8.916596412658691
2003-09-11,14.45034122467041,14.152767181396484,14.152767181396484,14.384002685546875,5712300.0,9.092721939086914
2003-09-12,14.431386947631836,14.177407264709473,14.294919967651367,14.39348030090332,4098900.0,9.098714828491211
2003-09-15,14.3328275680542,14.111068725585938,14.319560050964355,14.190674781799316,4386900.0,8.970513343811035
2003-09-16,14.493934631347656,14.21910572052002,14.21910572052002,14.461713790893555,4733600.0,9.141850471496582
2003-09-17,14.490143775939941,14.181198120117188,14.456027030944824,14.200151443481445,4337900.0,8.97650146484375
2003-09-18,14.389689445495605,14.124336242675781,14.215314865112305,14.368840217590332,3423000.0,9.083139419555664
2003-09-19,14.384002685546875,14.222896575927734,14.370735168457031,14.384002685546875,3430900.0,9.092721939086914
2003-09-22,14.300606727600098,14.120546340942383,14.217209815979004,14.232373237609863,4030300.0,8.996870994567871
2003-09-23,14.423806190490723,14.158452987670898,14.232373237609863,14.357467651367188,3251000.0,9.075948715209961
2003-09-24,14.38589859008789,13.955648422241211,14.38589859008789,13.955648422241211,4435000.0,8.837328910827637
2003-09-25,13.984078407287598,13.804018020629883,13.968915939331055,13.84571647644043,5030100.0,8.767716407775879
2003-09-26,14.179302215576172,13.811599731445312,13.84571647644043,14.088324546813965,5590400.0,8.921347618103027
2003-09-29,14.184988975524902,13.991660118103027,14.120546340942383,14.122441291809082,3496900.0,8.942950248718262
2003-09-30,14.181198120117188,13.904473304748535,14.124336242675781,13.999241828918457,3192500.0,8.864933013916016
2003-10-01,14.294919967651367,13.978392601013184,13.987869262695312,14.294919967651367,3174500.0,9.052169799804688
2003-10-02,14.480667114257812,14.215314865112305,14.253222465515137,14.416224479675293,3034700.0,9.128984451293945
2003-10-03,14.874905586242676,14.537528038024902,14.556482315063477,14.664518356323242,6354400.0,9.286216735839844
2003-10-06,14.973464965820312,14.68915843963623,14.68915843963623,14.901440620422363,3272700.0,9.436248779296875
2003-10-07,14.916603088378906,14.738438606262207,14.869218826293945,14.916603088378906,3628800.0,9.445850372314453
2003-10-08,14.910917282104492,14.603866577148438,14.87869644165039,14.668309211730957,3805500.0,9.288618087768555
2003-10-09,14.88059139251709,14.664518356323242,14.783926963806152,14.75360107421875,3865700.0,9.342629432678223
2003-10-10,14.831311225891113,14.69863510131836,14.75360107421875,14.793403625488281,2300300.0,9.367833137512207
2003-10-13,14.979150772094727,14.840788841247559,14.840788841247559,14.973464965820312,2170000.0,9.481852531433105
2003-10-14,15.037907600402832,14.88817310333252,15.011372566223145,14.971569061279297,3099100.0,9.480653762817383
2003-10-15,15.293783187866211,15.0018949508667,15.0018949508667,15.217967987060547,4567900.0,9.636687278747559
2003-10-16,15.227444648742676,14.973464965820312,15.219863891601562,15.227444648742676,6067900.0,9.642684936523438
2003-10-17,15.54207706451416,15.29567813873291,15.54207706451416,15.386656761169434,8081700.0,9.743505477905273
2003-10-20,15.466261863708496,15.214177131652832,15.396133422851562,15.380970001220703,4925100.0,9.73990535736084
2003-10-21,15.515542030334473,15.35822582244873,15.390447616577148,15.458681106567383,2574100.0,9.789113998413086
2003-10-22,15.458681106567383,15.225549697875977,15.458681106567383,15.333585739135742,2950300.0,9.709898948669434
2003-10-23,15.288097381591797,15.022744178771973,15.286201477050781,15.178165435791016,4482400.0,9.611482620239258
2003-10-24,15.13457202911377,14.98483657836914,15.13457202911377,15.07202434539795,6515800.0,9.544265747070312
2003-10-27,15.24829387664795,15.159211158752441,15.18195629119873,15.24829387664795,3787600.0,9.655888557434082
2003-10-28,15.579984664916992,15.299468994140625,15.418877601623535,15.536391258239746,5841000.0,9.838326454162598
2003-10-29,15.8453369140625,15.54776382446289,15.56482219696045,15.686125755310059,4299400.0,9.933144569396973
2003-10-30,15.769522666931152,15.576193809509277,15.750568389892578,15.727824211120605,4360600.0,9.95954704284668
2003-10-31,15.78847599029541,15.587566375732422,15.727824211120605,15.703184127807617,2223300.0,9.943944931030273
2003-11-03,15.991281509399414,15.769522666931152,15.864291191101074,15.85291862487793,3135500.0,10.038763999938965
2003-11-04,15.835860252380371,15.6671724319458,15.750568389892578,15.794161796569824,4823800.0,10.001554489135742
2003-11-05,15.974223136901855,15.78089427947998,15.807430267333984,15.968536376953125,3916300.0,10.111978530883789
2003-11-06,16.1656551361084,15.996967315673828,16.072782516479492,16.148597717285156,2612100.0,10.226003646850586
2003-11-07,15.959059715270996,15.786581039428711,15.921152114868164,15.8434419631958,6763300.0,10.032766342163086
2003-11-10,15.890826225280762,15.68423080444336,15.890826225280762,15.767626762390137,3780700.0,9.984752655029297
2003-11-11,15.981804847717285,15.712660789489746,15.767626762390137,15.864291191101074,5426300.0,10.045966148376465
2003-11-12,16.046247482299805,15.854814529418945,15.864291191101074,16.046247482299805,2584100.0,10.161187171936035
2003-11-13,16.015920639038086,15.79605770111084,16.015920639038086,15.864291191101074,4229700.0,10.045966148376465
2003-11-14,15.97232723236084,15.54207706451416,15.866186141967773,15.555344581604004,4294100.0,9.85032844543457
2003-11-17,15.555344581604004,15.212282180786133,15.555344581604004,15.398028373718262,5719700.0,9.750709533691406
2003-11-18,15.545867919921875,15.259666442871094,15.418877601623535,15.286201477050781,2959300.0,9.679896354675293
2003-11-19,15.371493339538574,15.164897918701172,15.286201477050781,15.244503021240234,4285600.0,9.65349006652832
2003-11-20,15.452994346618652,15.11940860748291,15.244503021240234,15.265352249145508,3469400.0,9.666693687438965
2003-11-21,15.55724048614502,15.337376594543457,15.362016677856445,15.532600402832031,4403300.0,9.835925102233887
2003-11-24,15.688021659851074,15.506065368652344,15.579984664916992,15.555344581604004,3250500.0,9.85032844543457
2003-11-25,15.784685134887695,15.489006996154785,15.589461326599121,15.678544044494629,2668600.0,9.9283447265625
2003-11-26,15.72592830657959,15.517436981201172,15.72592830657959,15.665276527404785,2029600.0,9.919940948486328
2003-11-28,15.792266845703125,15.648218154907227,15.665276527404785,15.769522666931152,938000.0,9.98595142364502
2003-12-01,15.959059715270996,15.73351001739502,15.807430267333984,15.947688102722168,2820500.0,10.098777770996094
2003-12-02,15.951478004455566,15.693707466125488,15.902198791503906,15.729719161987305,3087500.0,9.960749626159668
2003-12-03,16.0216064453125,15.775208473205566,15.775208473205566,15.822592735290527,3367600.0,10.01955795288086
2003-12-04,15.962850570678711,15.761940956115723,15.80363941192627,15.951478004455566,2627900.0,10.101174354553223
2003-12-05,16.02539825439453,15.815011024475098,15.953373908996582,15.888931274414062,3180300.0,10.06157112121582
2003-12-08,16.06899070739746,15.85291862487793,15.911675453186035,16.065200805664062,3439400.0,10.173188209533691
2003-12-09,16.226306915283203,15.877558708190918,16.082260131835938,15.892722129821777,5314500.0,10.06396770477295
2003-12-10,15.883244514465332,15.608415603637695,15.8453369140625,15.674753189086914,4685600.0,9.925944328308105
2003-12-11,16.256633758544922,15.665276527404785,15.674753189086914,16.211145401000977,7078800.0,10.265606880187988
2003-12-12,16.7987117767334,16.300228118896484,16.366565704345703,16.72858238220215,9599100.0,10.593271255493164
2003-12-15,17.016679763793945,16.810083389282227,16.865049362182617,16.868839263916016,6103200.0,10.682093620300293
2003-12-16,17.07733154296875,16.813873291015625,16.87073516845703,16.973085403442383,5790400.0,10.748102188110352
2003-12-17,17.041318893432617,16.811979293823242,16.982563018798828,16.997726440429688,6494200.0,10.76370620727539
2003-12-18,17.33131217956543,17.020469665527344,17.02994728088379,17.33131217956543,8276400.0,10.974944114685059
2003-12-19,17.39006805419922,17.083017349243164,17.380590438842773,17.185367584228516,5433700.0,10.882532119750977
2003-12-22,17.427976608276367,17.164518356323242,17.181577682495117,17.33889389038086,4574800.0,10.979748725891113
2003-12-23,17.380590438842773,17.145565032958984,17.333206176757812,17.354055404663086,3277400.0,11.005216598510742
2003-12-24,17.33889389038086,17.247915267944336,17.333206176757812,17.27634620666504,858900.0,10.955937385559082
2003-12-26,17.357847213745117,17.244123458862305,17.278240203857422,17.314252853393555,765500.0,10.979975700378418
2003-12-29,17.463987350463867,17.302881240844727,17.418498992919922,17.427976608276367,3952200.0,11.052096366882324
2003-12-30,17.5037899017334,17.306671142578125,17.475360870361328,17.359743118286133,3467300.0,11.008824348449707
2003-12-31,17.45261573791504,17.2915096282959,17.348369598388672,17.39006805419922,4046600.0,11.028055191040039
2004-01-02,17.4677791595459,17.13229751586914,17.409021377563477,17.19484519958496,3996500.0,10.904255867004395
2004-01-05,17.32373046875,17.035633087158203,17.219484329223633,17.173995971679688,6180800.0,10.891032218933105
2004-01-06,17.115238189697266,16.925701141357422,16.99203872680664,16.96360969543457,6691500.0,10.757615089416504
2004-01-07,16.98445701599121,16.774070739746094,16.96360969543457,16.906747817993164,6520600.0,10.721548080444336
2004-01-08,16.910537719726562,16.635709762573242,16.906747817993164,16.884002685546875,7947200.0,10.70712947845459
2004-01-09,17.048900604248047,16.679302215576172,16.884002685546875,16.774070739746094,6482600.0,10.637417793273926
2004-01-12,16.821455001831055,16.675512313842773,16.811979293823242,16.813873291015625,3746400.0,10.6626558303833
2004-01-13,16.96360969543457,16.774070739746094,16.817665100097656,16.96360969543457,3634600.0,10.757615089416504
2004-01-14,17.105762481689453,16.906747817993164,16.96360969543457,17.088703155517578,4162700.0,10.836938858032227
2004-01-15,17.75398063659668,17.450719833374023,17.626989364624023,17.71607208251953,13043300.0,11.234792709350586
2004-01-16,18.093252182006836,17.626989364624023,17.674373626708984,18.074298858642578,10698600.0,11.461963653564453
2004-01-20,18.081880569458008,17.72365379333496,18.081880569458008,17.72365379333496,5708600.0,11.239602088928223
2004-01-21,17.8165283203125,17.465883255004883,17.8165283203125,17.615617752075195,5519700.0,11.171087265014648
2004-01-22,17.740713119506836,17.431766510009766,17.623199462890625,17.541698455810547,5705400.0,11.124211311340332
2004-01-23,17.77861976623535,17.513267517089844,17.57012939453125,17.630781173706055,5695900.0,11.180704116821289
2004-01-26,17.755876541137695,17.486732482910156,17.611827850341797,17.712282180786133,2939200.0,11.232385635375977
2004-01-27,17.73881721496582,17.412813186645508,17.712282180786133,17.412813186645508,3168700.0,11.042479515075684
2004-01-28,17.475360870361328,16.906747817993164,17.412813186645508,16.94465446472168,5593000.0,10.745588302612305
2004-01-29,17.219484329223633,16.684988021850586,17.058378219604492,17.05458641052246,9713100.0,10.815308570861816
2004-01-30,17.48483657836914,17.052690505981445,17.05458641052246,17.352161407470703,7512400.0,11.00401782989502
2004-02-02,17.62130355834961,17.299089431762695,17.494314193725586,17.39764976501465,6963200.0,11.032862663269043
2004-02-03,17.5037899017334,17.26118278503418,17.418498992919922,17.336997985839844,4009200.0,10.994399070739746
2004-02-04,17.280136108398438,17.065959930419922,17.228961944580078,17.083017349243164,4513000.0,10.833331108093262
2004-02-05,17.513267517089844,17.067853927612305,17.083017349243164,17.399545669555664,4910300.0,11.034067153930664
2004-02-06,17.97763442993164,17.399545669555664,17.399545669555664,17.93783187866211,7298200.0,11.375425338745117
2004-02-09,17.96247100830078,17.822214126586914,17.96247100830078,17.84495735168457,4605900.0,11.31652545928955
2004-02-10,17.850645065307617,17.55875587463379,17.84495735168457,17.75018882751465,3882600.0,11.256429672241211
2004-02-11,17.934040069580078,17.693328857421875,17.76914405822754,17.90750503540039,2764600.0,11.356194496154785
2004-02-12,17.94541358947754,17.827899932861328,17.835481643676758,17.87907600402832,2997800.0,11.338162422180176
2004-02-13,17.862016677856445,17.5037899017334,17.79378318786621,17.520849227905273,3504800.0,11.110990524291992
2004-02-17,17.89044761657715,17.681955337524414,17.721759796142578,17.791887283325195,3050000.0,11.282870292663574
2004-02-18,17.911296844482422,17.53980255126953,17.911296844482422,17.626989364624023,3484700.0,11.178296089172363
2004-02-19,17.835481643676758,17.541698455810547,17.79757308959961,17.590978622436523,4832200.0,11.155466079711914
2004-02-20,17.670583724975586,17.336997985839844,17.598560333251953,17.541698455810547,2821000.0,11.124211311340332
2004-02-23,17.6724796295166,17.247915267944336,17.626989364624023,17.274450302124023,2564600.0,10.954734802246094
2004-02-24,17.490522384643555,17.113344192504883,17.23843765258789,17.228961944580078,3194000.0,10.92588996887207
2004-02-25,17.5322208404541,17.200531005859375,17.200531005859375,17.42228889465332,3025700.0,11.048489570617676
2004-02-26,17.416603088378906,17.247915267944336,17.409021377563477,17.25360107421875,3295900.0,10.941516876220703
2004-02-27,17.31614875793457,16.961713790893555,17.255496978759766,16.988248825073242,9260400.0,10.773237228393555
2004-03-01,17.412813186645508,17.088703155517578,17.134193420410156,17.384382247924805,5583500.0,11.024452209472656
2004-03-02,17.384382247924805,17.13608741760254,17.37111473083496,17.15504264831543,3189300.0,10.879007339477539
2004-03-03,17.43366241455078,17.105762481689453,17.156936645507812,17.399545669555664,3144400.0,11.034067153930664
2004-03-04,17.551176071166992,17.25739288330078,17.418498992919922,17.399545669555664,2058600.0,11.034067153930664
2004-03-05,17.537906646728516,17.28582191467285,17.399545669555664,17.463987350463867,2779900.0,11.074934959411621
2004-03-08,17.511371612548828,17.02994728088379,17.471569061279297,17.0394229888916,3213000.0,10.805692672729492
2004-03-09,17.06216812133789,16.77596664428711,17.06216812133789,16.880212783813477,5320300.0,10.704726219177246
2004-03-10,17.227066040039062,16.660348892211914,17.02994728088379,16.677406311035156,9679800.0,10.576112747192383
2004-03-11,17.056482315063477,16.612964630126953,16.677406311035156,16.71721076965332,7207500.0,10.601358413696289
2004-03-12,17.227066040039062,16.94465446472168,16.96360969543457,17.219484329223633,4933500.0,10.919878959655762
2004-03-15,17.20242691040039,16.726686477661133,17.153146743774414,16.755117416381836,7452800.0,10.625394821166992
2004-03-16,17.020469665527344,16.75322151184082,16.969295501708984,16.942760467529297,3591300.0,10.744390487670898
2004-03-17,18.233510971069336,17.058378219604492,17.172100067138672,17.448823928833008,5437900.0,11.065312385559082
2004-03-18,17.579605102539062,17.342683792114258,17.448823928833008,17.520849227905273,5728600.0,11.110990524291992
2004-03-19,17.517059326171875,17.32373046875,17.42228889465332,17.352161407470703,3673600.0,11.00401782989502
2004-03-22,17.32373046875,17.12471580505371,17.27634620666504,17.208112716674805,6096900.0,10.912665367126465
2004-03-23,17.228961944580078,16.787338256835938,17.210006713867188,16.872631072998047,8832500.0,10.699919700622559
2004-03-24,16.86125946044922,16.70962905883789,16.840410232543945,16.777862548828125,4439200.0,10.655607223510742
2004-03-25,17.103866577148438,16.78354835510254,16.821455001831055,17.071645736694336,4822200.0,10.842190742492676
2004-03-26,17.225170135498047,16.986352920532227,17.024261474609375,17.090599060058594,2616800.0,10.854226112365723
2004-03-29,17.524639129638672,17.29340362548828,17.33889389038086,17.46019744873047,4811100.0,11.088957786560059
2004-03-30,17.6440486907959,17.39006805419922,17.446929931640625,17.61372184753418,3508500.0,11.186466217041016
2004-03-31,17.735027313232422,17.4962100982666,17.615617752075195,17.697118759155273,3999700.0,11.239429473876953
2004-04-01,17.854434967041016,17.551176071166992,17.655420303344727,17.608036041259766,4940400.0,11.18284797668457
2004-04-02,17.913192749023438,17.594768524169922,17.79757308959961,17.90750503540039,4270300.0,11.37304401397705
2004-04-05,18.04397201538086,17.873388290405273,17.949203491210938,18.04397201538086,4961500.0,11.459711074829102
2004-04-06,18.127368927001953,17.93783187866211,18.04397201538086,17.958681106567383,3376100.0,11.40554428100586
2004-04-07,18.013647079467773,17.697118759155273,17.958681106567383,17.788097381591797,4542100.0,11.297212600708008
2004-04-08,17.96247100830078,17.748294830322266,17.911296844482422,17.82411003112793,1929400.0,11.320080757141113
2004-04-12,18.097043991088867,17.958681106567383,18.034496307373047,18.053449630737305,2186900.0,11.465731620788574
2004-04-13,18.125473022460938,17.8165283203125,18.100833892822266,17.8165283203125,2882200.0,11.31527042388916
2004-04-14,17.916982650756836,17.721759796142578,17.818422317504883,17.8165283203125,3268400.0,11.31527042388916
2004-04-15,18.05534553527832,17.799468994140625,17.86391258239746,18.04776382446289,4519400.0,11.46212387084961
2004-04-16,18.222137451171875,18.017436981201172,18.167171478271484,18.205080032348633,4122600.0,11.562034606933594
2004-04-19,18.229719161987305,18.04776382446289,18.16148567199707,18.11031150817871,2213200.0,11.501847267150879
2004-04-20,18.220243453979492,17.8487491607666,18.12926483154297,17.877180099487305,3281600.0,11.35378360748291
2004-04-21,17.86391258239746,17.63646697998047,17.862016677856445,17.740713119506836,6053600.0,11.267114639282227
2004-04-22,17.958681106567383,17.43745231628418,17.76914405822754,17.822214126586914,8390900.0,11.318880081176758
2004-04-23,17.973844528198242,17.759666442871094,17.892343521118164,17.814632415771484,6844500.0,11.31406021118164
2004-04-26,17.98521614074707,17.695222854614258,17.873388290405273,17.735027313232422,4051900.0,11.263500213623047
2004-04-27,18.233510971069336,17.80894660949707,17.8165283203125,18.100833892822266,7600000.0,11.495830535888672
2004-04-28,18.100833892822266,17.744503021240234,18.100833892822266,17.79378318786621,4505100.0,11.300820350646973
2004-04-29,17.88286590576172,17.62130355834961,17.831689834594727,17.73123550415039,5278600.0,11.261091232299805
2004-04-30,17.79757308959961,17.5037899017334,17.759666442871094,17.536012649536133,5924400.0,11.137110710144043
2004-05-03,17.744503021240234,17.48483657836914,17.536012649536133,17.717967987060547,5003200.0,11.252662658691406
2004-05-04,17.9927978515625,17.799468994140625,17.892343521118164,17.865806579589844,4950400.0,11.34656047821045
2004-05-05,18.006065368652344,17.740713119506836,17.86391258239746,17.91508674621582,3336500.0,11.377861976623535
2004-05-06,17.928354263305664,17.695222854614258,17.91508674621582,17.784305572509766,4392200.0,11.294797897338867
2004-05-07,17.909400939941406,17.247915267944336,17.774829864501953,17.247915267944336,5714400.0,10.954140663146973
2004-05-10,17.153146743774414,16.72858238220215,16.94465446472168,16.859363555908203,9285200.0,10.707371711730957
2004-05-11,17.01478385925293,16.847990036010742,16.868839263916016,16.99203872680664,5209500.0,10.791635513305664
2004-05-12,17.384382247924805,16.927597045898438,17.0394229888916,17.3275203704834,4331500.0,11.004692077636719
2004-05-13,17.329416275024414,16.986352920532227,17.282032012939453,17.052690505981445,6715800.0,10.83015251159668
2004-05-14,17.200531005859375,16.965503692626953,17.086807250976562,17.05458641052246,3418800.0,10.831354141235352
2004-05-17,16.99962043762207,16.796815872192383,16.973085403442383,16.868839263916016,3611900.0,10.713393211364746
2004-05-18,17.058378219604492,16.89348030090332,16.89727020263672,17.035633087158203,2485500.0,10.819323539733887
2004-05-19,17.287717819213867,17.026155471801758,17.14366912841797,17.035633087158203,4967300.0,10.819323539733887
2004-05-20,17.035633087158203,16.80060577392578,16.925701141357422,16.916223526000977,6736300.0,10.74348258972168
2004-05-21,17.20621681213379,16.96360969543457,17.096284866333008,17.065959930419922,2810200.0,10.838574409484863
2004-05-24,17.247915267944336,17.08112144470215,17.134193420410156,17.156936645507812,3351500.0,10.896353721618652
2004-05-25,17.41470718383789,16.921911239624023,17.160728454589844,17.342683792114258,3908700.0,11.014323234558105
2004-05-26,17.482940673828125,17.1834716796875,17.354055404663086,17.43745231628418,3895200.0,11.074514389038086
2004-05-27,17.755876541137695,17.463987350463867,17.551176071166992,17.68385124206543,4540500.0,11.230997085571289
2004-05-28,17.880970001220703,17.717967987060547,17.740713119506836,17.827899932861328,3553600.0,11.322487831115723
2004-06-01,17.903715133666992,17.69143295288086,17.755876541137695,17.888551712036133,2622400.0,11.361007690429688
2004-06-02,17.990901947021484,17.759666442871094,17.888551712036133,17.979530334472656,2996700.0,11.418785095214844
2004-06-03,17.971948623657227,17.740713119506836,17.968156814575195,17.740713119506836,2306100.0,11.267114639282227
2004-06-04,18.03260040283203,17.80894660949707,17.8165283203125,17.843063354492188,1741800.0,11.332111358642578
2004-06-07,18.502653121948242,17.892343521118164,17.987112045288086,18.487489700317383,4760700.0,11.741394996643066
2004-06-08,18.574678421020508,18.396512985229492,18.555723190307617,18.479909896850586,4489800.0,11.736577033996582
2004-06-09,18.449583053588867,18.157695770263672,18.442001342773438,18.19181251525879,2698100.0,11.553603172302246
2004-06-10,18.328279495239258,18.03260040283203,18.27141761779785,18.13874053955078,3249400.0,11.519899368286133
2004-06-14,18.142532348632812,18.013647079467773,18.13874053955078,18.05155372619629,3134700.0,11.464530944824219
2004-06-15,18.498863220214844,18.13874053955078,18.13874053955078,18.404094696044922,3620600.0,11.688427925109863
2004-06-16,18.40788459777832,18.252464294433594,18.40788459777832,18.343442916870117,2319800.0,11.649910926818848
2004-06-17,18.328279495239258,18.006065368652344,18.27141761779785,18.28278923034668,2369900.0,11.611383438110352
2004-06-18,18.555723190307617,18.157695770263672,18.188020706176758,18.476118087768555,4407800.0,11.734170913696289
2004-06-21,18.802122116088867,18.328279495239258,18.457164764404297,18.718727111816406,4328100.0,11.888253211975098
2004-06-22,18.855194091796875,18.54056167602539,18.718727111816406,18.809703826904297,4172700.0,11.946032524108887
2004-06-23,19.25701332092285,18.749052047729492,18.89689064025879,19.234268188476562,5455300.0,12.225421905517578
2004-06-24,19.27596664428711,18.972705841064453,19.27596664428711,19.014404296875,4577700.0,12.085672378540039
2004-06-25,19.215314865112305,19.082637786865234,19.14328956604004,19.105382919311523,4094400.0,12.143494606018066
2004-06-28,19.27596664428711,19.067476272583008,19.200151443481445,19.105382919311523,4100200.0,12.143494606018066
2004-06-29,19.533737182617188,19.0106143951416,19.14328956604004,19.48445701599121,4590100.0,12.38443660736084
2004-06-30,19.711902618408203,19.438968658447266,19.488248825073242,19.65504264831543,3772800.0,12.492866516113281
2004-07-01,19.719484329223633,19.14328956604004,19.65504264831543,19.325246810913086,3911600.0,12.283242225646973
2004-07-02,19.351781845092773,18.995450973510742,19.325246810913086,19.056102752685547,2853500.0,12.112174034118652
2004-07-06,19.02577781677246,18.76800537109375,18.991661071777344,18.817285537719727,3265500.0,11.960382461547852
2004-07-07,19.238059997558594,18.76042366027832,18.817285537719727,19.12433624267578,4482400.0,12.15554428100586
2004-07-08,19.196361541748047,18.77179718017578,19.12433624267578,18.77179718017578,3734600.0,11.93147087097168
2004-07-09,19.02198600769043,18.821077346801758,18.821077346801758,18.953752517700195,2559300.0,12.047130584716797
2004-07-12,19.003032684326172,18.699771881103516,18.953752517700195,18.927217483520508,2423000.0,12.030255317687988
2004-07-13,19.226686477661133,18.972705841064453,18.972705841064453,19.12433624267578,2533200.0,12.15554428100586
2004-07-14,19.321455001831055,19.101593017578125,19.128128051757812,19.16224479675293,2810500.0,12.179641723632812
2004-07-15,19.454132080078125,19.13191795349121,19.166034698486328,19.310083389282227,3729000.0,12.273603439331055
2004-07-16,19.5034122467041,19.332828521728516,19.446550369262695,19.374526977539062,3323600.0,12.314566612243652
2004-07-19,19.374526977539062,18.889310836791992,19.374526977539062,18.91205406188965,4627300.0,12.020618438720703
2004-07-20,19.003032684326172,18.78696060180664,18.91584587097168,18.995450973510742,3226800.0,12.073622703552246
2004-07-21,19.14328956604004,18.502653121948242,19.003032684326172,18.510234832763672,5173900.0,11.76522159576416
2004-07-22,19.184988021850586,18.309326171875,18.514026641845703,19.109172821044922,7258400.0,12.145904541015625
2004-07-23,19.287338256835938,18.589839935302734,19.109172821044922,19.059894561767578,4724300.0,12.114584922790527
2004-07-26,19.313873291015625,18.991661071777344,19.105382919311523,19.238059997558594,4469000.0,12.227827072143555
2004-07-27,19.351781845092773,19.14708137512207,19.27596664428711,19.219104766845703,4570800.0,12.215780258178711
2004-07-28,19.340410232543945,18.90826416015625,19.25701332092285,19.25322151184082,3998600.0,12.237465858459473
2004-07-29,19.457921981811523,19.1584529876709,19.306293487548828,19.28354835510254,3007000.0,12.256742477416992
2004-07-30,19.37073516845703,19.14708137512207,19.332828521728516,19.200151443481445,2665100.0,12.203731536865234
2004-08-02,19.40864372253418,18.984079360961914,19.200151443481445,19.317665100097656,2447800.0,12.278424263000488
2004-08-03,19.446550369262695,19.188779830932617,19.351781845092773,19.211523056030273,2582800.0,12.210966110229492
2004-08-04,19.29113006591797,18.968915939331055,19.16224479675293,19.1584529876709,4016600.0,12.177233695983887
2004-08-05,19.207733154296875,18.612585067749023,19.1546630859375,18.63153839111328,2733200.0,11.842323303222656
2004-08-06,18.608795166015625,18.38513946533203,18.574678421020508,18.449583053588867,3118100.0,11.726668357849121
2004-08-09,18.597421646118164,18.324487686157227,18.453372955322266,18.324487686157227,1974200.0,11.647154808044434
2004-08-10,18.63153839111328,18.328279495239258,18.479909896850586,18.612585067749023,2635000.0,11.830269813537598
2004-08-11,18.620166778564453,18.229719161987305,18.555723190307617,18.555723190307617,2502900.0,11.794135093688965
2004-08-12,18.464746475219727,18.06292724609375,18.460954666137695,18.195602416992188,2682000.0,11.565240859985352
2004-08-13,18.347232818603516,18.100833892822266,18.29037094116211,18.13874053955078,2512100.0,11.529096603393555
2004-08-16,18.627748489379883,18.13874053955078,18.13874053955078,18.555723190307617,4445800.0,11.794135093688965
2004-08-17,18.91584587097168,18.593631744384766,18.593631744384766,18.78316879272461,3710800.0,11.938701629638672
2004-08-18,19.02956771850586,18.661865234375,18.688400268554688,19.02956771850586,2832600.0,12.09531307220459
2004-08-19,18.957544326782227,18.65807342529297,18.953752517700195,18.77179718017578,3529600.0,11.93147087097168
2004-08-20,18.89310073852539,18.707353591918945,18.714935302734375,18.851402282714844,2817300.0,11.982071876525879
2004-08-23,19.048521041870117,18.851402282714844,18.851402282714844,18.934799194335938,2173700.0,12.035076141357422
2004-08-24,19.086429595947266,18.78316879272461,18.949962615966797,18.858983993530273,3553300.0,11.986889839172363
2004-08-25,19.219104766845703,18.809703826904297,18.87793731689453,19.105382919311523,2681200.0,12.143494606018066
2004-08-26,19.196361541748047,19.014404296875,19.11675453186035,19.097801208496094,1397600.0,12.138684272766113
2004-08-27,19.238059997558594,19.0106143951416,19.101593017578125,19.215314865112305,1711000.0,12.213373184204102
2004-08-30,19.238059997558594,19.03714942932129,19.219104766845703,19.086429595947266,1614900.0,12.131451606750488
2004-08-31,19.49962043762207,19.13191795349121,19.14328956604004,19.49203872680664,3740400.0,12.389262199401855
2004-09-01,19.673995971679688,19.219104766845703,19.49203872680664,19.294919967651367,4489000.0,12.263971328735352
2004-09-02,19.37073516845703,19.16224479675293,19.294919967651367,19.310083389282227,3411100.0,12.273603439331055
2004-09-03,19.412433624267578,19.211523056030273,19.313873291015625,19.306293487548828,1804300.0,12.271197319030762
2004-09-07,19.560272216796875,19.347990036010742,19.40106201171875,19.461713790893555,4017600.0,12.369988441467285
2004-09-08,19.518573760986328,19.222896575927734,19.461713790893555,19.310083389282227,4583500.0,12.273603439331055
2004-09-09,19.52236557006836,19.207733154296875,19.336618423461914,19.332828521728516,2840300.0,12.288063049316406
2004-09-10,19.49203872680664,19.173616409301758,19.37073516845703,19.488248825073242,2724500.0,12.386853218078613
2004-09-13,19.76876449584961,19.476877212524414,19.48445701599121,19.681577682495117,4627800.0,12.509734153747559
2004-09-14,19.87111473083496,19.64366912841797,19.685367584228516,19.852161407470703,3017600.0,12.618158340454102
2004-09-15,19.97725486755371,19.488248825073242,19.852161407470703,19.61713409423828,4213400.0,12.468772888183594
2004-09-16,19.88627815246582,19.65504264831543,19.65504264831543,19.833206176757812,2360200.0,12.606107711791992
2004-09-17,20.075815200805664,19.76876449584961,19.901439666748047,19.939348220825195,3371800.0,12.673572540283203
2004-09-20,19.99241828918457,19.727066040039062,19.920394897460938,19.821834564208984,2792500.0,12.598878860473633
2004-09-21,19.89764976501465,19.715694427490234,19.73085594177246,19.806671142578125,3589200.0,12.589238166809082
2004-09-22,19.799089431762695,19.340410232543945,19.799089431762695,19.359363555908203,4096800.0,12.31425952911377
2004-09-23,19.416223526000977,19.222896575927734,19.39348030090332,19.238059997558594,3562000.0,12.237093925476074
2004-09-24,19.351781845092773,18.995450973510742,19.294919967651367,19.173616409301758,3576600.0,12.196106910705566
2004-09-27,19.238059997558594,18.965126037597656,19.105382919311523,19.048521041870117,2641900.0,12.116534233093262
2004-09-28,19.420015335083008,18.88551902770996,19.086429595947266,19.351781845092773,3709200.0,12.309435844421387
2004-09-29,19.51099395751953,19.238059997558594,19.294919967651367,19.465503692626953,3911000.0,12.381773948669434
2004-09-30,19.552690505981445,19.28354835510254,19.461713790893555,19.438968658447266,6377100.0,12.364895820617676
2004-10-01,19.583017349243164,19.39348030090332,19.5034122467041,19.564064025878906,4269300.0,12.444462776184082
2004-10-04,19.825626373291016,19.575435638427734,19.65504264831543,19.613344192504883,3598700.0,12.475812911987305
2004-10-05,19.734647750854492,19.49962043762207,19.613344192504883,19.711902618408203,5130900.0,12.538503646850586
2004-10-06,20.905988693237305,19.567853927612305,19.806671142578125,20.811220169067383,13235300.0,13.237767219543457
2004-10-07,20.689916610717773,20.329795837402344,20.545867919921875,20.329795837402344,5814400.0,12.931538581848145
2004-10-08,20.416982650756836,20.034116744995117,20.329795837402344,20.10235023498535,2601800.0,12.786858558654785
2004-10-11,20.34495735168457,20.1440486907959,20.166793823242188,20.26156234741211,1436300.0,12.88813304901123
2004-10-12,20.318422317504883,20.037906646728516,20.25018882751465,20.163002014160156,2507900.0,12.825440406799316
2004-10-13,20.204700469970703,19.814252853393555,20.185747146606445,19.96967315673828,2756100.0,12.702470779418945
2004-10-14,19.962093353271484,19.723276138305664,19.920394897460938,19.780136108398438,2119800.0,12.581902503967285
2004-10-15,20.037906646728516,19.7915096282959,19.825626373291016,19.958301544189453,2187600.0,12.695231437683105
2004-10-18,19.958301544189453,19.734647750854492,19.958301544189453,19.901439666748047,2663500.0,12.659066200256348
2004-10-19,20.23123550415039,19.939348220825195,19.939348220825195,20.193328857421875,4463200.0,12.84472942352295
2004-10-20,20.61410140991211,20.11372184753418,20.147838592529297,20.61410140991211,5522900.0,13.11237907409668
2004-10-21,20.85291862487793,20.288097381591797,20.61410140991211,20.7012882232666,5311600.0,13.167840957641602
2004-10-22,20.678544998168945,20.326004028320312,20.644428253173828,20.3487491607666,2838200.0,12.943596839904785
2004-10-25,20.644428253173828,20.299468994140625,20.36770248413086,20.51554298400879,2580400.0,13.049689292907715
2004-10-26,20.583776473999023,19.962093353271484,20.090978622436523,20.583776473999023,4035800.0,13.093095779418945
2004-10-27,20.84912872314453,20.314632415771484,20.47005271911621,20.8453369140625,2922600.0,13.259465217590332
2004-10-28,20.86808204650879,20.59135627746582,20.750568389892578,20.750568389892578,2305000.0,13.199189186096191
2004-10-29,21.061410903930664,20.74298667907715,20.811220169067383,20.898406982421875,3359400.0,13.29322624206543
2004-11-01,21.031084060668945,20.773313522338867,20.96285057067871,20.97422218322754,2563300.0,13.34144401550293
2004-11-02,21.37604331970215,20.818801879882812,20.97422218322754,20.97043228149414,4121800.0,13.33903694152832
2004-11-03,21.258529663085938,21.046247482299805,21.20924949645996,21.09552764892578,3611400.0,13.41861343383789
2004-11-04,21.60727882385254,20.98180389404297,21.000757217407227,21.59211540222168,2699900.0,13.73448371887207
2004-11-05,22.031843185424805,21.546627044677734,21.637603759765625,21.81576919555664,4119700.0,13.876749038696289
2004-11-08,21.96739959716797,21.751327514648438,21.81576919555664,21.755117416381836,2320600.0,13.838168144226074
2004-11-09,21.781652450561523,21.59211540222168,21.675512313842773,21.664138793945312,2051300.0,13.780296325683594
2004-11-10,21.70583724975586,21.372251510620117,21.70204734802246,21.417739868164062,4983100.0,13.623562812805176
2004-11-11,21.929492950439453,21.45564842224121,21.512510299682617,21.80060577392578,1831800.0,13.867096900939941
2004-11-12,21.95981788635254,21.69825553894043,21.8347225189209,21.95223617553711,2071600.0,13.96355152130127
2004-11-15,21.872631072998047,21.60727882385254,21.857467651367188,21.679302215576172,2930000.0,13.789939880371094
2004-11-16,21.72100067138672,21.372251510620117,21.60727882385254,21.618650436401367,2615800.0,13.751361846923828
2004-11-17,22.217588424682617,21.683094024658203,21.683094024658203,22.141773223876953,4753600.0,14.08411979675293
2004-11-18,22.3275203704834,22.08112144470215,22.232751846313477,22.228961944580078,2333800.0,14.139572143554688
2004-11-19,22.228961944580078,21.777862548828125,22.228961944580078,21.86125946044922,2121400.0,13.905683517456055
2004-11-22,22.020469665527344,21.762699127197266,21.865049362182617,21.96360969543457,2308500.0,13.97079086303711
2004-11-23,22.107656478881836,21.804397583007812,21.96739959716797,22.009098052978516,2563300.0,13.999720573425293
2004-11-24,22.236543655395508,22.024261474609375,22.08112144470215,22.137983322143555,1128200.0,14.081705093383789
2004-11-26,22.134193420410156,21.94844627380371,22.10007667541504,21.94844627380371,844100.0,13.961141586303711
2004-11-29,22.156936645507812,21.70962905883789,22.08112144470215,21.789234161376953,4052400.0,13.859869956970215
2004-11-30,21.796815872192383,21.56178855895996,21.645185470581055,21.56178855895996,2827400.0,13.715192794799805
2004-12-01,22.05458641052246,21.611068725585938,21.656557083129883,22.024261474609375,3230200.0,14.00936508178711
2004-12-02,22.088703155517578,21.842304229736328,22.024261474609375,21.96360969543457,2792800.0,13.97079086303711
2004-12-03,22.119029998779297,21.80060577392578,21.94086456298828,21.94086456298828,2071600.0,13.956316947937012
2004-12-06,22.134193420410156,21.8271427154541,21.94086456298828,21.865049362182617,2544600.0,13.908095359802246
2004-12-07,22.07733154296875,21.60727882385254,22.005306243896484,21.60727882385254,2214300.0,13.744128227233887
2004-12-08,21.880212783813477,21.535253524780273,21.739953994750977,21.70204734802246,2300800.0,13.80440616607666
2004-12-09,21.785444259643555,21.387414932250977,21.70204734802246,21.70204734802246,4301700.0,13.80440616607666
2004-12-10,22.09249496459961,21.56178855895996,22.09249496459961,21.739953994750977,2306900.0,13.828519821166992
2004-12-13,21.921911239624023,21.656557083129883,21.8347225189209,21.796815872192383,2577800.0,13.864686012268066
2004-12-14,21.842304229736328,21.690673828125,21.796815872192383,21.71721076965332,3537800.0,13.81405258178711
2004-12-15,22.050796508789062,21.70204734802246,21.70204734802246,22.031843185424805,2312900.0,14.01418685913086
2004-12-16,21.872631072998047,21.417739868164062,21.8347225189209,21.429113388061523,3973800.0,13.630796432495117
2004-12-17,21.671720504760742,21.266111373901367,21.266111373901367,21.508718490600586,5616500.0,13.681434631347656
2004-12-20,21.8271427154541,21.56937026977539,21.70204734802246,21.59969711303711,2505800.0,13.739307403564453
2004-12-21,21.793025970458984,21.56178855895996,21.645185470581055,21.70204734802246,2573600.0,13.80440616607666
2004-12-22,21.785444259643555,21.56937026977539,21.777862548828125,21.690673828125,2760600.0,13.797176361083984
2004-12-23,21.982563018798828,21.57695198059082,21.758907318115234,21.679302215576172,1972900.0,13.789939880371094
2004-12-27,21.884002685546875,21.60727882385254,21.774070739746094,21.61486053466797,1479300.0,13.748950004577637
2004-12-28,21.94086456298828,21.645185470581055,21.70962905883789,21.929492950439453,1644200.0,13.94908332824707
2004-12-29,21.93328285217285,21.770280838012695,21.8271427154541,21.8347225189209,1159600.0,13.89830493927002
2004-12-30,21.971189498901367,21.736164093017578,21.929492950439453,21.8347225189209,1046200.0,13.89830493927002
2004-12-31,22.05458641052246,21.762699127197266,21.929492950439453,21.762699127197266,1813600.0,13.852462768554688
2005-01-03,21.95602798461914,21.266111373901367,21.891584396362305,21.31538963317871,2772800.0,13.567744255065918
2005-01-04,21.497346878051758,20.887035369873047,21.34192657470703,21.09552764892578,4881300.0,13.427794456481934
2005-01-05,21.304018020629883,20.917362213134766,21.178922653198242,20.9893856048584,4271100.0,13.360236167907715
2005-01-06,21.11448097229004,20.799848556518555,20.9893856048584,21.000757217407227,3354200.0,13.367475509643555
2005-01-07,21.190296173095703,20.86808204650879,21.09552764892578,21.038665771484375,2646900.0,13.391600608825684
2005-01-10,21.133434295654297,20.909780502319336,21.11448097229004,20.97043228149414,3100100.0,13.34817123413086
2005-01-11,21.20166778564453,20.85671043395996,20.940105438232422,21.110689163208008,2592000.0,13.43744945526123
2005-01-12,21.247156143188477,20.887035369873047,21.125852584838867,21.247156143188477,3090600.0,13.524312019348145
2005-01-13,21.247156143188477,20.833965301513672,21.247156143188477,20.84912872314453,2947400.0,13.270956039428711
2005-01-14,20.98180389404297,20.697498321533203,20.943897247314453,20.83017349243164,3715600.0,13.258891105651855
2005-01-18,20.8415470123291,20.3525390625,20.792266845703125,20.8415470123291,6527400.0,13.266133308410645
2005-01-19,20.943897247314453,20.60272979736328,20.84912872314453,20.689916610717773,4568400.0,13.169612884521484
2005-01-20,20.644428253173828,20.34495735168457,20.59514808654785,20.432146072387695,4258500.0,13.005538940429688
2005-01-21,20.47005271911621,20.098560333251953,20.35633087158203,20.098560333251953,4270600.0,12.793204307556152
2005-01-24,20.24639892578125,19.909021377563477,20.166793823242188,20.060651779174805,3990700.0,12.76906967163086
2005-01-25,20.526914596557617,20.064443588256836,20.098560333251953,20.428354263305664,4137900.0,13.003119468688965
2005-01-26,20.777103424072266,20.4965877532959,20.523122787475586,20.697498321533203,4984200.0,13.174437522888184
2005-01-27,20.83775520324707,20.24639892578125,20.693706512451172,20.811220169067383,4408800.0,13.24682903289795
2005-01-28,20.84912872314453,20.534496307373047,20.784685134887695,20.784685134887695,2497600.0,13.229936599731445
2005-01-31,21.038665771484375,20.71645164489746,20.96285057067871,20.803638458251953,2921300.0,13.242000579833984
2005-02-01,20.902198791503906,20.765731811523438,20.84912872314453,20.898406982421875,3981000.0,13.302319526672363
2005-02-02,20.96664047241211,20.62926483154297,20.96285057067871,20.773313522338867,3108000.0,13.222699165344238
2005-02-03,20.773313522338867,20.519332885742188,20.773313522338867,20.640636444091797,2358600.0,13.1382474899292
2005-02-04,21.11448097229004,20.659589767456055,20.678544998168945,21.072782516479492,2538200.0,13.413318634033203
2005-02-07,21.20924949645996,20.99317741394043,21.072782516479492,21.038665771484375,2204500.0,13.391600608825684
2005-02-08,21.125852584838867,20.902198791503906,21.038665771484375,21.050037384033203,2477300.0,13.398836135864258
2005-02-09,21.152387619018555,20.871871948242188,21.053829193115234,20.924943923950195,3463100.0,13.3192138671875
2005-02-10,21.000757217407227,20.693706512451172,20.87566375732422,20.73540496826172,4950700.0,13.198566436767578
2005-02-11,21.12206268310547,20.663381576538086,20.777103424072266,21.042455673217773,2551400.0,13.394014358520508
2005-02-14,21.080364227294922,20.86050033569336,21.080364227294922,20.936315536499023,1706500.0,13.32645320892334
2005-02-15,20.985595703125,20.659589767456055,20.943897247314453,20.807430267333984,4041900.0,13.244412422180176
2005-02-16,20.917362213134766,20.720243453979492,20.811220169067383,20.898406982421875,3157400.0,13.302319526672363
2005-02-17,20.996967315673828,20.803638458251953,20.943897247314453,20.803638458251953,3729300.0,13.242000579833984
2005-02-18,20.8453369140625,20.62168312072754,20.811220169067383,20.678544998168945,2838400.0,13.16237735748291
2005-02-22,20.652009963989258,20.26156234741211,20.526914596557617,20.26156234741211,3954600.0,12.896957397460938
2005-02-23,20.35633087158203,20.193328857421875,20.35633087158203,20.204700469970703,3590800.0,12.860762596130371
2005-02-24,20.37528419494629,20.083396911621094,20.24260711669922,20.318422317504883,5408600.0,12.933150291442871
2005-02-25,20.504169464111328,20.22365379333496,20.38286590576172,20.48900604248047,4006000.0,13.041730880737305
2005-02-28,20.640636444091797,20.386655807495117,20.413192749023438,20.534496307373047,2902000.0,13.070684432983398
2005-03-01,20.815011978149414,20.511751174926758,20.534496307373047,20.73161506652832,3289500.0,13.196160316467285
2005-03-02,21.061410903930664,20.538286209106445,20.7012882232666,20.85671043395996,3128900.0,13.275782585144043
2005-03-03,20.98180389404297,20.712661743164062,20.86050033569336,20.83775520324707,3040800.0,13.26372241973877
2005-03-04,21.23199462890625,20.84912872314453,21.019712448120117,21.20166778564453,2918400.0,13.495359420776367
2005-03-07,21.372251510620117,21.1296443939209,21.22820281982422,21.152387619018555,3723200.0,13.463985443115234
2005-03-08,21.125852584838867,20.887035369873047,21.07657241821289,20.936315536499023,3339400.0,13.32645320892334
2005-03-09,20.943897247314453,20.655799865722656,20.761940002441406,20.705080032348633,3974100.0,13.179268836975098
2005-03-10,20.818801879882812,20.61789321899414,20.678544998168945,20.758150100708008,3093000.0,13.21304702758789
2005-03-11,20.924943923950195,20.60272979736328,20.758150100708008,20.659589767456055,3185600.0,13.150310516357422
2005-03-14,20.811220169067383,20.583776473999023,20.697498321533203,20.674753189086914,4710600.0,13.159963607788086
2005-03-15,20.84912872314453,20.526914596557617,20.769521713256836,20.564821243286133,3744300.0,13.089987754821777
2005-03-16,20.62168312072754,20.37528419494629,20.47005271911621,20.48521614074707,3280600.0,13.03931999206543
2005-03-17,20.568613052368164,20.386655807495117,20.46247100830078,20.451099395751953,3504800.0,13.017599105834961
2005-03-18,20.652009963989258,20.38286590576172,20.45488929748535,20.587566375732422,8853900.0,13.104464530944824
2005-03-21,20.792266845703125,20.538286209106445,20.652009963989258,20.655799865722656,2979300.0,13.147893905639648
2005-03-22,20.818801879882812,20.51554298400879,20.60651969909668,20.51554298400879,3536700.0,13.068110466003418
2005-03-23,20.534496307373047,20.318422317504883,20.318422317504883,20.432146072387695,3809000.0,13.014989852905273
2005-03-24,20.644428253173828,20.424564361572266,20.435935974121094,20.424564361572266,2359100.0,13.010159492492676
2005-03-28,20.583776473999023,20.257770538330078,20.519332885742188,20.35633087158203,2961900.0,12.966691970825195
2005-03-29,20.435935974121094,19.97725486755371,20.26156234741211,20.034116744995117,3670500.0,12.76144790649414
2005-03-30,20.219863891601562,20.041698455810547,20.068233489990234,20.193328857421875,3539100.0,12.862863540649414
2005-03-31,20.3487491607666,20.10993194580078,20.219863891601562,20.24639892578125,3728000.0,12.896671295166016
2005-04-01,20.37907600402832,19.88248634338379,20.322214126586914,19.939348220825195,5415500.0,12.701081275939941
2005-04-04,19.939348220825195,19.200151443481445,19.935556411743164,19.598180770874023,10885400.0,12.4837646484375
2005-04-05,19.88248634338379,19.598180770874023,19.734647750854492,19.666414260864258,5074700.0,12.527225494384766
2005-04-06,19.810462951660156,19.560272216796875,19.795299530029297,19.63608741760254,3803200.0,12.50791072845459
2005-04-07,19.727066040039062,19.594388961791992,19.65504264831543,19.62471580505371,7639600.0,12.5006685256958
2005-04-08,19.86353302001953,19.64366912841797,19.692949295043945,19.65504264831543,5265900.0,12.519981384277344
2005-04-11,19.711902618408203,19.431386947631836,19.673995971679688,19.52236557006836,4870500.0,12.435468673706055
2005-04-12,19.946929931640625,19.416223526000977,19.560272216796875,19.86732292175293,6313200.0,12.655204772949219
2005-04-13,19.87111473083496,19.53752899169922,19.806671142578125,19.571645736694336,3888600.0,12.466856956481934
2005-04-14,19.526155471801758,18.980287551879883,19.48445701599121,19.01819610595703,4862000.0,12.114319801330566
2005-04-15,18.957544326782227,18.316905975341797,18.953752517700195,18.41925621032715,7989400.0,11.732807159423828
2005-04-18,18.612585067749023,18.320697784423828,18.472328186035156,18.40788459777832,4515700.0,11.72556209564209
2005-04-19,18.730098724365234,18.43062973022461,18.460954666137695,18.688400268554688,6061300.0,11.90424919128418
2005-04-20,19.332828521728516,18.881729125976562,19.14328956604004,18.91584587097168,8756500.0,12.049126625061035
2005-04-21,19.226686477661133,18.328279495239258,18.91584587097168,19.105382919311523,11934800.0,12.169858932495117
2005-04-22,19.916603088378906,18.991661071777344,19.711902618408203,19.302501678466797,9674600.0,12.29542064666748
2005-04-25,19.806671142578125,19.48445701599121,19.48445701599121,19.76118278503418,5760600.0,12.587589263916016
2005-04-26,19.8559513092041,19.40106201171875,19.76118278503418,19.469295501708984,4235800.0,12.4016695022583
2005-04-27,19.480667114257812,19.166034698486328,19.469295501708984,19.294919967651367,3998400.0,12.29059886932373
2005-04-28,19.27596664428711,18.737680435180664,19.14328956604004,18.821077346801758,5372200.0,11.988758087158203
2005-04-29,19.238059997558594,18.821077346801758,19.0106143951416,19.192569732666016,4837300.0,12.225397109985352
2005-05-02,19.38210678100586,19.109172821044922,19.26080322265625,19.29113006591797,3636700.0,12.288180351257324
2005-05-03,19.564064025878906,19.166034698486328,19.200151443481445,19.435178756713867,6105100.0,12.37993335723877
2005-05-04,19.601970672607422,19.14328956604004,19.14328956604004,19.598180770874023,4147700.0,12.4837646484375
2005-05-05,19.598180770874023,19.317665100097656,19.53752899169922,19.5034122467041,3630100.0,12.423394203186035
2005-05-06,19.840787887573242,19.613344192504883,19.673995971679688,19.681577682495117,3154200.0,12.53688907623291
2005-05-09,19.74981117248535,19.567853927612305,19.598180770874023,19.704320907592773,2066600.0,12.551376342773438
2005-05-10,19.567853927612305,19.222896575927734,19.541318893432617,19.234268188476562,5006600.0,12.251956939697266
2005-05-11,19.954511642456055,19.313873291015625,19.332828521728516,19.844579696655273,9435800.0,12.640717506408691
2005-05-12,20.23123550415039,19.86732292175293,20.185747146606445,19.88248634338379,5920100.0,12.664862632751465
2005-05-13,20.13267707824707,19.77634620666504,19.87111473083496,19.920394897460938,4155100.0,12.689014434814453
2005-05-16,20.181955337524414,19.901439666748047,19.939348220825195,20.147838592529297,3985700.0,12.833889961242676
2005-05-17,20.178165435791016,19.780136108398438,20.072023391723633,20.178165435791016,4661600.0,12.853204727172852
2005-05-18,20.424564361572266,20.12509536743164,20.24260711669922,20.3525390625,3784200.0,12.964278221130371
2005-05-19,20.534496307373047,20.22365379333496,20.3525390625,20.48900604248047,3653300.0,13.051206588745117
2005-05-20,20.511751174926758,20.10614013671875,20.48900604248047,20.24260711669922,3434400.0,12.89424991607666
2005-05-23,20.659589767456055,20.299468994140625,20.299468994140625,20.59135627746582,3204100.0,13.1163969039917
2005-05-24,20.59514808654785,20.337377548217773,20.59514808654785,20.451099395751953,3750700.0,13.027063369750977
2005-05-25,20.451099395751953,20.257770538330078,20.413192749023438,20.398029327392578,2705500.0,12.993258476257324
2005-05-26,20.705080032348633,20.443517684936523,20.443517684936523,20.682334899902344,3936600.0,13.174358367919922
2005-05-27,20.758150100708008,20.61031150817871,20.655799865722656,20.697498321533203,3515900.0,13.184013366699219
2005-05-31,21.012130737304688,20.579984664916992,20.74677848815918,20.898406982421875,8861300.0,13.311985969543457
2005-06-01,21.21303939819336,20.73161506652832,20.936315536499023,21.000757217407227,5495700.0,13.377187728881836
2005-06-02,21.144805908203125,20.905988693237305,21.019712448120117,21.125852584838867,3036300.0,13.456872940063477
2005-06-03,21.1296443939209,20.799848556518555,21.125852584838867,20.909780502319336,2107700.0,13.319231033325195
2005-06-06,21.065200805664062,20.85671043395996,20.96285057067871,21.038665771484375,2364100.0,13.40133285522461
2005-06-07,21.22820281982422,20.95526885986328,21.06899070739746,20.97422218322754,2616300.0,13.36028003692627
2005-06-08,21.144805908203125,20.85671043395996,21.09552764892578,20.921152114868164,1578300.0,13.326481819152832
2005-06-09,20.86808204650879,20.60272979736328,20.84912872314453,20.659589767456055,3989100.0,13.159869194030762
2005-06-10,20.8415470123291,20.47005271911621,20.659589767456055,20.633054733276367,2727100.0,13.142964363098145
2005-06-13,20.894617080688477,20.50037956237793,20.545867919921875,20.72403335571289,3073700.0,13.200916290283203
2005-06-14,20.784685134887695,20.542078018188477,20.648218154907227,20.678544998168945,2306600.0,13.171943664550781
2005-06-15,20.75436019897461,20.147838592529297,20.678544998168945,20.4927978515625,4514400.0,13.053620338439941
2005-06-16,20.62926483154297,20.37528419494629,20.451099395751953,20.504169464111328,2500800.0,13.060866355895996
2005-06-17,20.84912872314453,20.48521614074707,20.697498321533203,20.811220169067383,4869200.0,13.256452560424805
2005-06-20,20.811220169067383,20.59135627746582,20.75436019897461,20.75436019897461,2040200.0,13.220234870910645
2005-06-21,20.799848556518555,20.640636444091797,20.750568389892578,20.712661743164062,2116700.0,13.193672180175781
2005-06-22,20.83017349243164,20.432146072387695,20.811220169067383,20.511751174926758,3231200.0,13.075161933898926
2005-06-23,20.59135627746582,19.97725486755371,20.545867919921875,20.00758171081543,4427300.0,12.753778457641602
2005-06-24,20.034116744995117,19.598180770874023,20.034116744995117,19.63987922668457,7194800.0,12.519394874572754
2005-06-27,19.818044662475586,19.541318893432617,19.63987922668457,19.806671142578125,3489500.0,12.625715255737305
2005-06-28,20.170583724975586,19.86353302001953,19.88248634338379,19.958301544189453,4303600.0,12.722366333007812
2005-06-29,19.99241828918457,19.78392791748047,19.965883255004883,19.810462951660156,4039000.0,12.628129959106445
2005-06-30,19.912813186645508,19.764972686767578,19.825626373291016,19.840787887573242,5499900.0,12.647462844848633
2005-07-01,20.24260711669922,19.86353302001953,19.939348220825195,20.026535034179688,5263800.0,12.765868186950684
2005-07-05,20.12509536743164,19.87490463256836,20.01516342163086,19.89006805419922,4838000.0,12.678874969482422
2005-07-06,19.852161407470703,19.6512508392334,19.780136108398438,19.673995971679688,4864700.0,12.541139602661133
2005-07-07,19.673995971679688,19.351781845092773,19.48445701599121,19.62092399597168,4706900.0,12.507308959960938
2005-07-08,20.10235023498535,19.590599060058594,19.62092399597168,20.049280166625977,2966600.0,12.780362129211426
2005-07-11,20.22365379333496,20.018953323364258,20.12888526916504,20.11372184753418,3682900.0,12.821442604064941
2005-07-12,20.185747146606445,19.541318893432617,20.13267707824707,19.711902618408203,5850200.0,12.565302848815918
2005-07-13,19.859743118286133,19.711902618408203,19.806671142578125,19.77634620666504,3152600.0,12.606378555297852
2005-07-14,20.026535034179688,19.63608741760254,19.939348220825195,19.715694427490234,4760200.0,12.56772518157959
2005-07-15,19.836997985839844,19.52236557006836,19.715694427490234,19.818044662475586,3422000.0,12.63295841217041
2005-07-18,19.981046676635742,19.696739196777344,19.912813186645508,19.696739196777344,3018900.0,12.55563735961914
2005-07-19,19.88248634338379,19.64366912841797,19.806671142578125,19.772554397583008,4079400.0,12.60396671295166
2005-07-20,20.11372184753418,19.63608741760254,19.772554397583008,20.10993194580078,2731300.0,12.819022178649902
2005-07-21,20.887035369873047,20.072023391723633,20.10993194580078,20.887035369873047,8287000.0,13.3143892288208
2005-07-22,20.940105438232422,20.670963287353516,20.84912872314453,20.761940002441406,4300400.0,13.234643936157227
2005-07-25,21.07657241821289,20.74298667907715,20.811220169067383,20.792266845703125,3579200.0,13.253975868225098
2005-07-26,21.1940860748291,20.75436019897461,20.905988693237305,20.921152114868164,5066000.0,13.336140632629395
2005-07-27,21.20924949645996,20.871871948242188,21.07657241821289,21.190296173095703,4143200.0,13.507707595825195
2005-07-28,21.379833221435547,21.11448097229004,21.20166778564453,21.35329818725586,3980700.0,13.61160945892334
2005-07-29,21.398786544799805,21.008338928222656,21.398786544799805,21.019712448120117,2828900.0,13.398963928222656
2005-08-01,21.247156143188477,20.96285057067871,21.22820281982422,21.10310935974121,3425100.0,13.452122688293457
2005-08-02,21.531463623046875,20.96285057067871,20.985595703125,21.485973358154297,4742000.0,13.696176528930664
2005-08-03,21.618650436401367,21.22062110900879,21.36846160888672,21.4821834564209,4216300.0,13.693765640258789
2005-08-04,21.512510299682617,21.32297134399414,21.349506378173828,21.364669799804688,1898500.0,13.618855476379395
2005-08-05,21.535253524780273,21.182714462280273,21.364669799804688,21.23578453063965,2369100.0,13.536694526672363
2005-08-08,21.379833221435547,21.22820281982422,21.372251510620117,21.307809829711914,2956600.0,13.582610130310059
2005-08-09,21.379833221435547,20.9893856048584,21.319181442260742,21.031084060668945,3073700.0,13.406210899353027
2005-08-10,21.349506378173828,21.008338928222656,21.031084060668945,21.163761138916016,3444900.0,13.4907865524292
2005-08-11,21.34571647644043,21.07657241821289,21.163761138916016,21.34571647644043,1899300.0,13.606769561767578
2005-08-12,21.300228118896484,21.10310935974121,21.266111373901367,21.197877883911133,1645000.0,13.512532234191895
2005-08-15,21.254737854003906,21.004549026489258,21.20166778564453,21.11448097229004,1708600.0,13.459373474121094
2005-08-16,21.190296173095703,20.924943923950195,21.133434295654297,20.924943923950195,2596800.0,13.338552474975586
2005-08-17,20.943897247314453,20.678544998168945,20.773313522338867,20.822593688964844,2331200.0,13.273313522338867
2005-08-18,20.818801879882812,20.62168312072754,20.811220169067383,20.663381576538086,1932800.0,13.171819686889648
2005-08-19,20.780895233154297,20.579984664916992,20.780895233154297,20.625473022460938,2413700.0,13.147655487060547
2005-08-22,20.659589767456055,20.37907600402832,20.659589767456055,20.439727783203125,2771200.0,13.029253959655762
2005-08-23,20.572402954101562,20.303260803222656,20.401819229125977,20.526914596557617,3798700.0,13.08482837677002
2005-08-24,20.61410140991211,20.24639892578125,20.46247100830078,20.280515670776367,2404800.0,12.927763938903809
2005-08-25,20.37528419494629,20.140256881713867,20.318422317504883,20.24639892578125,2083700.0,12.906018257141113
2005-08-26,20.24639892578125,20.034116744995117,20.178165435791016,20.079605102539062,3095100.0,12.799695014953613
2005-08-29,20.181955337524414,19.912813186645508,19.943138122558594,20.11751365661621,3097800.0,12.823856353759766
2005-08-30,20.056861877441406,19.689159393310547,20.037906646728516,19.87111473083496,2822300.0,12.666791915893555
2005-08-31,20.303260803222656,19.74601936340332,19.821834564208984,20.303260803222656,3594500.0,12.942259788513184
2005-09-01,20.4927978515625,20.25018882751465,20.405611038208008,20.26156234741211,2977700.0,12.915679931640625
2005-09-02,20.542078018188477,20.3525390625,20.424564361572266,20.398029327392578,2205800.0,13.00267505645752
2005-09-06,20.75436019897461,20.523122787475586,20.534496307373047,20.682334899902344,3050500.0,13.183904647827148
2005-09-07,20.750568389892578,20.59135627746582,20.62168312072754,20.655799865722656,2188200.0,13.166987419128418
2005-09-08,20.583776473999023,20.280515670776367,20.284305572509766,20.526914596557617,4852600.0,13.08482837677002
2005-09-09,20.879453659057617,20.50796127319336,20.526914596557617,20.8453369140625,2540900.0,13.287805557250977
2005-09-12,21.133434295654297,20.811220169067383,20.811220169067383,21.057619094848633,4175600.0,13.423127174377441
2005-09-13,21.07657241821289,20.796056747436523,21.061410903930664,20.811220169067383,2859300.0,13.266060829162598
2005-09-14,20.924943923950195,20.337377548217773,20.902198791503906,20.451099395751953,4461300.0,13.036503791809082
2005-09-15,20.576194763183594,20.049280166625977,20.48900604248047,20.083396911621094,5641800.0,12.802111625671387
2005-09-16,20.155420303344727,19.60955238342285,20.060651779174805,19.787717819213867,15537500.0,12.613629341125488
2005-09-19,19.87111473083496,19.681577682495117,19.829416275024414,19.86353302001953,4505400.0,12.661958694458008
2005-09-20,19.98483657836914,19.73085594177246,19.86732292175293,19.780136108398438,4086200.0,12.608793258666992
2005-09-21,19.799089431762695,19.590599060058594,19.73085594177246,19.62850570678711,4833600.0,12.512141227722168
2005-09-22,19.943138122558594,19.598180770874023,19.74981117248535,19.8559513092041,3664400.0,12.657126426696777
2005-09-23,20.11372184753418,19.670204162597656,19.86732292175293,20.087186813354492,3365000.0,12.80452823638916
2005-09-26,20.409400939941406,19.715694427490234,20.22365379333496,19.905231475830078,3436200.0,12.688544273376465
2005-09-27,20.178165435791016,19.825626373291016,19.981046676635742,20.094768524169922,3999700.0,12.809364318847656
2005-09-28,20.13267707824707,19.74981117248535,20.090978622436523,20.018953323364258,4281700.0,12.773744583129883
2005-09-29,20.303260803222656,19.939348220825195,20.090978622436523,20.295679092407227,3093300.0,12.950318336486816
2005-09-30,20.405611038208008,20.166793823242188,20.337377548217773,20.405611038208008,2425100.0,13.020462989807129
2005-10-03,20.530704498291016,20.36012077331543,20.413192749023438,20.394237518310547,1934400.0,13.013209342956543
2005-10-04,20.564821243286133,20.10614013671875,20.394237518310547,20.12130355834961,3539100.0,12.83905029296875
2005-10-05,20.227445602416992,19.920394897460938,20.075815200805664,19.920394897460938,5899300.0,12.710860252380371
2005-10-06,20.163002014160156,19.764972686767578,19.99241828918457,19.96967315673828,3329600.0,12.742301940917969
2005-10-07,20.23123550415039,20.090978622436523,20.090978622436523,20.163002014160156,2798300.0,12.8656587600708
2005-10-10,20.23123550415039,19.981046676635742,20.166793823242188,20.090978622436523,2662500.0,12.81970500946045
2005-10-11,20.159212112426758,19.825626373291016,20.10993194580078,19.840787887573242,4424400.0,12.66005802154541
2005-10-12,19.931766510009766,19.63987922668457,19.844579696655273,19.799089431762695,2938400.0,12.633455276489258
2005-10-13,19.662622451782227,19.39348030090332,19.560272216796875,19.53752899169922,4713800.0,12.466558456420898
2005-10-14,19.74601936340332,19.495830535888672,19.548900604248047,19.689159393310547,2997800.0,12.56330680847168
2005-10-17,19.76876449584961,19.552690505981445,19.708112716674805,19.689159393310547,2383600.0,12.56330680847168
2005-10-18,19.734647750854492,19.488248825073242,19.598180770874023,19.63608741760254,2166000.0,12.529446601867676
2005-10-19,19.939348220825195,19.450340270996094,19.560272216796875,19.87869644165039,4203600.0,12.684244155883789
2005-10-20,19.63987922668457,18.574678421020508,19.63608741760254,18.737680435180664,15443300.0,11.956185340881348
2005-10-21,18.953752517700195,18.737680435180664,18.737680435180664,18.89689064025879,8073800.0,12.057777404785156
2005-10-24,19.423805236816406,18.991661071777344,18.991661071777344,19.37831687927246,6762700.0,12.36496639251709
2005-10-25,19.374526977539062,19.101593017578125,19.249431610107422,19.15087127685547,4856200.0,12.219837188720703
2005-10-26,19.366945266723633,19.128128051757812,19.166034698486328,19.177406311035156,4457600.0,12.23676586151123
2005-10-27,19.249431610107422,18.93100929260254,19.192569732666016,19.04473114013672,4815600.0,12.15211009979248
2005-10-28,19.420015335083008,19.059894561767578,19.200151443481445,19.37073516845703,6959500.0,12.360127449035645
2005-10-31,19.844579696655273,19.374526977539062,19.374526977539062,19.74981117248535,5030400.0,12.602005958557129
2005-11-01,19.935556411743164,19.601970672607422,19.74601936340332,19.799089431762695,4490900.0,12.633455276489258
2005-11-02,20.174373626708984,19.916603088378906,19.96967315673828,20.147838592529297,3760700.0,12.855987548828125
2005-11-03,20.416982650756836,20.053070068359375,20.151630401611328,20.094768524169922,5000300.0,12.822120666503906
2005-11-04,20.23123550415039,20.045488357543945,20.098560333251953,20.170583724975586,3027600.0,12.870499610900879
2005-11-07,20.25018882751465,20.072023391723633,20.10235023498535,20.170583724975586,3002800.0,12.870499610900879
2005-11-08,20.299468994140625,20.045488357543945,20.178165435791016,20.272933959960938,2459400.0,12.935806274414062
2005-11-09,20.235027313232422,20.02274513244629,20.22365379333496,20.049280166625977,5321300.0,12.793096542358398
2005-11-10,20.314632415771484,19.924184799194336,20.045488357543945,20.314632415771484,3980200.0,12.96241283416748
2005-11-11,20.682334899902344,20.307050704956055,20.35633087158203,20.640636444091797,2784900.0,13.170432090759277
2005-11-14,20.750568389892578,20.553449630737305,20.62168312072754,20.61410140991211,2432200.0,13.153495788574219
2005-11-15,20.72782325744629,20.481426239013672,20.61410140991211,20.633054733276367,2723900.0,13.165593147277832
2005-11-16,20.73540496826172,20.583776473999023,20.61789321899414,20.625473022460938,3499500.0,13.160749435424805
2005-11-17,21.038665771484375,20.682334899902344,20.682334899902344,21.038665771484375,3177900.0,13.424406051635742
2005-11-18,21.1940860748291,20.887035369873047,21.171342849731445,20.921152114868164,3145000.0,13.349422454833984
2005-11-21,21.1296443939209,20.879453659057617,20.959060668945312,21.118270874023438,2004600.0,13.475200653076172
2005-11-22,21.22820281982422,20.921152114868164,21.141016006469727,21.186504364013672,2901500.0,13.518735885620117
2005-11-23,21.186504364013672,21.000757217407227,21.125852584838867,21.046247482299805,1821000.0,13.429247856140137
2005-11-25,21.21303939819336,20.705080032348633,20.73919677734375,21.110689163208008,777900.0,13.470362663269043
2005-11-28,21.22820281982422,20.796056747436523,21.22441291809082,20.8415470123291,2672500.0,13.298627853393555
2005-11-29,21.046247482299805,20.887035369873047,20.887035369873047,20.96664047241211,2973200.0,13.37844181060791
2005-11-30,21.182714462280273,20.902198791503906,20.96664047241211,21.038665771484375,5365600.0,13.424406051635742
2005-12-01,21.60727882385254,21.243366241455078,21.285064697265625,21.501136779785156,4078800.0,13.719499588012695
2005-12-02,21.565580368041992,21.304018020629883,21.45564842224121,21.527671813964844,3464700.0,13.736432075500488
2005-12-05,21.71341896057129,21.535253524780273,21.539045333862305,21.660348892211914,4519100.0,13.821091651916504
2005-12-06,22.043214797973633,21.675512313842773,21.679302215576172,21.94465446472168,6447200.0,14.002500534057617
2005-12-07,22.137983322143555,21.880212783813477,21.9749813079834,22.012887954711914,6061500.0,14.046043395996094
2005-12-08,21.96739959716797,21.736164093017578,21.96739959716797,21.921911239624023,4275100.0,13.987991333007812
2005-12-09,22.012887954711914,21.8271427154541,21.96739959716797,21.95981788635254,1998500.0,14.012176513671875
2005-12-12,22.005306243896484,21.72100067138672,21.95981788635254,21.876420974731445,4044000.0,13.958963394165039
2005-12-13,21.94844627380371,21.72100067138672,21.876420974731445,21.8347225189209,2664100.0,13.932353019714355
2005-12-14,21.997726440429688,21.71341896057129,21.8309326171875,21.880212783813477,2463800.0,13.961384773254395
2005-12-15,21.986352920532227,21.56937026977539,21.986352920532227,21.747535705566406,8526500.0,13.876720428466797
2005-12-16,21.69825553894043,21.053829193115234,21.69825553894043,21.148597717285156,9526300.0,13.494547843933105
2005-12-19,21.296436309814453,21.050037384033203,21.22441291809082,21.12206268310547,3648800.0,13.47762393951416
2005-12-20,21.21683120727539,20.894617080688477,21.09552764892578,20.96285057067871,2810500.0,13.376033782958984
2005-12-21,21.175132751464844,21.000757217407227,21.133434295654297,21.053829193115234,2837400.0,13.434082984924316
2005-12-22,21.141016006469727,20.913570404052734,21.057619094848633,21.008338928222656,2506600.0,13.405051231384277
2005-12-23,21.22062110900879,21.050037384033203,21.06899070739746,21.118270874023438,1098100.0,13.475200653076172
2005-12-27,21.285064697265625,20.95526885986328,21.1296443939209,20.96285057067871,1887700.0,13.376033782958984
2005-12-28,21.08794593811035,20.890827178955078,21.057619094848633,21.023502349853516,1313700.0,13.427541732788086
2005-12-29,21.372251510620117,21.038665771484375,21.038665771484375,21.21683120727539,2135700.0,13.55102252960205
2005-12-30,21.379833221435547,21.12206268310547,21.22062110900879,21.144805908203125,1642100.0,13.50501537322998
2006-01-03,21.421531677246094,20.807430267333984,21.262319564819336,21.364669799804688,3356800.0,13.6454439163208
2006-01-04,21.56178855895996,21.281272888183594,21.364669799804688,21.45564842224121,3533300.0,13.703548431396484
2006-01-05,21.550416946411133,21.118270874023438,21.429113388061523,21.250947952270508,4283300.0,13.572808265686035
2006-01-06,21.664138793945312,21.497346878051758,21.527671813964844,21.56937026977539,3477600.0,13.776185035705566
2006-01-09,21.59211540222168,21.35329818725586,21.56937026977539,21.47460174560547,3037600.0,13.715654373168945
2006-01-10,21.4783935546875,21.1940860748291,21.4783935546875,21.243366241455078,4247900.0,13.567968368530273
2006-01-11,21.247156143188477,20.913570404052734,21.23578453063965,20.97801399230957,5074100.0,13.398486137390137
2006-01-12,20.951478958129883,20.62168312072754,20.921152114868164,20.648218154907227,4145600.0,13.187851905822754
2006-01-13,21.21303939819336,20.667171478271484,20.72782325744629,20.959060668945312,6075800.0,13.386382102966309
2006-01-17,20.924943923950195,20.659589767456055,20.71645164489746,20.84912872314453,3222000.0,13.316170692443848
2006-01-18,21.11448097229004,20.686126708984375,20.811220169067383,20.99317741394043,2567500.0,13.40816879272461
2006-01-19,21.22062110900879,20.97801399230957,21.061410903930664,21.07657241821289,3071100.0,13.461437225341797
2006-01-20,21.050037384033203,20.59514808654785,21.050037384033203,20.60272979736328,5390200.0,13.158796310424805
2006-01-23,20.670963287353516,20.48521614074707,20.62168312072754,20.60272979736328,3360200.0,13.158796310424805
2006-01-24,20.83017349243164,20.576194763183594,20.61410140991211,20.73540496826172,4590300.0,13.243535041809082
2006-01-25,20.822593688964844,20.557239532470703,20.697498321533203,20.583776473999023,4317600.0,13.14669418334961
2006-01-26,21.171342849731445,20.788476943969727,20.96285057067871,20.96285057067871,4646800.0,13.38880443572998
2006-01-27,21.22820281982422,20.871871948242188,21.11448097229004,21.057619094848633,3050300.0,13.44933032989502
2006-01-30,21.774070739746094,21.11448097229004,21.141016006469727,21.527671813964844,4878700.0,13.749549865722656
2006-01-31,21.595905303955078,21.250947952270508,21.379833221435547,21.47081184387207,3167700.0,13.71323299407959
2006-02-01,21.535253524780273,21.247156143188477,21.33055305480957,21.512510299682617,2842900.0,13.739864349365234
2006-02-02,21.550416946411133,21.137226104736328,21.550416946411133,21.273693084716797,2549800.0,13.587335586547852
2006-02-03,21.292646408081055,21.000757217407227,21.190296173095703,21.034873962402344,2853200.0,13.434807777404785
2006-02-06,21.23578453063965,20.943897247314453,21.008338928222656,21.182714462280273,2104000.0,13.529229164123535
2006-02-07,21.20924949645996,20.924943923950195,21.186504364013672,20.932523727416992,3122300.0,13.36943244934082
2006-02-08,21.34571647644043,20.905988693237305,21.038665771484375,21.300228118896484,3728500.0,13.604280471801758
2006-02-09,21.546627044677734,21.20166778564453,21.300228118896484,21.32297134399414,2522700.0,13.618809700012207
2006-02-10,21.46323013305664,21.190296173095703,21.326763153076172,21.421531677246094,2108500.0,13.681758880615234
2006-02-13,21.531463623046875,21.34192657470703,21.425321578979492,21.504928588867188,1925400.0,13.735023498535156
2006-02-14,21.95981788635254,21.36846160888672,21.512510299682617,21.895376205444336,3239400.0,13.98440170288086
2006-02-15,21.982563018798828,21.512510299682617,21.819561004638672,21.929492950439453,2330900.0,14.006189346313477
2006-02-16,22.592872619628906,21.96360969543457,21.982563018798828,22.54738426208496,6700200.0,14.400833129882812
2006-02-17,22.884761810302734,22.41470718383789,22.884761810302734,22.736921310424805,4094900.0,14.521885871887207
2006-02-21,22.846853256225586,22.68006134033203,22.744503021240234,22.740713119506836,2974300.0,14.52430534362793
2006-02-22,23.275209426879883,22.934040069580078,22.987112045288086,23.18423080444336,4589800.0,14.807577133178711
2006-02-23,23.64670181274414,23.104623794555664,23.244882583618164,23.29795265197754,4218400.0,14.880212783813477
2006-02-24,23.30174446105957,23.04018211364746,23.30174446105957,23.210765838623047,2352500.0,14.824531555175781
2006-02-27,23.510234832763672,23.214555740356445,23.332069396972656,23.38513946533203,1995900.0,14.93590259552002
2006-02-28,23.275209426879883,22.831689834594727,23.1728572845459,22.964366912841797,3776800.0,14.667147636413574
2006-03-01,23.229719161987305,22.869598388671875,22.94541358947754,23.19939422607422,2567800.0,14.817269325256348
2006-03-02,23.332069396972656,22.90750503540039,22.990901947021484,23.081880569458008,3549400.0,14.742212295532227
2006-03-03,23.332069396972656,22.843063354492188,22.888551712036133,23.112205505371094,2237800.0,14.761576652526855
2006-03-06,23.203184127807617,22.858226776123047,23.06671714782715,22.884761810302734,2332700.0,14.616310119628906
2006-03-07,23.244882583618164,22.82411003112793,22.896133422851562,23.180438995361328,2546400.0,14.805163383483887
2006-03-08,23.225929260253906,22.93025016784668,23.123579025268555,23.15390396118164,2936800.0,14.788212776184082
2006-03-09,23.487489700317383,23.123579025268555,23.157695770263672,23.206974029541016,3037600.0,14.82210636138916
2006-03-10,23.260046005249023,23.013647079467773,23.206974029541016,23.237300872802734,3385300.0,14.841480255126953
2006-03-13,23.366186141967773,23.104623794555664,23.332069396972656,23.29795265197754,1808800.0,14.880212783813477
2006-03-14,23.77937889099121,23.18423080444336,23.260046005249023,23.718727111816406,2699700.0,15.148959159851074
2006-03-15,23.889310836791992,23.620166778564453,23.6656551361084,23.8059139251709,3596900.0,15.204646110534668
2006-03-16,24.416223526000977,23.874147415161133,23.881729125976562,24.222896575927734,3289500.0,15.47097110748291
2006-03-17,24.799089431762695,24.317665100097656,24.321455001831055,24.454132080078125,4854400.0,15.618657112121582
2006-03-20,24.423805236816406,24.14328956604004,24.374526977539062,24.24563980102539,2286800.0,15.485491752624512
2006-03-21,24.480667114257812,23.984079360961914,24.230478286743164,24.014404296875,2778300.0,15.337807655334473
2006-03-22,24.355571746826172,23.953752517700195,24.00682258605957,24.27217674255371,2086900.0,15.502442359924316
2006-03-23,24.427597045898438,24.075056076049805,24.302501678466797,24.25701332092285,2503100.0,15.492759704589844
2006-03-24,24.495830535888672,24.192569732666016,24.26080322265625,24.461713790893555,1932000.0,15.62350082397461
2006-03-27,24.564064025878906,24.12433624267578,24.461713790893555,24.310083389282227,2122200.0,15.526649475097656
2006-03-28,24.40106201171875,24.071266174316406,24.355571746826172,24.166034698486328,2343800.0,15.434653282165527
2006-03-29,24.355571746826172,24.112964630126953,24.200151443481445,24.29113006591797,1970300.0,15.5274019241333
2006-03-30,24.39348030090332,24.02198600769043,24.181198120117188,24.135709762573242,2099800.0,15.42805290222168
2006-03-31,24.332828521728516,24.086429595947266,24.101593017578125,24.090219497680664,2816000.0,15.398974418640137
2006-04-03,24.469295501708984,23.946170806884766,24.090219497680664,24.03335952758789,4342400.0,15.362625122070312
2006-04-04,24.518573760986328,23.794540405273438,24.03335952758789,24.454132080078125,5477200.0,15.631596565246582
2006-04-05,24.99241828918457,24.450340270996094,24.457921981811523,24.859743118286133,5543200.0,15.890865325927734
2006-04-06,25.10993194580078,24.87490463256836,25.01516342163086,24.943138122558594,3504800.0,15.94417667388916
2006-04-07,25.151630401611328,24.742229461669922,25.12509536743164,24.802881240844727,1827600.0,15.854520797729492
2006-04-10,24.98483657836914,24.63987922668457,24.87869644165039,24.818044662475586,1876600.0,15.864212036132812
2006-04-11,24.99241828918457,24.564064025878906,24.973464965820312,24.772554397583008,2879300.0,15.835135459899902
2006-04-12,25.526914596557617,24.927976608276367,25.2084903717041,25.0,5636000.0,15.980524063110352
2006-04-13,25.341167449951172,24.704320907592773,24.704320907592773,25.151630401611328,2620800.0,16.077451705932617
2006-04-17,25.4927978515625,24.859743118286133,25.4927978515625,25.03032684326172,2804700.0,15.999916076660156
2006-04-18,25.401819229125977,25.03032684326172,25.053070068359375,25.288097381591797,4085700.0,16.164682388305664
2006-04-19,25.769521713256836,25.322214126586914,25.538286209106445,25.62926483154297,4513300.0,16.38275909423828
2006-04-20,25.633054733276367,24.920394897460938,25.633054733276367,25.03032684326172,4871300.0,15.999916076660156
2006-04-21,25.227445602416992,24.62092399597168,25.227445602416992,24.734647750854492,4770000.0,15.810904502868652
2006-04-24,24.821834564208984,24.54511070251465,24.63987922668457,24.673995971679688,4656300.0,15.77213191986084
2006-04-25,24.73085594177246,24.412433624267578,24.658832550048828,24.51099395751953,3073200.0,15.66794204711914
2006-04-26,24.821834564208984,24.442760467529297,24.461713790893555,24.63987922668457,5128000.0,15.750327110290527
2006-04-27,24.734647750854492,24.38589859008789,24.442760467529297,24.54511070251465,4309900.0,15.689749717712402
2006-04-28,24.51099395751953,24.25322151184082,24.5072021484375,24.302501678466797,3381600.0,15.53466510772705
2006-05-01,24.51099395751953,24.14328956604004,24.39727020263672,24.14328956604004,3078800.0,15.432893753051758
2006-05-02,24.590599060058594,24.071266174316406,24.135709762573242,24.526155471801758,4163800.0,15.677628517150879
2006-05-03,24.601970672607422,24.302501678466797,24.52236557006836,24.450340270996094,2498700.0,15.629172325134277
2006-05-04,24.795299530029297,24.38210678100586,24.450340270996094,24.704320907592773,3240700.0,15.791520118713379
2006-05-05,25.542078018188477,24.89006805419922,24.939348220825195,25.34495735168457,5223500.0,16.201032638549805
2006-05-08,25.73919677734375,25.235027313232422,25.235027313232422,25.652009963989258,4129700.0,16.397296905517578
2006-05-09,25.7012882232666,25.542078018188477,25.652009963989258,25.667171478271484,3245000.0,16.406991958618164
2006-05-10,25.95526885986328,25.60651969909668,25.60651969909668,25.86050033569336,3209900.0,16.530576705932617
2006-05-11,25.924943923950195,25.682334899902344,25.924943923950195,25.85291862487793,4400400.0,16.52573013305664
2006-05-12,25.85291862487793,25.178165435791016,25.85291862487793,25.24260711669922,2867500.0,16.135602951049805
2006-05-15,25.303260803222656,24.65504264831543,25.24260711669922,24.943138122558594,2719500.0,15.94417667388916
2006-05-16,24.988628387451172,24.594388961791992,24.943138122558594,24.700531005859375,3332500.0,15.789098739624023
2006-05-17,24.63608741760254,23.90447235107422,24.450340270996094,24.188779830932617,3538600.0,15.4619722366333
2006-05-18,24.25701332092285,23.616376876831055,24.234268188476562,23.661865234375,4000700.0,15.125158309936523
2006-05-19,23.824867248535156,23.316905975341797,23.8059139251709,23.77937889099121,5541600.0,15.200276374816895
2006-05-22,24.014404296875,23.44579315185547,23.77937889099121,23.77558708190918,4186500.0,15.197854995727539
2006-05-23,24.056102752685547,23.495071411132812,23.836238861083984,23.506444931030273,3850900.0,15.025814056396484
2006-05-24,23.874147415161133,23.396512985229492,23.5216064453125,23.76421546936035,4442300.0,15.190585136413574
2006-05-25,24.16982650756836,23.794540405273438,23.89310073852539,24.128128051757812,3312800.0,15.423203468322754
2006-05-26,24.366945266723633,24.059894561767578,24.184988021850586,24.317665100097656,2127800.0,15.54436206817627
2006-05-30,24.332828521728516,23.65807342529297,24.329036712646484,23.65807342529297,3327300.0,15.122732162475586
2006-05-31,24.54511070251465,23.661865234375,23.824867248535156,24.302501678466797,5517900.0,15.53466510772705
2006-06-01,24.62850570678711,24.181198120117188,24.181198120117188,24.62471580505371,2867500.0,15.740629196166992
2006-06-02,24.78392791748047,24.249431610107422,24.6474609375,24.38210678100586,2900200.0,15.585554122924805
2006-06-05,24.548900604248047,23.949962615966797,24.38210678100586,23.961334228515625,3406900.0,15.316584587097168
2006-06-06,24.13949966430664,23.78696060180664,23.991661071777344,24.0106143951416,3628300.0,15.348087310791016
2006-06-07,24.77634620666504,23.87793731689453,24.556482315063477,23.87793731689453,3880700.0,15.263282775878906
2006-06-08,23.980287551879883,23.3131160736084,23.627748489379883,23.881729125976562,5602500.0,15.265704154968262
2006-06-09,24.25322151184082,23.89310073852539,23.89310073852539,23.953752517700195,3561500.0,15.31174087524414
2006-06-12,24.40864372253418,23.55951499938965,24.40864372253418,23.578468322753906,3392400.0,15.071857452392578
2006-06-13,23.756633758544922,23.30174446105957,23.578468322753906,23.377559661865234,4041100.0,14.943428993225098
2006-06-14,23.63153839111328,22.983320236206055,23.343442916870117,23.210765838623047,5916200.0,14.836807250976562
2006-06-15,24.13949966430664,23.222137451171875,23.233510971069336,24.05231285095215,3764400.0,15.374737739562988
2006-06-16,24.347990036010742,23.8703556060791,23.874147415161133,24.222896575927734,4149000.0,15.483783721923828
2006-06-19,24.332828521728516,23.949962615966797,24.238059997558594,24.177406311035156,4217100.0,15.454706192016602
2006-06-20,24.332828521728516,23.934799194335938,24.222896575927734,24.01819610595703,3220700.0,15.35293197631836
2006-06-21,24.351781845092773,23.942380905151367,23.953752517700195,24.27596664428711,3350200.0,15.517707824707031
2006-06-22,24.109172821044922,23.77937889099121,24.109172821044922,23.92342758178711,3944000.0,15.292353630065918
2006-06-23,24.29113006591797,23.730098724365234,23.828657150268555,24.13191795349121,2738200.0,15.42562484741211
2006-06-26,24.203943252563477,23.953752517700195,24.109172821044922,24.12433624267578,2228000.0,15.420783996582031
2006-06-27,24.351781845092773,23.89689064025879,24.063684463500977,23.89689064025879,3203000.0,15.275391578674316
2006-06-28,23.972705841064453,23.62395668029785,23.961334228515625,23.8703556060791,2429500.0,15.271214485168457
2006-06-29,24.423805236816406,23.730098724365234,23.730098724365234,24.38968849182129,4417000.0,15.603460311889648
2006-06-30,24.552690505981445,24.279756546020508,24.38968849182129,24.38210678100586,2908900.0,15.59860897064209
2006-07-03,24.677785873413086,24.38210678100586,24.412433624267578,24.63987922668457,1477000.0,15.763520240783691
2006-07-05,24.63987922668457,24.078847885131836,24.63987922668457,24.219104766845703,2774300.0,15.4943265914917
2006-07-06,24.54511070251465,24.211523056030273,24.317665100097656,24.302501678466797,2288400.0,15.547676086425781
2006-07-07,24.310083389282227,23.66944694519043,24.302501678466797,23.745262145996094,3024900.0,15.191184997558594
2006-07-10,23.813495635986328,23.54435157775879,23.76800537109375,23.741470336914062,3792100.0,15.18875503540039
2006-07-11,23.984079360961914,23.464746475219727,23.730098724365234,23.938589096069336,5831500.0,15.314866065979004
2006-07-12,24.241849899291992,23.828657150268555,23.938589096069336,24.014404296875,4193600.0,15.363364219665527
2006-07-13,23.938589096069336,23.29416275024414,23.938589096069336,23.502653121948242,4258700.0,15.03597354888916
2006-07-14,23.612585067749023,23.081880569458008,23.506444931030273,23.248672485351562,3231500.0,14.87348461151123
2006-07-17,23.256254196166992,22.896133422851562,23.089462280273438,22.896133422851562,3461500.0,14.64794921875
2006-07-18,23.04018211364746,22.638362884521484,23.009855270385742,22.892343521118164,3596900.0,14.645523071289062
2006-07-19,23.91584587097168,22.854434967041016,22.877180099487305,23.745262145996094,4915300.0,15.191184997558594
2006-07-20,24.97725486755371,24.067476272583008,24.48445701599121,24.071266174316406,8958300.0,15.39974594116211
2006-07-21,24.109172821044922,23.574678421020508,24.109172821044922,23.756633758544922,4808500.0,15.198453903198242
2006-07-24,24.313873291015625,23.745262145996094,23.76800537109375,24.287338256835938,3966200.0,15.537981986999512
2006-07-25,24.560272216796875,24.090219497680664,24.355571746826172,24.40106201171875,2841600.0,15.610735893249512
2006-07-26,24.435178756713867,23.984079360961914,24.317665100097656,24.25322151184082,4108400.0,15.516154289245605
2006-07-27,24.64366912841797,24.302501678466797,24.412433624267578,24.598180770874023,5860500.0,15.736842155456543
2006-07-28,25.12888526916504,24.598180770874023,24.692949295043945,24.86353302001953,5418700.0,15.906599998474121
2006-07-31,24.844579696655273,24.52994728088379,24.689159393310547,24.715694427490234,3495300.0,15.812023162841797
2006-08-01,24.6474609375,24.14708137512207,24.564064025878906,24.211523056030273,4349000.0,15.489479064941406
2006-08-02,24.347990036010742,23.87793731689453,24.215314865112305,24.128128051757812,6205100.0,15.43612289428711
2006-08-03,24.63987922668457,23.919635772705078,23.953752517700195,24.446550369262695,3204900.0,15.639836311340332
2006-08-04,24.97725486755371,24.62471580505371,24.75360107421875,24.87490463256836,5993700.0,15.913877487182617
2006-08-07,24.939348220825195,24.48445701599121,24.75739288330078,24.575435638427734,2899600.0,15.722293853759766
2006-08-08,24.810462951660156,24.279756546020508,24.696739196777344,24.480667114257812,4278000.0,15.661662101745605
2006-08-09,24.772554397583008,23.88551902770996,24.704320907592773,23.919635772705078,4594000.0,15.302742004394531
2006-08-10,24.13949966430664,23.616376876831055,23.855194091796875,24.03335952758789,3504300.0,15.375494003295898
2006-08-11,24.071266174316406,23.78696060180664,24.03335952758789,24.02577781677246,2232500.0,15.370645523071289
2006-08-14,24.772554397583008,24.078847885131836,24.772554397583008,24.135709762573242,5207600.0,15.4409761428833
2006-08-15,24.689159393310547,24.442760467529297,24.5072021484375,24.51099395751953,4227900.0,15.681065559387207
2006-08-16,24.927976608276367,24.567853927612305,24.63987922668457,24.8559513092041,2916300.0,15.901749610900879
2006-08-17,25.094768524169922,24.681577682495117,24.727066040039062,24.9962100982666,4781900.0,15.991488456726074
2006-08-18,24.99241828918457,24.696739196777344,24.988628387451172,24.799089431762695,2716600.0,15.86538028717041
2006-08-21,24.719484329223633,24.480667114257812,24.715694427490234,24.575435638427734,3335400.0,15.722293853759766
2006-08-22,25.01516342163086,24.552690505981445,24.601970672607422,24.954511642456055,5591700.0,15.96480941772461
2006-08-23,24.958301544189453,24.75360107421875,24.86353302001953,24.939348220825195,8838000.0,15.955105781555176
2006-08-24,25.170583724975586,24.802881240844727,24.943138122558594,24.840787887573242,4727800.0,15.89205551147461
2006-08-25,24.943138122558594,24.677785873413086,24.780136108398438,24.795299530029297,2203500.0,15.862954139709473
2006-08-28,25.10614013671875,24.715694427490234,24.715694427490234,25.026535034179688,3792100.0,16.010883331298828
2006-08-29,25.50037956237793,25.03032684326172,25.045488357543945,25.50037956237793,5564000.0,16.314035415649414
2006-08-30,25.670963287353516,25.310840606689453,25.47763442993164,25.326004028320312,4881800.0,16.202472686767578
2006-08-31,25.420772552490234,25.087186813354492,25.36012077331543,25.12888526916504,2568300.0,16.07636833190918
2006-09-01,25.416982650756836,25.12888526916504,25.13267707824707,25.24639892578125,2042800.0,16.15154266357422
2006-09-05,25.409400939941406,24.780136108398438,25.25018882751465,25.329795837402344,4930100.0,16.204898834228516
2006-09-06,25.329795837402344,24.840787887573242,25.329795837402344,24.859743118286133,3759600.0,15.9041748046875
2006-09-07,24.7915096282959,24.423805236816406,24.692949295043945,24.560272216796875,3714800.0,15.712587356567383
2006-09-08,24.76118278503418,24.533737182617188,24.605762481689453,24.65504264831543,1372800.0,15.773221969604492
2006-09-11,24.981046676635742,24.412433624267578,24.950719833374023,24.469295501708984,2521900.0,15.65439224243164
2006-09-12,24.689159393310547,24.48445701599121,24.5034122467041,24.60955238342285,2620300.0,15.744114875793457
2006-09-13,25.034116744995117,24.541318893432617,24.564064025878906,24.962093353271484,2946600.0,15.969657897949219
2006-09-14,25.13646697998047,24.78392791748047,24.965883255004883,25.056861877441406,1941500.0,16.030284881591797
2006-09-15,25.36770248413086,25.181955337524414,25.265352249145508,25.284305572509766,3609300.0,16.175792694091797
2006-09-18,25.37149429321289,25.072023391723633,25.37149429321289,25.26914405822754,3368100.0,16.166091918945312
2006-09-19,25.409400939941406,25.049280166625977,25.170583724975586,25.386655807495117,3650400.0,16.24127960205078
2006-09-20,25.822593688964844,25.401819229125977,25.443517684936523,25.667171478271484,3929800.0,16.420734405517578
2006-09-21,25.72782325744629,25.36770248413086,25.667171478271484,25.405611038208008,3380300.0,16.25340461730957
2006-09-22,25.435935974121094,24.973464965820312,25.37907600402832,25.36391258239746,2471200.0,16.226720809936523
2006-09-25,25.769521713256836,25.39044761657715,25.561031341552734,25.686126708984375,4220800.0,16.432865142822266
2006-09-26,25.777103424072266,25.405611038208008,25.769521713256836,25.625473022460938,5220600.0,16.394058227539062
2006-09-27,25.921152114868164,25.7012882232666,25.86808204650879,25.85291862487793,3903100.0,16.552492141723633
2006-09-28,26.057619094848633,25.85291862487793,25.85291862487793,25.951478958129883,3033700.0,16.61559295654297
2006-09-29,26.175132751464844,25.815011978149414,25.951478958129883,26.031084060668945,2941600.0,16.666561126708984
2006-10-02,26.031084060668945,25.47763442993164,26.031084060668945,25.51554298400879,3972300.0,16.336475372314453
2006-10-03,25.73161506652832,25.3487491607666,25.519332885742188,25.553449630737305,3277900.0,16.360754013061523
2006-10-04,25.773313522338867,25.435935974121094,25.511751174926758,25.72782325744629,4141100.0,16.472393035888672
2006-10-05,26.118270874023438,25.60651969909668,25.659589767456055,26.06899070739746,2179700.0,16.69083023071289
2006-10-06,26.08794593811035,25.72403335571289,25.936315536499023,25.97801399230957,3086700.0,16.632583618164062
2006-10-09,26.008338928222656,25.7012882232666,25.773313522338867,25.985595703125,2190300.0,16.637432098388672
2006-10-10,26.20166778564453,25.815011978149414,26.053829193115234,26.1296443939209,2286800.0,16.729663848876953
2006-10-11,26.065200805664062,25.712661743164062,26.034873962402344,25.879453659057617,2521100.0,16.569473266601562
2006-10-12,26.45185661315918,26.057619094848633,26.065200805664062,26.425321578979492,3395100.0,16.918973922729492
2006-10-13,26.603487014770508,26.06899070739746,26.34192657470703,26.535253524780273,3118100.0,16.989356994628906
2006-10-16,27.122819900512695,26.391204833984375,26.44806671142578,27.119029998779297,3050300.0,17.363122940063477
2006-10-17,27.065959930419922,26.664138793945312,26.96360969543457,26.9749813079834,4265300.0,17.27089500427246
2006-10-18,27.354055404663086,26.497346878051758,27.119029998779297,26.72100067138672,4544700.0,17.10828399658203
2006-10-19,26.683094024658203,26.065200805664062,26.58074378967285,26.57695198059082,3962500.0,17.01605224609375
2006-10-20,26.656557083129883,26.288854598999023,26.58074378967285,26.637603759765625,4528900.0,17.054887771606445
2006-10-23,26.762699127197266,26.497346878051758,26.630022048950195,26.69825553894043,3158400.0,17.09372329711914
2006-10-24,26.910537719726562,26.46702003479004,26.69825553894043,26.868839263916016,3077200.0,17.202939987182617
2006-10-25,27.009098052978516,26.520090103149414,26.925701141357422,26.72100067138672,5456900.0,17.10828399658203
2006-10-26,26.93707275390625,26.535253524780273,26.80060577392578,26.921911239624023,2341200.0,17.23691749572754
2006-10-27,26.83851432800293,26.489765167236328,26.83851432800293,26.641395568847656,2608900.0,17.05731201171875
2006-10-30,27.103866577148438,26.539045333862305,26.755117416381836,26.971189498901367,3278200.0,17.268470764160156
2006-10-31,27.346473693847656,27.107656478881836,27.119029998779297,27.20621681213379,2829200.0,17.418949127197266
2006-11-01,27.365428924560547,26.690673828125,27.365428924560547,26.690673828125,3202000.0,17.088865280151367
2006-11-02,26.6868839263916,26.402578353881836,26.6868839263916,26.557998657226562,3057700.0,17.00391960144043
2006-11-03,26.811979293823242,26.45943832397461,26.774070739746094,26.656557083129883,1858200.0,17.067018508911133
2006-11-06,27.001516342163086,26.679302215576172,26.85367774963379,26.895376205444336,1985600.0,17.219926834106445
2006-11-07,27.19484519958496,26.781652450561523,26.899166107177734,26.86125946044922,2431400.0,17.198083877563477
2006-11-08,27.513267517089844,26.667930603027344,26.82335090637207,27.399545669555664,3447300.0,17.542724609375
2006-11-09,27.68764305114746,27.33131217956543,27.482940673828125,27.346473693847656,3544600.0,17.508745193481445
2006-11-10,27.357847213745117,27.035633087158203,27.30856704711914,27.232751846313477,3204100.0,17.435935974121094
2006-11-13,27.623199462890625,27.22138023376465,27.236543655395508,27.501895904541016,2323800.0,17.608253479003906
2006-11-14,27.67626953125,27.30098533630371,27.513267517089844,27.66868782043457,1954200.0,17.715042114257812
2006-11-15,28.05155372619629,27.596664428710938,27.604246139526367,27.827899932861328,3378700.0,17.81698226928711
2006-11-16,28.089462280273438,27.638362884521484,27.949203491210938,27.68764305114746,2457800.0,17.7271785736084
2006-11-17,27.81273651123047,27.486732482910156,27.623199462890625,27.79757308959961,1574000.0,17.797571182250977
2006-11-20,27.77861976623535,27.44503402709961,27.657316207885742,27.615617752075195,2507400.0,17.68106460571289
2006-11-21,28.476118087768555,27.6724796295166,27.755876541137695,28.42304801940918,4656800.0,18.198028564453125
2006-11-22,28.53676986694336,28.142532348632812,28.426837921142578,28.324487686157227,1849500.0,18.13492202758789
2006-11-24,28.52539825439453,28.115997314453125,28.115997314453125,28.241092681884766,756300.0,18.081527709960938
2006-11-27,28.244882583618164,27.42987060546875,28.241092681884766,27.44503402709961,3046600.0,17.571849822998047
2006-11-28,27.649734497070312,27.28582191467285,27.29340362548828,27.543594360351562,2506100.0,17.634958267211914
2006-11-29,27.896133422851562,27.53980255126953,27.66110610961914,27.869598388671875,2440900.0,17.843679428100586
2006-11-30,28.085670471191406,27.717967987060547,27.858226776123047,27.717967987060547,2309800.0,17.746601104736328
2006-12-01,27.873388290405273,27.164518356323242,27.721759796142578,27.365428924560547,3529100.0,17.520883560180664
2006-12-04,27.740713119506836,27.05458641052246,27.103866577148438,27.611827850341797,6767700.0,17.678638458251953
2006-12-05,27.69143295288086,27.42228889465332,27.56254768371582,27.482940673828125,4093900.0,17.596118927001953
2006-12-06,27.619409561157227,27.30098533630371,27.32373046875,27.486732482910156,2193200.0,17.59854507446289
2006-12-07,27.78620147705078,27.33889389038086,27.46019744873047,27.350265502929688,2077600.0,17.511167526245117
2006-12-08,27.581501007080078,27.255496978759766,27.354055404663086,27.342683792114258,2378600.0,17.506322860717773
2006-12-11,27.395753860473633,27.137983322143555,27.289613723754883,27.304777145385742,2620500.0,17.482051849365234
2006-12-12,27.611827850341797,27.304777145385742,27.304777145385742,27.513267517089844,3474500.0,17.615535736083984
2006-12-13,27.79757308959961,27.41470718383789,27.748294830322266,27.509477615356445,3622500.0,17.61311149597168
2006-12-14,27.994693756103516,27.471569061279297,27.509477615356445,27.858226776123047,3417200.0,17.836402893066406
2006-12-15,28.203184127807617,27.721759796142578,27.89992332458496,27.858226776123047,4050900.0,17.836402893066406
2006-12-18,28.06671714782715,27.733131408691406,27.89992332458496,27.774829864501953,1892200.0,17.783000946044922
2006-12-19,27.846853256225586,27.43366241455078,27.471569061279297,27.846853256225586,4378000.0,17.82911491394043
2006-12-20,27.975738525390625,27.79378318786621,27.888551712036133,27.911296844482422,2931300.0,17.870376586914062
2006-12-21,27.987112045288086,27.57771110534668,27.93025016784668,27.608036041259766,1738700.0,17.67621612548828
2006-12-22,27.645944595336914,27.33889389038086,27.611827850341797,27.44503402709961,1555600.0,17.571849822998047
2006-12-26,27.653526306152344,27.391963958740234,27.391963958740234,27.58529281616211,1194400.0,17.661645889282227
2006-12-27,27.839271545410156,27.596664428710938,27.626989364624023,27.827899932861328,1742100.0,17.829910278320312
2006-12-28,27.91887855529785,27.68764305114746,27.744503021240234,27.740713119506836,2433200.0,17.7740421295166
2006-12-29,27.763456344604492,27.42228889465332,27.695222854614258,27.46019744873047,1752600.0,17.594310760498047
2007-01-03,27.55496597290039,26.793025970458984,27.46019744873047,27.160728454589844,5680400.0,17.402437210083008
2007-01-04,27.32373046875,26.906747817993164,27.160728454589844,27.236543655395508,4208900.0,17.45101547241211
2007-01-05,27.19863510131836,26.71341896057129,27.19863510131836,26.93328285217285,3859300.0,17.256710052490234
2007-01-08,27.270660400390625,26.857467651367188,26.876420974731445,27.17588996887207,4220200.0,17.412155151367188
2007-01-09,27.79378318786621,27.20242691040039,27.251705169677734,27.5322208404541,4521500.0,17.640460968017578
2007-01-10,27.771038055419922,27.20242691040039,27.44503402709961,27.725549697875977,3729000.0,17.76432228088379
2007-01-11,28.04018211364746,27.744503021240234,27.759666442871094,27.934040069580078,2343000.0,17.897920608520508
2007-01-12,27.998483657836914,27.589082717895508,27.71417808532715,27.865806579589844,2784100.0,17.854196548461914
2007-01-16,28.097043991088867,27.744503021240234,27.767248153686523,28.06671714782715,2523700.0,17.98292350769043
2007-01-17,28.453372955322266,27.975738525390625,27.975738525390625,28.252464294433594,2273100.0,18.101938247680664
2007-01-18,28.476118087768555,27.956785202026367,27.956785202026367,28.38513946533203,2531600.0,18.186948776245117
2007-01-19,28.79075050354004,28.328279495239258,28.476118087768555,28.726306915283203,4073800.0,18.405536651611328
2007-01-22,28.730098724365234,28.210765838623047,28.650493621826172,28.28278923034668,3298800.0,18.121368408203125
2007-01-23,28.79833221435547,28.1690673828125,28.377559661865234,28.574678421020508,3294000.0,18.308385848999023
2007-01-24,28.453372955322266,28.206974029541016,28.39272117614746,28.39272117614746,4380900.0,18.191802978515625
2007-01-25,28.77179718017578,28.021228790283203,28.487489700317383,28.05155372619629,4265900.0,17.97320556640625
2007-01-26,28.06671714782715,27.217588424682617,27.941621780395508,27.498104095458984,6464400.0,17.618608474731445
2007-01-29,27.498104095458984,27.19105339050293,27.403335571289062,27.30098533630371,4445500.0,17.4923038482666
2007-01-30,27.471569061279297,27.0394229888916,27.395753860473633,27.42987060546875,4532300.0,17.574880599975586
2007-01-31,28.14632225036621,27.448823928833008,27.463987350463867,28.074298858642578,3839600.0,17.987777709960938
2007-02-01,28.377559661865234,27.964366912841797,28.222137451171875,28.108415603637695,4901900.0,18.009641647338867
2007-02-02,28.225929260253906,27.93783187866211,28.203184127807617,28.089462280273438,2237800.0,17.99749183654785
2007-02-05,28.203184127807617,27.744503021240234,28.05155372619629,28.0250186920166,2307100.0,17.956209182739258
2007-02-06,28.13874053955078,27.968156814575195,28.134950637817383,28.0250186920166,1579300.0,17.956209182739258
2007-02-07,28.206974029541016,27.964366912841797,28.06292724609375,28.03639030456543,1318400.0,17.96349334716797
2007-02-08,28.05155372619629,27.774829864501953,28.04397201538086,27.843063354492188,1893500.0,17.83962059020996
2007-02-09,27.975738525390625,27.520849227905273,27.846853256225586,27.58529281616211,1727000.0,17.674461364746094
2007-02-12,27.789993286132812,27.536012649536133,27.68006134033203,27.634571075439453,1239300.0,17.706045150756836
2007-02-13,27.68006134033203,27.395753860473633,27.649734497070312,27.581501007080078,2656900.0,17.672035217285156
2007-02-14,27.91887855529785,27.53980255126953,27.581501007080078,27.884761810302734,2708100.0,17.866342544555664
2007-02-15,28.089462280273438,27.80894660949707,27.998483657836914,28.070507049560547,1954700.0,17.985349655151367
2007-02-16,28.013647079467773,27.79757308959961,27.91887855529785,27.880970001220703,2165500.0,17.863914489746094
2007-02-20,28.43062973022461,27.89992332458496,27.93783187866211,28.396512985229492,3845900.0,18.19422721862793
2007-02-21,28.396512985229492,28.19939422607422,28.396512985229492,28.218347549438477,2860300.0,18.0800724029541
2007-02-22,28.29795265197754,27.94541358947754,28.14632225036621,28.104623794555664,2076100.0,18.00720977783203
2007-02-23,28.241092681884766,27.987112045288086,28.108415603637695,28.078088760375977,1410000.0,17.990205764770508
2007-02-26,28.214555740356445,27.869598388671875,28.115997314453125,27.92646026611328,2209000.0,17.8930606842041
2007-02-27,27.827899932861328,26.550416946411133,27.82411003112793,26.804397583007812,6027300.0,17.17412567138672
2007-02-28,27.33131217956543,26.755117416381836,26.80818748474121,27.17588996887207,6259700.0,17.412155151367188
2007-03-01,27.259286880493164,26.611068725585938,26.914329528808594,27.031843185424805,5843100.0,17.31986427307129
2007-03-02,27.058378219604492,26.444276809692383,26.914329528808594,26.489765167236328,4250600.0,16.972536087036133
2007-03-05,27.103866577148438,26.197877883911133,26.288854598999023,26.736164093017578,7628500.0,17.13041114807129
2007-03-06,27.263078689575195,26.724790573120117,26.914329528808594,27.247915267944336,5442400.0,17.458301544189453
2007-03-07,27.19863510131836,26.633813858032227,27.172100067138672,26.683094024658203,7456000.0,17.096403121948242
2007-03-08,27.050796508789062,26.69825553894043,26.83851432800293,26.751327514648438,3794700.0,17.14012336730957
2007-03-09,27.06974983215332,26.72858238220215,26.990144729614258,26.83851432800293,3071100.0,17.195993423461914
2007-03-12,27.130401611328125,26.675512313842773,26.690673828125,27.058378219604492,2407100.0,17.33686065673828
2007-03-13,27.009098052978516,26.421531677246094,26.997726440429688,26.497346878051758,5549500.0,16.977401733398438
2007-03-14,26.80818748474121,26.31538963317871,26.535253524780273,26.71721076965332,3518500.0,17.118268966674805
2007-03-15,26.95981788635254,26.557998657226562,26.690673828125,26.884002685546875,2760400.0,17.225130081176758
2007-03-16,27.122819900512695,26.842304229736328,26.94844627380371,26.910537719726562,3397200.0,17.24213981628418
2007-03-19,27.335102081298828,26.971189498901367,27.141773223876953,27.134193420410156,2759000.0,17.385435104370117
2007-03-20,27.225170135498047,26.993934631347656,27.08491325378418,27.065959930419922,2865300.0,17.34171485900879
2007-03-21,27.592872619628906,26.865049362182617,27.043214797973633,27.56254768371582,5060700.0,17.659896850585938
2007-03-22,27.630781173706055,27.304777145385742,27.589082717895508,27.403335571289062,3066100.0,17.55788230895996
2007-03-23,27.505685806274414,27.22138023376465,27.403335571289062,27.395753860473633,2023300.0,17.55302619934082
2007-03-26,27.31235694885254,26.93328285217285,27.29340362548828,27.210006713867188,2483400.0,17.43401336669922
2007-03-27,27.244123458862305,26.724790573120117,27.009098052978516,27.164518356323242,5620500.0,17.40486717224121
2007-03-28,27.08491325378418,26.652767181396484,27.08491325378418,26.739953994750977,3546500.0,17.145462036132812
2007-03-29,26.95223617553711,26.667930603027344,26.914329528808594,26.762699127197266,3706900.0,17.160045623779297
2007-03-30,27.145565032958984,26.660348892211914,26.762699127197266,27.08491325378418,4183300.0,17.36664581298828
2007-04-02,27.17588996887207,26.81576919555664,26.81576919555664,27.09249496459961,4793500.0,17.371509552001953
2007-04-03,27.30098533630371,26.895376205444336,27.255496978759766,27.103866577148438,4957500.0,17.378795623779297
2007-04-04,27.156936645507812,26.857467651367188,27.103866577148438,26.880212783813477,3376100.0,17.235395431518555
2007-04-05,27.119029998779297,26.86125946044922,26.86125946044922,27.016679763793945,2184200.0,17.32289695739746
2007-04-09,27.024261474609375,26.880212783813477,27.024261474609375,26.906747817993164,2503400.0,17.252410888671875
2007-04-10,26.971189498901367,26.675512313842773,26.819561004638672,26.736164093017578,3572100.0,17.14303207397461
2007-04-11,26.990144729614258,26.611068725585938,26.736164093017578,26.804397583007812,4124200.0,17.186779022216797
2007-04-12,26.8309326171875,26.59969711303711,26.747535705566406,26.739953994750977,3986800.0,17.145462036132812
2007-04-13,27.005306243896484,26.539045333862305,26.8347225189209,26.918119430541992,3193000.0,17.259700775146484
2007-04-16,27.42987060546875,27.009098052978516,27.06974983215332,27.403335571289062,3237000.0,17.570817947387695
2007-04-17,27.767248153686523,27.384382247924805,27.767248153686523,27.482940673828125,3938000.0,17.621858596801758
2007-04-18,27.475360870361328,27.1834716796875,27.44503402709961,27.278240203857422,4854400.0,17.4906063079834
2007-04-19,27.4677791595459,26.819561004638672,27.107656478881836,27.012887954711914,4831700.0,17.320466995239258
2007-04-20,27.304777145385742,26.793025970458984,27.29340362548828,27.020469665527344,5854700.0,17.32533073425293
2007-04-23,27.282032012939453,26.94844627380371,27.096284866333008,27.050796508789062,3174000.0,17.344772338867188
2007-04-24,27.342683792114258,26.849885940551758,27.342683792114258,26.868839263916016,4039000.0,17.228105545043945
2007-04-25,26.971189498901367,26.622440338134766,26.914329528808594,26.84609603881836,4625700.0,17.213518142700195
2007-04-26,26.94086456298828,26.58453369140625,26.80060577392578,26.58453369140625,4703000.0,17.045806884765625
2007-04-27,26.986352920532227,26.387414932250977,26.527671813964844,26.929492950439453,5225000.0,17.26699447631836
2007-04-30,27.065959930419922,26.774070739746094,26.93328285217285,26.986352920532227,7017800.0,17.303457260131836
2007-05-01,27.581501007080078,26.70204734802246,26.70204734802246,27.126611709594727,5703800.0,17.393390655517578
2007-05-02,27.767248153686523,27.156936645507812,27.278240203857422,27.608036041259766,6030700.0,17.702072143554688
2007-05-03,28.05913543701172,27.638362884521484,27.763456344604492,27.91508674621582,5984500.0,17.898950576782227
2007-05-04,28.29037094116211,27.979530334472656,28.021228790283203,28.093252182006836,5149600.0,18.013185501098633
2007-05-07,28.13874053955078,27.66868782043457,28.081880569458008,27.69901466369629,3870400.0,17.760408401489258
2007-05-08,27.695222854614258,27.407127380371094,27.695222854614258,27.54738426208496,5584300.0,17.663183212280273
2007-05-09,27.57012939453125,27.357847213745117,27.45261573791504,27.501895904541016,4344500.0,17.63401222229004
2007-05-10,27.471569061279297,26.982563018798828,27.4677791595459,27.065959930419922,7480500.0,17.3544921875
2007-05-11,27.168310165405273,26.880212783813477,27.088703155517578,26.95602798461914,7558100.0,17.284008026123047
2007-05-14,27.1796817779541,26.880212783813477,27.103866577148438,26.94844627380371,5430300.0,17.279146194458008
2007-05-15,27.282032012939453,26.793025970458984,27.122819900512695,26.796815872192383,6850800.0,17.181926727294922
2007-05-16,27.274450302124023,26.857467651367188,27.274450302124023,27.103866577148438,6954800.0,17.378795623779297
2007-05-17,27.29340362548828,26.921911239624023,27.1796817779541,27.10007667541504,4335200.0,17.376371383666992
2007-05-18,27.141773223876953,26.857467651367188,27.10007667541504,26.978771209716797,7601100.0,17.2985897064209
2007-05-21,27.153146743774414,26.542835235595703,27.028051376342773,27.04700469970703,12723000.0,17.342342376708984
2007-05-22,27.42987060546875,27.137983322143555,27.232751846313477,27.145565032958984,6637200.0,17.40553092956543
2007-05-23,27.380590438842773,26.990144729614258,27.217588424682617,27.001516342163086,4585800.0,17.313175201416016
2007-05-24,27.153146743774414,26.557998657226562,27.028051376342773,26.59211540222168,5442900.0,17.050670623779297
2007-05-25,27.5322208404541,26.724790573120117,26.865049362182617,27.45261573791504,6300500.0,17.602420806884766
2007-05-29,28.119787216186523,27.528430938720703,27.592872619628906,27.66868782043457,6699900.0,17.740957260131836
2007-05-30,27.91508674621582,27.505685806274414,27.854434967041016,27.892343521118164,4036100.0,17.884368896484375
2007-05-31,28.263835906982422,27.831689834594727,27.846853256225586,27.862016677856445,3979600.0,17.86492156982422
2007-06-01,27.949203491210938,27.68006134033203,27.862016677856445,27.846853256225586,6329800.0,17.855194091796875
2007-06-04,28.1690673828125,27.740713119506836,28.1690673828125,27.90750503540039,2394500.0,17.894088745117188
2007-06-05,28.229719161987305,27.763456344604492,28.229719161987305,27.869598388671875,3878100.0,17.869783401489258
2007-06-06,27.748294830322266,27.19863510131836,27.6724796295166,27.407127380371094,5312100.0,17.57324981689453
2007-06-07,27.543594360351562,27.153146743774414,27.259286880493164,27.153146743774414,6076100.0,17.410398483276367
2007-06-08,27.278240203857422,26.872631072998047,27.103866577148438,27.274450302124023,4756000.0,17.488174438476562
2007-06-11,27.513267517089844,27.134193420410156,27.335102081298828,27.41470718383789,4349000.0,17.578107833862305
2007-06-12,27.581501007080078,27.236543655395508,27.41470718383789,27.266868591308594,3611100.0,17.48331642150879
2007-06-13,27.67626953125,27.236543655395508,27.278240203857422,27.67626953125,2836900.0,17.745826721191406
2007-06-14,27.956785202026367,27.592872619628906,27.630781173706055,27.865806579589844,2584100.0,17.86734962463379
2007-06-15,28.233510971069336,27.95299530029297,28.013647079467773,28.131160736083984,3518300.0,18.037494659423828
2007-06-18,28.41167640686035,28.002273559570312,28.14632225036621,28.29416275024414,3581800.0,18.14200782775879
2007-06-19,28.635330200195312,28.188020706176758,28.316905975341797,28.487489700317383,4701900.0,18.26597023010254
2007-06-20,28.726306915283203,28.188020706176758,28.53297996520996,28.225929260253906,3868300.0,18.098262786865234
2007-06-21,28.54814338684082,28.093252182006836,28.222137451171875,28.487489700317383,4110200.0,18.26597023010254
2007-06-22,28.52918815612793,28.05155372619629,28.43062973022461,28.093252182006836,3456300.0,18.013185501098633
2007-06-25,28.29795265197754,27.903715133666992,28.093252182006836,28.100833892822266,4765800.0,18.018047332763672
2007-06-26,28.354814529418945,27.964366912841797,28.195602416992188,28.05534553527832,3931600.0,17.98888397216797
2007-06-27,28.218347549438477,27.69143295288086,27.755876541137695,28.218347549438477,3744600.0,18.112764358520508
2007-06-28,28.711145401000977,28.089462280273438,28.222137451171875,28.43062973022461,4578200.0,18.249025344848633
2007-06-29,28.843820571899414,28.460954666137695,28.52539825439453,28.620166778564453,5290200.0,18.370685577392578
2007-07-02,29.086429595947266,28.77558708190918,28.874147415161133,29.02198600769043,3676300.0,18.628599166870117
2007-07-03,29.347990036010742,29.086429595947266,29.13949966430664,29.226686477661133,2697000.0,18.759998321533203
2007-07-05,29.336618423461914,29.003032684326172,29.332828521728516,29.067476272583008,2648800.0,18.657800674438477
2007-07-06,29.39727020263672,28.995450973510742,29.1584529876709,29.340410232543945,2321400.0,18.832996368408203
2007-07-09,29.704320907592773,29.249431610107422,29.302501678466797,29.575435638427734,3803400.0,18.98385238647461
2007-07-10,29.49203872680664,29.11675453186035,29.49203872680664,29.11675453186035,3662500.0,18.689437866210938
2007-07-11,29.188779830932617,28.92342758178711,29.097801208496094,29.097801208496094,3869900.0,18.677268981933594
2007-07-12,29.613344192504883,28.78316879272461,28.78316879272461,29.613344192504883,3236000.0,19.008182525634766
2007-07-13,29.662622451782227,29.461713790893555,29.613344192504883,29.62471580505371,1745800.0,19.015478134155273
2007-07-16,30.0037899017334,29.38589859008789,29.541318893432617,29.829416275024414,3776200.0,19.146879196166992
2007-07-17,30.47005271911621,29.75739288330078,29.75739288330078,30.416982650756836,7495000.0,19.524028778076172
2007-07-18,30.466262817382812,30.056861877441406,30.185747146606445,30.23123550415039,7732500.0,19.4047908782959
2007-07-19,30.227445602416992,29.548900604248047,29.833206176757812,29.799089431762695,8756300.0,19.127408981323242
2007-07-20,29.76876449584961,29.294919967651367,29.579227447509766,29.560272216796875,8646800.0,18.974117279052734
2007-07-23,30.03032684326172,29.234268188476562,29.39727020263672,29.351781845092773,6259900.0,18.840295791625977
2007-07-24,29.518573760986328,29.071266174316406,29.518573760986328,29.166034698486328,5670100.0,18.721073150634766
2007-07-25,29.541318893432617,28.968915939331055,29.211523056030273,29.332828521728516,4677100.0,18.828125
2007-07-26,29.332828521728516,28.1728572845459,28.961334228515625,28.55951499938965,7676000.0,18.331750869750977
2007-07-27,28.65428352355957,27.911296844482422,28.369977951049805,27.92266845703125,5922800.0,17.922977447509766
2007-07-30,29.226686477661133,28.324487686157227,28.65807342529297,29.056102752685547,8534900.0,18.650503158569336
2007-07-31,29.188779830932617,28.309326171875,28.866565704345703,28.309326171875,6977500.0,18.171159744262695
2007-08-01,28.77179718017578,28.112205505371094,28.354814529418945,28.733888626098633,7621100.0,18.443683624267578
2007-08-02,29.321455001831055,28.855194091796875,28.855194091796875,29.27217674255371,4842800.0,18.789194107055664
2007-08-03,29.567853927612305,28.620166778564453,29.567853927612305,28.737680435180664,5645500.0,18.44611358642578
2007-08-06,29.810462951660156,28.862773895263672,28.953752517700195,29.810462951660156,5043000.0,19.13471221923828
2007-08-07,30.420772552490234,29.344200134277344,29.560272216796875,30.181955337524414,6499700.0,19.3731632232666
2007-08-08,31.413949966430664,29.88627815246582,29.88627815246582,30.996967315673828,8891900.0,19.89630126953125
2007-08-09,31.205459594726562,30.322214126586914,30.73540496826172,30.8453369140625,8469200.0,19.798974990844727
2007-08-10,30.678544998168945,29.62850570678711,30.553449630737305,30.212282180786133,8864900.0,19.392627716064453
2007-08-13,30.337377548217773,29.344200134277344,30.02274513244629,29.61713409423828,6681200.0,19.0106143951416
2007-08-14,29.74601936340332,28.942380905151367,29.54511070251465,28.946170806884766,5322400.0,18.579940795898438
2007-08-15,29.097801208496094,28.127368927001953,28.847612380981445,28.252464294433594,5068600.0,18.134666442871094
2007-08-16,28.52918815612793,27.634571075439453,28.229719161987305,28.381349563598633,6963500.0,18.21739387512207
2007-08-17,29.13949966430664,27.983320236206055,28.351022720336914,29.014404296875,7112000.0,18.62373924255371
2007-08-20,29.420015335083008,28.680818557739258,29.226686477661133,28.980287551879883,3937200.0,18.601837158203125
2007-08-21,28.942380905151367,28.453372955322266,28.847612380981445,28.62395668029785,3032300.0,18.37311553955078
2007-08-22,29.416223526000977,28.828657150268555,29.05231285095215,29.279756546020508,3636400.0,18.79405975341797
2007-08-23,29.38589859008789,28.53676986694336,29.302501678466797,28.862773895263672,2941300.0,18.526411056518555
2007-08-24,29.105382919311523,28.62395668029785,28.809703826904297,29.02577781677246,3663600.0,18.63103675842285
2007-08-27,29.109172821044922,28.714935302734375,29.003032684326172,28.87793731689453,2462500.0,18.536142349243164
2007-08-28,28.76800537109375,27.941621780395508,28.695981979370117,27.968156814575195,4057700.0,17.95216941833496
2007-08-29,28.90068244934082,28.14632225036621,28.206974029541016,28.90068244934082,3954000.0,18.550743103027344
2007-08-30,29.488248825073242,28.570886611938477,28.79075050354004,29.063684463500977,4171900.0,18.655370712280273
2007-08-31,29.666414260864258,29.196361541748047,29.427597045898438,29.438968658447266,2734800.0,18.896255493164062
2007-09-04,30.00758171081543,29.442760467529297,29.579227447509766,29.799089431762695,3229900.0,19.127408981323242
2007-09-05,29.62850570678711,29.200151443481445,29.567853927612305,29.317665100097656,2545600.0,18.818397521972656
2007-09-06,29.685367584228516,29.112964630126953,29.215314865112305,29.548900604248047,2565900.0,18.966821670532227
2007-09-07,29.340410232543945,28.90068244934082,29.211523056030273,28.984079360961914,3337500.0,18.604272842407227
2007-09-10,29.329036712646484,28.434419631958008,28.980287551879883,28.968915939331055,2719500.0,18.59453582763672
2007-09-11,29.74601936340332,28.995450973510742,28.995450973510742,29.666414260864258,3266600.0,19.04224967956543
2007-09-12,30.00758171081543,29.457921981811523,29.62850570678711,29.5072021484375,2734200.0,18.9400577545166
2007-09-13,29.844579696655273,29.336618423461914,29.719484329223633,29.673995971679688,2667500.0,19.047119140625
2007-09-14,30.12888526916504,29.38210678100586,29.552690505981445,29.9962100982666,2915700.0,19.253936767578125
2007-09-17,30.265352249145508,29.76118278503418,29.787717819213867,29.909021377563477,2146200.0,19.19797706604004
2007-09-18,31.000757217407227,29.946929931640625,29.946929931640625,31.000757217407227,4767100.0,19.89873504638672
2007-09-19,31.736164093017578,31.178922653198242,31.247156143188477,31.410160064697266,3435700.0,20.161523818969727
2007-09-20,31.743745803833008,31.254737854003906,31.61486053466797,31.349506378173828,3104100.0,20.12259292602539
2007-09-21,31.785444259643555,31.243366241455078,31.72858238220215,31.36846160888672,5898800.0,20.134756088256836
2007-09-24,31.565580368041992,31.133434295654297,31.36846160888672,31.23199462890625,3542800.0,20.047163009643555
2007-09-25,31.785444259643555,31.034873962402344,31.08415412902832,31.774070739746094,3465500.0,20.39510726928711
2007-09-26,31.9749813079834,31.338134765625,31.86125946044922,31.444276809692383,3708700.0,20.202497482299805
2007-09-27,31.36846160888672,30.72403335571289,30.913570404052734,31.266111373901367,4536500.0,20.088029861450195
2007-09-28,31.46323013305664,31.159969329833984,31.273693084716797,31.35329818725586,2949000.0,20.144041061401367
2007-10-01,31.804397583007812,31.22062110900879,31.311599731445312,31.444276809692383,3484700.0,20.202497482299805
2007-10-02,31.573162078857422,31.21303939819336,31.3343448638916,31.429113388061523,3411700.0,20.19275665283203
2007-10-03,31.57695198059082,31.141016006469727,31.273693084716797,31.159969329833984,3061100.0,20.01983070373535
2007-10-04,31.357088088989258,31.000757217407227,31.1940860748291,31.065200805664062,2811300.0,19.958940505981445
2007-10-05,31.671720504760742,31.273693084716797,31.36087989807129,31.379833221435547,2880600.0,20.16109275817871
2007-10-08,31.781652450561523,31.311599731445312,31.45943832397461,31.402578353881836,1950500.0,20.17570686340332
2007-10-09,31.546627044677734,31.125852584838867,31.421531677246094,31.47460174560547,3414600.0,20.221981048583984
2007-10-10,31.46323013305664,30.97043228149414,31.349506378173828,31.258529663085938,2817900.0,20.083152770996094
2007-10-11,31.611068725585938,30.917362213134766,31.258529663085938,31.08794593811035,3441500.0,19.973562240600586
2007-10-12,31.262319564819336,30.59893798828125,31.027294158935547,31.262319564819336,2620500.0,20.085590362548828
2007-10-15,31.504928588867188,30.72403335571289,31.10689926147461,30.902198791503906,5102600.0,19.854217529296875
2007-10-16,31.285064697265625,30.36012077331543,31.08794593811035,30.48900604248047,5684600.0,19.588748931884766
2007-10-17,30.917362213134766,30.644428253173828,30.85671043395996,30.85671043395996,3608700.0,19.82499122619629
2007-10-18,31.436695098876953,30.62168312072754,30.73540496826172,31.296436309814453,3588900.0,20.107511520385742
2007-10-19,31.307809829711914,30.773313522338867,31.307809829711914,30.796056747436523,4201800.0,19.78602409362793
2007-10-22,31.37604331970215,30.542078018188477,30.644428253173828,31.281272888183594,3860100.0,20.097774505615234
2007-10-23,31.557998657226562,31.118270874023438,31.372251510620117,31.557998657226562,2782800.0,20.275558471679688
2007-10-24,31.550416946411133,30.99317741394043,31.535253524780273,31.4821834564209,4068000.0,20.22685432434082
2007-10-25,31.766489028930664,31.12206268310547,31.46702003479004,31.364669799804688,4635400.0,20.15134620666504
2007-10-26,31.630022048950195,31.186504364013672,31.61486053466797,31.269901275634766,2692800.0,20.090463638305664
2007-10-29,32.09249496459961,31.444276809692383,31.489765167236328,32.06595993041992,4164800.0,20.60192108154297
2007-10-30,32.604244232177734,31.849885940551758,31.95602798461914,32.31993865966797,4022100.0,20.76509666442871
2007-10-31,32.50947570800781,31.762699127197266,32.33889389038086,32.47536087036133,3817900.0,20.864952087402344
2007-11-01,32.12282180786133,31.23578453063965,31.929492950439453,31.262319564819336,5157800.0,20.085590362548828
2007-11-02,31.178922653198242,30.693706512451172,31.072782516479492,30.951478958129883,13724900.0,19.88587760925293
2007-11-05,31.47460174560547,30.705080032348633,31.182714462280273,31.391204833984375,6237500.0,20.168397903442383
2007-11-06,32.14177322387695,31.22441291809082,31.417739868164062,32.09249496459961,5255100.0,20.61896514892578
2007-11-07,32.32373046875,31.406368255615234,32.32373046875,31.406368255615234,4939900.0,20.178138732910156
2007-11-08,31.60727882385254,30.70886993408203,31.60727882385254,31.09931755065918,6333000.0,19.980867385864258
2007-11-09,31.031084060668945,30.504169464111328,31.031084060668945,30.504169464111328,3512700.0,19.598487854003906
2007-11-12,30.98180389404297,30.341167449951172,30.4965877532959,30.576194763183594,4698800.0,19.644765853881836
2007-11-13,31.633813858032227,30.652009963989258,30.894617080688477,31.611068725585938,4653900.0,20.309659957885742
2007-11-14,31.82335090637207,31.178922653198242,31.774070739746094,31.243366241455078,4218600.0,20.07341766357422
2007-11-15,31.557998657226562,31.008338928222656,31.182714462280273,31.175132751464844,5826000.0,20.029577255249023
2007-11-16,31.891584396362305,30.924943923950195,31.44806671142578,31.273693084716797,7263200.0,20.092897415161133
2007-11-19,31.406368255615234,30.940105438232422,31.137226104736328,31.10689926147461,5612600.0,19.985734939575195
2007-11-20,31.71341896057129,31.008338928222656,31.22062110900879,31.311599731445312,6226200.0,20.117250442504883
2007-11-21,31.557998657226562,30.409400939941406,31.197877883911133,30.51554298400879,7084600.0,19.605802536010742
2007-11-23,31.004549026489258,30.424564361572266,30.777103424072266,30.761940002441406,2762200.0,19.76410484313965
2007-11-26,31.865049362182617,30.826383590698242,30.826383590698242,31.10689926147461,7329900.0,19.985734939575195
2007-11-27,32.50947570800781,31.21303939819336,31.22441291809082,32.21000671386719,8997400.0,20.694459915161133
2007-11-28,32.99848556518555,32.2592887878418,32.2592887878418,32.975738525390625,6850300.0,21.18643569946289
2007-11-29,33.131160736083984,32.56254577636719,33.131160736083984,32.6686897277832,3999200.0,20.989168167114258
2007-11-30,33.08946228027344,32.75587463378906,33.05534362792969,32.91129684448242,5059100.0,21.14504051208496
2007-12-03,33.1690673828125,32.59666442871094,33.025020599365234,32.66489791870117,3857000.0,20.986724853515625
2007-12-04,33.131160736083984,32.5360107421875,32.5360107421875,32.75587463378906,3574200.0,21.045183181762695
2007-12-05,33.46095657348633,32.43745422363281,33.05534362792969,32.64594268798828,6182600.0,20.974544525146484
2007-12-06,33.15011215209961,32.52463912963867,32.63457107543945,33.07429885864258,3562300.0,21.249765396118164
2007-12-07,33.821075439453125,32.748294830322266,33.20318603515625,33.009857177734375,4462100.0,21.208358764648438
2007-12-10,33.47990798950195,32.92646026611328,33.03639221191406,33.362396240234375,2725500.0,21.43485450744629
2007-12-11,33.70356369018555,32.60045623779297,33.47990798950195,32.64973449707031,5281200.0,20.97698974609375
2007-12-12,33.52539825439453,32.06974792480469,33.449581146240234,32.49431228637695,6292400.0,20.877132415771484
2007-12-13,32.8241081237793,32.03184127807617,32.274452209472656,32.78999328613281,3813400.0,21.067100524902344
2007-12-14,32.975738525390625,32.44882583618164,32.57392120361328,32.6118278503418,3790200.0,20.95262336730957
2007-12-17,32.589080810546875,32.255496978759766,32.407127380371094,32.255496978759766,3644900.0,20.723695755004883
2007-12-18,32.604244232177734,32.0356330871582,32.42229080200195,32.49052429199219,3439400.0,20.874704360961914
2007-12-19,32.90371322631836,32.20621871948242,32.67626953125,32.486732482910156,4228400.0,20.872257232666016
2007-12-20,32.850643157958984,32.42229080200195,32.65731430053711,32.850643157958984,3395300.0,21.106063842773438
2007-12-21,33.5140266418457,32.79378128051758,33.358604431152344,33.271419525146484,5938100.0,21.37640953063965
2007-12-24,33.67323684692383,33.146324157714844,33.146324157714844,33.593631744384766,674000.0,21.583425521850586
2007-12-26,33.6542854309082,33.24867248535156,33.6542854309082,33.58605194091797,2385200.0,21.578548431396484
2007-12-27,33.62016677856445,33.18802261352539,33.472328186035156,33.2335090637207,1857900.0,21.37114715576172
2007-12-28,33.695980072021484,33.085670471191406,33.498863220214844,33.453372955322266,2369900.0,21.512535095214844
2007-12-31,33.5216064453125,33.18423080444336,33.362396240234375,33.26004409790039,2039700.0,21.38820457458496
2008-01-02,33.43442153930664,32.40333557128906,33.09325408935547,32.66489791870117,3757500.0,21.00548553466797
2008-01-03,33.119789123535156,32.68006134033203,32.839271545410156,32.945411682128906,3786800.0,21.185882568359375
2008-01-04,32.80894470214844,32.12282180786133,32.729339599609375,32.12282180786133,5374300.0,20.656902313232422
2008-01-07,32.380592346191406,30.97801399230957,32.380592346191406,31.307809829711914,9183400.0,20.132797241210938
2008-01-08,31.46323013305664,30.564821243286133,31.46323013305664,30.60651969909668,9562400.0,19.68183135986328
2008-01-09,31.08415412902832,29.98483657836914,30.773313522338867,30.74677848815918,6497900.0,19.772024154663086
2008-01-10,31.501136779785156,30.37528419494629,30.481426239013672,31.304018020629883,6699900.0,20.130361557006836
2008-01-11,31.383623123168945,30.026535034179688,31.07657241821289,30.21607208251953,6330900.0,19.430749893188477
2008-01-14,30.62926483154297,29.87111473083496,30.398029327392578,30.265352249145508,6917000.0,19.462438583374023
2008-01-15,30.473844528198242,29.87111473083496,29.950719833374023,30.26156234741211,10969800.0,19.460002899169922
2008-01-16,30.640636444091797,30.0037899017334,30.064443588256836,30.13646697998047,6632900.0,19.379560470581055
2008-01-17,30.887035369873047,29.188779830932617,30.314632415771484,29.226686477661133,8125500.0,18.794513702392578
2008-01-18,31.038665771484375,28.733888626098633,29.48445701599121,29.177406311035156,5761900.0,18.762828826904297
2008-01-22,30.705080032348633,26.60727882385254,27.79757308959961,28.661865234375,9417100.0,18.431299209594727
2008-01-23,29.25322151184082,27.33889389038086,28.244882583618164,29.014404296875,14579600.0,18.658004760742188
2008-01-24,29.359363555908203,28.206974029541016,29.359363555908203,28.43062973022461,10673000.0,18.2825984954834
2008-01-25,30.288097381591797,27.42608070373535,28.76042366027832,28.41925621032715,10603700.0,18.275287628173828
2008-01-28,28.5178165435791,27.994693756103516,28.5178165435791,28.244882583618164,7057700.0,18.163156509399414
2008-01-29,28.41546630859375,27.93783187866211,28.366186141967773,28.233510971069336,7055800.0,18.155841827392578
2008-01-30,28.703563690185547,27.983320236206055,28.1690673828125,28.093252182006836,5811200.0,18.065645217895508
2008-01-31,28.44579315185547,27.57771110534668,27.653526306152344,28.41546630859375,7479700.0,18.272850036621094
2008-02-01,28.862773895263672,28.237300872802734,28.28278923034668,28.77937889099121,7249400.0,18.506868362426758
2008-02-04,28.722517013549805,28.41925621032715,28.714935302734375,28.597421646118164,5166700.0,18.389863967895508
2008-02-05,28.41925621032715,27.68006134033203,28.150114059448242,28.013647079467773,6392600.0,18.01445770263672
2008-02-06,28.263835906982422,27.657316207885742,28.260046005249023,27.717967987060547,7517200.0,17.824316024780273
2008-02-07,28.362396240234375,27.524639129638672,28.16148567199707,27.869598388671875,9967600.0,17.921825408935547
2008-02-08,27.998483657836914,27.528430938720703,27.66868782043457,27.774829864501953,3761700.0,17.860885620117188
2008-02-11,28.05534553527832,27.56254768371582,27.774829864501953,27.862016677856445,5840700.0,17.91695213317871
2008-02-12,28.19181251525879,27.513267517089844,28.085670471191406,27.843063354492188,6277600.0,17.90476417541504
2008-02-13,28.90447235107422,28.05155372619629,28.15390396118164,28.78696060180664,6529300.0,18.511743545532227
2008-02-14,28.809703826904297,28.373767852783203,28.8059139251709,28.39272117614746,3628000.0,18.25822639465332
2008-02-15,28.506444931030273,28.15390396118164,28.339651107788086,28.468536376953125,4309100.0,18.30698013305664
2008-02-19,28.89310073852539,28.320697784423828,28.851402282714844,28.41167640686035,3282900.0,18.270416259765625
2008-02-20,28.680818557739258,28.104623794555664,28.188020706176758,28.620166778564453,3284800.0,18.404483795166016
2008-02-21,28.77179718017578,28.210765838623047,28.733888626098633,28.30174446105957,3682600.0,18.199718475341797
2008-02-22,28.601213455200195,27.79757308959961,28.362396240234375,28.29416275024414,6087700.0,18.194843292236328
2008-02-25,28.749052047729492,28.275209426879883,28.335861206054688,28.688400268554688,4241600.0,18.448362350463867
2008-02-26,29.135709762573242,28.39272117614746,28.43062973022461,29.03714942932129,5460600.0,18.67262840270996
2008-02-27,29.03335952758789,28.225929260253906,28.919635772705078,28.453372955322266,7523500.0,18.297225952148438
2008-02-28,28.43062973022461,27.941621780395508,28.30553436279297,28.244882583618164,6508700.0,18.163156509399414
2008-02-29,28.214555740356445,27.888551712036133,27.994693756103516,28.108415603637695,7468400.0,18.075401306152344
2008-03-03,28.150114059448242,27.755876541137695,28.04776382446289,28.150114059448242,9105000.0,18.102216720581055
2008-03-04,28.335861206054688,27.721759796142578,27.94541358947754,28.225929260253906,7566000.0,18.15096664428711
2008-03-05,28.54814338684082,27.748294830322266,27.880970001220703,28.081880569458008,9393300.0,18.058338165283203
2008-03-06,28.19181251525879,27.6724796295166,28.013647079467773,27.68385124206543,6206600.0,17.802379608154297
2008-03-07,27.759666442871094,27.156936645507812,27.410917282104492,27.31993865966797,7453400.0,17.568357467651367
2008-03-10,27.29340362548828,26.47460174560547,27.247915267944336,26.58453369140625,7458900.0,17.09545135498047
2008-03-11,27.42608070373535,26.71721076965332,27.164518356323242,27.282032012939453,7684700.0,17.543987274169922
2008-03-12,27.752084732055664,27.274450302124023,27.369218826293945,27.357847213745117,5356900.0,17.592741012573242
2008-03-13,27.657316207885742,26.520090103149414,26.891584396362305,27.604246139526367,7690500.0,17.751184463500977
2008-03-14,27.873388290405273,27.07733154296875,27.873388290405273,27.46019744873047,9287600.0,17.658554077148438
2008-03-17,27.782411575317383,25.686126708984375,26.785444259643555,27.43366241455078,7217300.0,17.641494750976562
2008-03-18,28.809703826904297,27.763456344604492,27.964366912841797,28.809703826904297,6747700.0,18.526371002197266
2008-03-19,30.12509536743164,28.41167640686035,28.809703826904297,28.41167640686035,5620700.0,18.270416259765625
2008-03-20,28.957544326782227,28.3131160736084,28.601213455200195,28.957544326782227,6897800.0,18.62143898010254
2008-03-24,29.601970672607422,28.874147415161133,29.13191795349121,29.336618423461914,5329800.0,18.865205764770508
2008-03-25,29.742229461669922,29.0106143951416,29.2987117767334,29.62471580505371,4971500.0,19.050474166870117
2008-03-26,29.564064025878906,28.889310836791992,29.52994728088379,29.27217674255371,5317100.0,18.84284782409668
2008-03-27,29.40106201171875,28.832448959350586,29.39348030090332,28.889310836791992,4889000.0,18.59639549255371
2008-03-28,29.067476272583008,28.354814529418945,29.067476272583008,28.476118087768555,6234600.0,18.330415725708008
2008-03-31,28.968915939331055,28.373767852783203,28.593631744384766,28.821077346801758,4608300.0,18.552471160888672
2008-04-01,29.946929931640625,29.094011306762695,29.094011306762695,29.946929931640625,4526200.0,19.27719497680664
2008-04-02,30.098560333251953,29.590599060058594,30.094768524169922,29.696739196777344,5090000.0,19.116146087646484
2008-04-03,29.670204162597656,29.222896575927734,29.670204162597656,29.51099395751953,5260400.0,18.9965763092041
2008-04-04,29.97725486755371,29.427597045898438,29.65504264831543,29.88627815246582,4744100.0,19.238155364990234
2008-04-07,30.204700469970703,29.52236557006836,30.204700469970703,29.719484329223633,3920800.0,19.130783081054688
2008-04-08,29.87869644165039,29.355571746826172,29.567853927612305,29.840787887573242,3523500.0,19.20886993408203
2008-04-09,29.844579696655273,29.321455001831055,29.802881240844727,29.49203872680664,4048000.0,18.984376907348633
2008-04-10,29.60955238342285,29.241849899291992,29.374526977539062,29.488248825073242,4592700.0,18.9819393157959
2008-04-11,29.078847885131836,28.472328186035156,28.946170806884766,28.567096710205078,8102300.0,18.38898468017578
2008-04-14,28.616376876831055,27.892343521118164,28.616376876831055,27.998483657836914,7147300.0,18.0229549407959
2008-04-15,28.453372955322266,27.964366912841797,28.14632225036621,28.316905975341797,8161400.0,18.227930068969727
2008-04-16,29.14328956604004,28.43821144104004,28.43821144104004,29.14328956604004,4764400.0,18.7598819732666
2008-04-17,28.39272117614746,27.68764305114746,28.006065368652344,28.112205505371094,22211900.0,18.096162796020508
2008-04-18,28.78696060180664,28.16148567199707,28.52539825439453,28.495071411132812,8644400.0,18.34261703491211
2008-04-21,28.722517013549805,28.29416275024414,28.339651107788086,28.620166778564453,4952000.0,18.423145294189453
2008-04-22,28.8059139251709,28.30174446105957,28.555723190307617,28.62395668029785,4916700.0,18.425582885742188
2008-04-23,28.942380905151367,28.316905975341797,28.730098724365234,28.77179718017578,5286800.0,18.5207462310791
2008-04-24,29.313873291015625,28.41167640686035,28.866565704345703,29.097801208496094,5177300.0,18.730600357055664
2008-04-25,29.526155471801758,29.063684463500977,29.336618423461914,29.40106201171875,3954000.0,18.925811767578125
2008-04-28,29.734647750854492,29.340410232543945,29.575435638427734,29.590599060058594,3479700.0,19.047822952270508
2008-04-29,29.86732292175293,29.420015335083008,29.605762481689453,29.518573760986328,2887000.0,19.00145721435547
2008-04-30,30.12130355834961,29.488248825073242,29.836997985839844,29.575435638427734,7760400.0,19.038061141967773
2008-05-01,30.011371612548828,29.564064025878906,29.590599060058594,29.87490463256836,5286800.0,19.230831146240234
2008-05-02,30.326004028320312,29.321455001831055,30.219863891601562,29.567853927612305,5703300.0,19.033180236816406
2008-05-05,29.681577682495117,28.91584587097168,29.681577682495117,29.25701332092285,6391800.0,18.833091735839844
2008-05-06,29.302501678466797,28.855194091796875,29.078847885131836,29.26080322265625,2633500.0,18.835529327392578
2008-05-07,29.332828521728516,28.802122116088867,29.332828521728516,28.847612380981445,3884100.0,18.569551467895508
2008-05-08,29.435178756713867,28.6656551361084,28.847612380981445,29.313873291015625,4472200.0,18.869688034057617
2008-05-09,29.3631534576416,28.874147415161133,28.980287551879883,29.215314865112305,3297200.0,18.806241989135742
2008-05-12,29.78392791748047,29.071266174316406,29.416223526000977,29.723276138305664,2673000.0,19.133228302001953
2008-05-13,30.159212112426758,29.571645736694336,29.806671142578125,29.719484329223633,3868000.0,19.130783081054688
2008-05-14,30.24260711669922,29.696739196777344,29.734647750854492,29.950719833374023,2843700.0,19.279632568359375
2008-05-15,30.37907600402832,29.658832550048828,29.909021377563477,30.3525390625,4709300.0,19.538291931152344
2008-05-16,30.678544998168945,30.094768524169922,30.46247100830078,30.3525390625,4731200.0,19.538291931152344
2008-05-19,30.36770248413086,29.764972686767578,30.178165435791016,29.799089431762695,6331400.0,19.18202781677246
2008-05-20,29.818044662475586,29.211523056030273,29.594388961791992,29.64366912841797,5680900.0,19.081979751586914
2008-05-21,29.88627815246582,29.12433624267578,29.772554397583008,29.207733154296875,4299900.0,18.801366806030273
2008-05-22,29.321455001831055,28.836238861083984,29.12433624267578,29.086429595947266,6861100.0,18.723278045654297
2008-05-23,29.086429595947266,28.43062973022461,29.086429595947266,28.749052047729492,4668200.0,18.506107330322266
2008-05-27,28.938589096069336,28.495071411132812,28.809703826904297,28.76042366027832,4617800.0,18.513423919677734
2008-05-28,29.166034698486328,28.745262145996094,28.745262145996094,29.0106143951416,4278300.0,18.674474716186523
2008-05-29,29.173616409301758,28.730098724365234,29.067476272583008,28.991661071777344,5886900.0,18.662282943725586
2008-05-30,29.814252853393555,29.014404296875,29.181198120117188,29.63608741760254,5869500.0,19.077102661132812
2008-06-02,29.64366912841797,29.16224479675293,29.49203872680664,29.412433624267578,5422600.0,18.933134078979492
2008-06-03,30.326004028320312,29.49203872680664,29.49203872680664,30.159212112426758,9150400.0,19.413843154907227
2008-06-04,30.36391258239746,29.927976608276367,29.946929931640625,30.284305572509766,5956300.0,19.494365692138672
2008-06-05,31.319181442260742,30.26914405822754,30.337377548217773,31.292646408081055,8840700.0,20.143447875976562
2008-06-06,31.197877883911133,30.018953323364258,30.9893856048584,30.018953323364258,8800800.0,19.32355308532715
2008-06-09,30.257770538330078,29.795299530029297,30.045488357543945,30.193328857421875,4562600.0,19.43580436706543
2008-06-10,30.439727783203125,29.829416275024414,30.037906646728516,30.23123550415039,4452400.0,19.460205078125
2008-06-11,30.826383590698242,29.954511642456055,30.25018882751465,29.99241828918457,5909300.0,19.30647850036621
2008-06-12,30.59893798828125,30.064443588256836,30.212282180786133,30.299468994140625,5315000.0,19.50412940979004
2008-06-13,31.141016006469727,30.61031150817871,30.678544998168945,31.004549026489258,5224000.0,19.957996368408203
2008-06-16,30.98180389404297,30.652009963989258,30.705080032348633,30.815011978149414,3003800.0,19.83599090576172
2008-06-17,30.985595703125,30.447309494018555,30.83775520324707,30.693706512451172,5836000.0,19.75790786743164
2008-06-18,30.807430267333984,30.36770248413086,30.561031341552734,30.447309494018555,3376600.0,19.599294662475586
2008-06-19,31.22820281982422,30.26156234741211,30.37149429321289,31.08415412902832,6499500.0,20.009246826171875
2008-06-20,30.9893856048584,30.22365379333496,30.9893856048584,30.35633087158203,7623800.0,19.540735244750977
2008-06-23,30.534496307373047,30.227445602416992,30.34495735168457,30.35633087158203,3336800.0,19.540735244750977
2008-06-24,30.428354263305664,29.96967315673828,30.35633087158203,30.12509536743164,3421400.0,19.391881942749023
2008-06-25,30.37907600402832,30.00758171081543,30.2084903717041,30.24260711669922,6302700.0,19.48693084716797
2008-06-26,29.87111473083496,28.79833221435547,29.87111473083496,28.90068244934082,8226800.0,18.62226104736328
2008-06-27,29.666414260864258,28.6656551361084,29.287338256835938,29.13949966430664,8977600.0,18.776140213012695
2008-06-30,29.461713790893555,28.65807342529297,29.128128051757812,29.302501678466797,6194000.0,18.88117218017578
2008-07-01,29.446550369262695,28.714935302734375,28.862773895263672,29.366945266723633,5826800.0,18.92269515991211
2008-07-02,29.423805236816406,28.464746475219727,29.188779830932617,28.495071411132812,7263400.0,18.36090087890625
2008-07-03,29.166034698486328,28.5178165435791,28.733888626098633,28.91584587097168,4689300.0,18.632030487060547
2008-07-07,29.329036712646484,28.718727111816406,29.059894561767578,28.91584587097168,5502600.0,18.632030487060547
2008-07-08,29.120546340942383,28.472328186035156,28.809703826904297,29.120546340942383,6457500.0,18.76392936706543
2008-07-09,29.16224479675293,28.593631744384766,28.976497650146484,28.593631744384766,7471800.0,18.424413681030273
2008-07-10,28.927217483520508,28.476118087768555,28.55193328857422,28.8703556060791,6034600.0,18.60271644592285
2008-07-11,28.858983993530273,28.16148567199707,28.491281509399414,28.457164764404297,8310200.0,18.33647918701172
2008-07-14,29.207733154296875,28.28658103942871,28.851402282714844,28.53676986694336,4909300.0,18.387773513793945
2008-07-15,28.472328186035156,27.634571075439453,28.29416275024414,28.214555740356445,10947700.0,18.180152893066406
2008-07-16,28.999242782592773,27.736921310424805,28.123579025268555,28.889310836791992,12147100.0,18.614933013916016
2008-07-17,31.050037384033203,29.711902618408203,29.711902618408203,30.667171478271484,16219200.0,19.760501861572266
2008-07-18,31.630022048950195,30.38286590576172,30.678544998168945,31.22441291809082,9968400.0,20.119564056396484
2008-07-21,31.288854598999023,30.59893798828125,31.288854598999023,30.826383590698242,8385400.0,19.863088607788086
2008-07-22,31.45185661315918,30.648218154907227,30.826383590698242,31.20166778564453,9406300.0,20.10490608215332
2008-07-23,31.133434295654297,30.3525390625,30.898406982421875,30.625473022460938,8041100.0,19.733631134033203
2008-07-24,30.765731811523438,30.13267707824707,30.697498321533203,30.189537048339844,5337900.0,19.452741622924805
2008-07-25,30.822593688964844,30.151630401611328,30.189537048339844,30.758150100708008,5783500.0,19.819128036499023
2008-07-28,30.87566375732422,30.394237518310547,30.534496307373047,30.451099395751953,5800400.0,19.621274948120117
2008-07-29,30.95526885986328,30.451099395751953,30.451099395751953,30.689916610717773,5251900.0,19.77515983581543
2008-07-30,31.031084060668945,30.398029327392578,30.921152114868164,30.818801879882812,5585400.0,19.85820770263672
2008-07-31,30.74298667907715,30.163002014160156,30.557239532470703,30.193328857421875,6027800.0,19.455183029174805
2008-08-01,30.75436019897461,30.24639892578125,30.288097381591797,30.564821243286133,6379400.0,19.694551467895508
2008-08-04,30.83017349243164,30.326004028320312,30.59135627746582,30.458681106567383,4335000.0,19.626163482666016
2008-08-05,31.288854598999023,30.62926483154297,30.663381576538086,31.288854598999023,6803400.0,20.161087036132812
2008-08-06,31.432903289794922,30.674753189086914,31.08794593811035,31.20924949645996,6264400.0,20.10979461669922
2008-08-07,31.622440338134766,30.720243453979492,30.959060668945312,31.22441291809082,5827600.0,20.119564056396484
2008-08-08,31.842304229736328,31.031084060668945,31.031084060668945,31.637603759765625,5291300.0,20.385807037353516
2008-08-11,32.06216812133789,31.349506378173828,31.648977279663086,31.58832359313965,4807200.0,20.354049682617188
2008-08-12,31.61486053466797,31.11448097229004,31.485973358154297,31.45943832397461,4078800.0,20.270998001098633
2008-08-13,31.690673828125,30.97422218322754,31.402578353881836,31.56178855895996,3886300.0,20.33695411682129
2008-08-14,32.1758918762207,31.186504364013672,31.307809829711914,32.028053283691406,7878600.0,20.637392044067383
2008-08-15,32.221378326416016,31.736164093017578,32.149356842041016,31.80818748474121,6130900.0,20.495716094970703
2008-08-18,32.028053283691406,31.45943832397461,31.971189498901367,31.595905303955078,4006000.0,20.35893440246582
2008-08-19,31.56937026977539,30.84912872314453,31.36846160888672,30.97801399230957,3959600.0,19.960796356201172
2008-08-20,31.118270874023438,30.60272979736328,30.9893856048584,31.000757217407227,3197200.0,19.975448608398438
2008-08-21,31.277482986450195,30.625473022460938,30.826383590698242,31.205459594726562,3523800.0,20.10735511779785
2008-08-22,31.633813858032227,31.137226104736328,31.32297134399414,31.21683120727539,4591900.0,20.11467933654785
2008-08-25,31.34192657470703,30.51554298400879,30.818801879882812,30.61789321899414,2557200.0,19.728755950927734
2008-08-26,30.788476943969727,30.37528419494629,30.659589767456055,30.7012882232666,3550400.0,19.782482147216797
2008-08-27,30.913570404052734,30.576194763183594,30.799848556518555,30.73161506652832,2468600.0,19.802026748657227
2008-08-28,31.20924949645996,30.88324546813965,30.894617080688477,31.080364227294922,3938000.0,20.02674674987793
2008-08-29,31.133434295654297,30.86808204650879,30.96664047241211,30.921152114868164,3621400.0,19.92415428161621
2008-09-02,31.523881912231445,30.788476943969727,31.178922653198242,30.890827178955078,3658900.0,19.90461540222168
2008-09-03,31.137226104736328,30.307050704956055,30.788476943969727,30.61031150817871,4002600.0,19.723857879638672
2008-09-04,30.318422317504883,29.196361541748047,30.284305572509766,29.39727020263672,5734700.0,18.942237854003906
2008-09-05,29.560272216796875,29.094011306762695,29.192569732666016,29.473085403442383,3845100.0,18.991090774536133
2008-09-08,30.329795837402344,29.5072021484375,30.011371612548828,29.723276138305664,6562800.0,19.152301788330078
2008-09-09,29.946929931640625,28.866565704345703,29.802881240844727,28.874147415161133,4751000.0,18.605167388916016
2008-09-10,29.518573760986328,28.8703556060791,29.014404296875,29.26080322265625,3837700.0,18.85430145263672
2008-09-11,29.6474609375,28.809703826904297,28.953752517700195,29.63229751586914,4399300.0,19.09367561340332
2008-09-12,29.329036712646484,28.688400268554688,28.927217483520508,29.1546630859375,7677800.0,18.785917282104492
2008-09-15,29.0106143951416,28.309326171875,28.434419631958008,28.358604431152344,6886400.0,18.272972106933594
2008-09-16,29.188779830932617,27.827899932861328,27.983320236206055,28.934799194335938,8293600.0,18.644243240356445
2008-09-17,28.984079360961914,28.05534553527832,28.388931274414062,28.203184127807617,8109200.0,18.172819137573242
2008-09-18,29.181198120117188,27.498104095458984,28.449583053588867,29.03714942932129,8626500.0,18.71019172668457
2008-09-19,30.049280166625977,28.8059139251709,30.0037899017334,29.51478385925293,7910800.0,19.017959594726562
2008-09-22,29.40485191345215,28.29416275024414,29.27596664428711,28.332069396972656,2904100.0,18.25586700439453
2008-09-23,28.65428352355957,26.93328285217285,28.222137451171875,27.020469665527344,7215100.0,17.410737991333008
2008-09-24,27.28582191467285,26.357088088989258,27.172100067138672,27.236543655395508,6567300.0,17.569473266601562
2008-09-25,27.471569061279297,26.766489028930664,27.297195434570312,26.880212783813477,5162500.0,17.339611053466797
2008-09-26,26.95602798461914,25.917362213134766,26.542835235595703,26.906747817993164,5460300.0,17.356731414794922
2008-09-29,26.758907318115234,25.564821243286133,26.44048500061035,25.86808204650879,6839500.0,16.68671417236328
2008-09-30,26.45185661315918,25.72403335571289,26.45185661315918,26.307809829711914,6172300.0,16.970373153686523
2008-10-01,26.622440338134766,25.45488929748535,26.34571647644043,25.97801399230957,5773500.0,16.75763511657715
2008-10-02,25.902198791503906,24.40864372253418,25.788476943969727,24.61713409423828,8383300.0,15.879769325256348
2008-10-03,25.394237518310547,23.53297996520996,25.11751365661621,23.741470336914062,10677800.0,15.314908027648926
2008-10-06,23.506444931030273,22.115238189697266,23.222137451171875,23.3131160736084,11973000.0,15.038588523864746
2008-10-07,23.949962615966797,21.849885940551758,23.453372955322266,21.96739959716797,8966000.0,14.170503616333008
2008-10-08,22.839271545410156,21.35329818725586,21.535253524780273,21.47081184387207,11417500.0,13.850170135498047
2008-10-09,22.05458641052246,20.094768524169922,21.755117416381836,20.166793823242188,9061200.0,13.008990287780762
2008-10-10,22.410917282104492,18.597421646118164,18.889310836791992,21.171342849731445,18016700.0,13.656993865966797
2008-10-13,23.373767852783203,21.417739868164062,21.906747817993164,23.373767852783203,9311600.0,15.077710151672363
2008-10-14,24.62850570678711,22.490522384643555,24.332828521728516,22.827899932861328,10085800.0,14.72558879852295
2008-10-15,22.69901466369629,20.473844528198242,22.69901466369629,20.473844528198242,12653600.0,13.207062721252441
2008-10-16,22.19484519958496,19.9962100982666,20.71645164489746,22.088703155517578,13435800.0,14.248756408691406
2008-10-17,22.58529281616211,21.008338928222656,21.22820281982422,21.379833221435547,10749800.0,13.791489601135254
2008-10-20,21.747535705566406,20.913570404052734,21.626232147216797,21.60727882385254,13048800.0,13.938199043273926
2008-10-21,22.752084732055664,21.311599731445312,21.4783935546875,22.024261474609375,11189300.0,14.207185745239258
2008-10-22,21.997726440429688,20.905988693237305,21.512510299682617,21.550416946411133,12162400.0,13.901521682739258
2008-10-23,22.088703155517578,20.140256881713867,21.656557083129883,21.06899070739746,11132600.0,13.590972900390625
2008-10-24,21.23957633972168,18.957544326782227,19.700531005859375,20.568613052368164,9233000.0,13.268196105957031
2008-10-27,21.08794593811035,19.988628387451172,20.36012077331543,20.0,7672000.0,12.901397705078125
2008-10-28,21.60727882385254,19.420015335083008,20.272933959960938,21.595905303955078,9004800.0,13.930868148803711
2008-10-29,22.3275203704834,20.959060668945312,21.277482986450195,21.527671813964844,7303000.0,13.88685131072998
2008-10-30,22.42228889465332,21.69825553894043,22.20242691040039,22.122819900512695,6861900.0,14.270763397216797
2008-10-31,22.744503021240234,21.675512313842773,21.990144729614258,22.456405639648438,7561800.0,14.485950469970703
2008-11-03,22.8165283203125,22.357847213745117,22.524639129638672,22.589082717895508,5271200.0,14.571532249450684
2008-11-04,23.802122116088867,22.941621780395508,22.971948623657227,23.608795166015625,6543200.0,15.22931957244873
2008-11-05,23.89689064025879,22.479150772094727,23.468536376953125,22.517059326171875,8377700.0,14.525073051452637
2008-11-06,22.653526306152344,21.163761138916016,21.84609603881836,21.300228118896484,7683900.0,13.740135192871094
2008-11-07,21.906747817993164,21.20924949645996,21.47460174560547,21.652767181396484,5154100.0,13.967545509338379
2008-11-10,22.30098533630371,21.319181442260742,21.96739959716797,21.626232147216797,3974400.0,13.95042896270752
2008-11-11,21.47081184387207,20.796056747436523,21.243366241455078,21.09173583984375,5407100.0,13.605642318725586
2008-11-12,20.921152114868164,20.090978622436523,20.72403335571289,20.24260711669922,5873200.0,13.057893753051758
2008-11-13,21.557998657226562,19.670204162597656,20.170583724975586,21.512510299682617,8349500.0,13.877065658569336
2008-11-14,21.520090103149414,20.439727783203125,21.038665771484375,20.439727783203125,6277900.0,13.185052871704102
2008-11-17,20.659589767456055,19.89764976501465,20.2084903717041,19.988628387451172,6661400.0,12.894061088562012
2008-11-18,20.62926483154297,19.719484329223633,19.905231475830078,20.4927978515625,7519600.0,13.21928596496582
2008-11-19,20.61789321899414,19.435178756713867,20.398029327392578,19.5034122467041,7568100.0,12.581061363220215
2008-11-20,20.170583724975586,18.574678421020508,19.310083389282227,18.752843856811523,11445700.0,12.096895217895508
2008-11-21,20.10235023498535,18.53676986694336,18.953752517700195,20.068233489990234,9357200.0,12.945412635803223
2008-11-24,21.8309326171875,20.280515670776367,20.398029327392578,21.159969329833984,10204300.0,13.649657249450684
2008-11-25,21.8271427154541,20.61789321899414,21.542835235595703,21.09173583984375,6603100.0,13.605642318725586
2008-11-26,21.015920639038086,20.272933959960938,20.693706512451172,20.458681106567383,12143200.0,13.197275161743164
2008-11-28,21.144805908203125,20.318422317504883,20.318422317504883,21.09173583984375,4447100.0,13.605642318725586
2008-12-01,20.481426239013672,19.135709762573242,20.481426239013672,19.16224479675293,8707500.0,12.360983848571777
2008-12-02,19.48445701599121,18.589839935302734,19.431386947631836,18.851402282714844,12492200.0,12.160473823547363
2008-12-03,19.347990036010742,18.097043991088867,18.460954666137695,19.336618423461914,12638900.0,12.473465919494629
2008-12-04,19.53752899169922,18.52918815612793,19.071266174316406,18.813495635986328,8727200.0,12.136017799377441
2008-12-05,19.230478286743164,17.892343521118164,18.79833221435547,19.078847885131836,7361000.0,12.3071870803833
2008-12-08,20.10614013671875,19.16224479675293,19.294919967651367,19.696739196777344,8264000.0,12.705768585205078
2008-12-09,19.54511070251465,18.53676986694336,18.79075050354004,18.8703556060791,13197100.0,12.172694206237793
2008-12-10,19.567853927612305,19.135709762573242,19.13949966430664,19.40864372253418,7308500.0,12.519930839538574
2008-12-11,19.420015335083008,18.63153839111328,19.249431610107422,18.832448959350586,8567900.0,12.148242950439453
2008-12-12,19.427597045898438,18.150114059448242,18.457164764404297,19.238059997558594,12016300.0,12.409890174865723
2008-12-15,19.427597045898438,18.91205406188965,19.310083389282227,19.15087127685547,7468700.0,12.353647232055664
2008-12-16,20.750568389892578,19.082637786865234,19.25322151184082,20.576194763183594,10234100.0,13.273079872131348
2008-12-17,20.788476943969727,20.163002014160156,20.37149429321289,20.45488929748535,7508200.0,13.194829940795898
2008-12-18,21.038665771484375,20.307050704956055,20.443517684936523,20.85671043395996,9888200.0,13.454034805297852
2008-12-19,21.304018020629883,20.720243453979492,21.08415412902832,20.871871948242188,6773300.0,13.463812828063965
2008-12-22,20.959060668945312,20.295679092407227,20.924943923950195,20.648218154907227,5318200.0,13.319546699523926
2008-12-23,21.053829193115234,20.307050704956055,20.94768714904785,20.50037956237793,6093700.0,13.243420600891113
2008-12-24,20.799848556518555,20.394237518310547,20.48521614074707,20.73161506652832,1724900.0,13.392794609069824
2008-12-26,20.799848556518555,20.561031341552734,20.74677848815918,20.75436019897461,1746300.0,13.40749454498291
2008-12-29,20.822593688964844,20.307050704956055,20.678544998168945,20.697498321533203,4479800.0,13.370760917663574
2008-12-30,21.141016006469727,20.693706512451172,20.773313522338867,21.080364227294922,4909300.0,13.618088722229004
2008-12-31,21.56937026977539,21.08415412902832,21.08415412902832,21.45943832397461,5155100.0,13.862979888916016
2009-01-02,21.978771209716797,21.20924949645996,21.44048500061035,21.910537719726562,4912700.0,14.154393196105957
2009-01-05,21.8309326171875,21.34571647644043,21.762699127197266,21.573162078857422,5982100.0,13.936440467834473
2009-01-06,22.115238189697266,21.58453369140625,21.626232147216797,21.891584396362305,4985200.0,14.142146110534668
2009-01-07,21.671720504760742,21.205459594726562,21.516300201416016,21.304018020629883,6420300.0,13.7625732421875
2009-01-08,21.250947952270508,20.693706512451172,21.250947952270508,21.053829193115234,5748900.0,13.600950241088867
2009-01-09,21.296436309814453,20.568613052368164,21.182714462280273,20.705080032348633,4229200.0,13.375652313232422
2009-01-12,20.773313522338867,20.4927978515625,20.663381576538086,20.689916610717773,4366600.0,13.365856170654297
2009-01-13,20.655799865722656,19.833206176757812,20.572402954101562,20.094768524169922,8107100.0,12.981389999389648
2009-01-14,20.295679092407227,19.723276138305664,19.848369598388672,20.056861877441406,6670400.0,12.956902503967285
2009-01-15,20.644428253173828,19.723276138305664,20.155420303344727,20.519332885742188,6232000.0,13.255658149719238
2009-01-16,20.913570404052734,20.12888526916504,20.811220169067383,20.443517684936523,6041200.0,13.206679344177246
2009-01-20,20.447309494018555,19.518573760986328,20.307050704956055,19.548900604248047,6864800.0,12.628753662109375
2009-01-21,19.844579696655273,19.234268188476562,19.727066040039062,19.795299530029297,6670100.0,12.78792953491211
2009-01-22,19.829416275024414,19.15087127685547,19.518573760986328,19.613344192504883,5593300.0,12.670384407043457
2009-01-23,19.708112716674805,18.953752517700195,19.29113006591797,19.465503692626953,8240500.0,12.574878692626953
2009-01-26,21.652767181396484,20.212282180786133,20.24260711669922,21.273693084716797,14989300.0,13.742984771728516
2009-01-27,21.770280838012695,20.996967315673828,21.33055305480957,21.70962905883789,8596100.0,14.02460765838623
2009-01-28,22.107656478881836,21.724790573120117,22.043214797973633,21.884002685546875,6837600.0,14.137251853942871
2009-01-29,21.781652450561523,21.243366241455078,21.565580368041992,21.489765167236328,5554800.0,13.88257122039795
2009-01-30,21.58453369140625,21.042455673217773,21.387414932250977,21.20166778564453,6173900.0,13.696455001831055
2009-02-02,21.23957633972168,20.780895233154297,20.96285057067871,21.06899070739746,6331400.0,13.610746383666992
2009-02-03,21.402578353881836,20.85671043395996,21.1940860748291,21.288854598999023,5211800.0,13.752782821655273
2009-02-04,21.796815872192383,21.21683120727539,21.311599731445312,21.402578353881836,6928400.0,13.826242446899414
2009-02-05,22.08112144470215,21.08415412902832,21.20924949645996,21.9749813079834,7032600.0,14.196022987365723
2009-02-06,22.365428924560547,21.804397583007812,21.94086456298828,22.19105339050293,6323200.0,14.335604667663574
2009-02-09,22.33889389038086,21.793025970458984,22.134193420410156,21.95602798461914,6440100.0,14.183775901794434
2009-02-10,22.088703155517578,21.053829193115234,21.732372283935547,21.186504364013672,6123300.0,13.686659812927246
2009-02-11,21.59211540222168,21.148597717285156,21.266111373901367,21.372251510620117,5683300.0,13.80665397644043
2009-02-12,21.387414932250977,20.773313522338867,21.019712448120117,21.364669799804688,4740200.0,13.801756858825684
2009-02-13,21.743745803833008,21.258529663085938,21.372251510620117,21.372251510620117,4398000.0,13.80665397644043
2009-02-17,20.86808204650879,20.1440486907959,20.61031150817871,20.47763442993164,7156100.0,13.228723526000977
2009-02-18,20.61789321899414,20.10235023498535,20.48521614074707,20.428354263305664,8439700.0,13.196889877319336
2009-02-19,20.71645164489746,20.10993194580078,20.424564361572266,20.166793823242188,7461000.0,13.02791690826416
2009-02-20,20.511751174926758,19.442760467529297,19.848369598388672,19.87869644165039,9266700.0,12.84179973602295
2009-02-23,20.219863891601562,19.39727020263672,20.049280166625977,19.457921981811523,8465600.0,12.569976806640625
2009-02-24,19.9962100982666,19.332828521728516,19.590599060058594,19.935556411743164,6695700.0,12.878533363342285
2009-02-25,20.053070068359375,19.336618423461914,19.787717819213867,19.685367584228516,7145200.0,12.716910362243652
2009-02-26,20.045488357543945,19.454132080078125,19.7915096282959,19.5034122467041,6068900.0,12.599367141723633
2009-02-27,19.450340270996094,19.03335952758789,19.230478286743164,19.241849899291992,10152300.0,12.430394172668457
2009-03-02,19.427597045898438,18.472328186035156,19.128128051757812,18.5178165435791,9565100.0,11.962661743164062
2009-03-03,19.226686477661133,18.487489700317383,18.737680435180664,18.843820571899414,8459000.0,12.173266410827637
2009-03-04,20.10614013671875,19.063684463500977,19.063684463500977,19.700531005859375,10912800.0,12.726715087890625
2009-03-05,19.76118278503418,18.695981979370117,19.234268188476562,18.840030670166016,9522300.0,12.170815467834473
2009-03-06,19.249431610107422,18.267627716064453,18.987869262695312,18.692190170288086,10377300.0,12.075312614440918
2009-03-09,18.642911911010742,18.093252182006836,18.404094696044922,18.206974029541016,9433700.0,11.761858940124512
2009-03-10,19.38968849182129,18.442001342773438,18.574678421020508,19.374526977539062,13986100.0,12.51611042022705
2009-03-11,19.912813186645508,19.211523056030273,19.313873291015625,19.75739288330078,11178500.0,12.763442039489746
2009-03-12,20.72403335571289,19.564064025878906,19.692949295043945,20.62926483154297,13171500.0,13.326678276062012
2009-03-13,20.682334899902344,20.21607208251953,20.62926483154297,20.511751174926758,7030700.0,13.250761032104492
2009-03-16,20.917362213134766,20.38286590576172,20.38286590576172,20.48521614074707,9165700.0,13.233622550964355
2009-03-17,20.94768714904785,20.189537048339844,20.295679092407227,20.94768714904785,6254100.0,13.53238582611084
2009-03-18,21.523881912231445,20.60272979736328,21.34571647644043,21.22441291809082,13774500.0,13.711149215698242
2009-03-19,21.546627044677734,20.712661743164062,21.413949966430664,20.74677848815918,12423100.0,13.402593612670898
2009-03-20,20.96664047241211,20.155420303344727,20.85291862487793,20.318422317504883,8579800.0,13.125872611999512
2009-03-23,21.34192657470703,20.564821243286133,20.750568389892578,21.296436309814453,10028300.0,13.757672309875488
2009-03-24,21.21683120727539,20.788476943969727,21.07657241821289,20.905988693237305,5551100.0,13.505444526672363
2009-03-25,21.56937026977539,20.579984664916992,20.917362213134766,21.06899070739746,6237000.0,13.630306243896484
2009-03-26,21.4821834564209,20.959060668945312,21.383623123168945,21.391204833984375,10031700.0,13.838756561279297
2009-03-27,21.33055305480957,20.8453369140625,21.148597717285156,21.015920639038086,5350600.0,13.595969200134277
2009-03-30,20.705080032348633,20.23881721496582,20.625473022460938,20.413192749023438,6378900.0,13.206047058105469
2009-03-31,20.94768714904785,20.303260803222656,20.898406982421875,20.553449630737305,7036800.0,13.296780586242676
2009-04-01,20.060651779174805,19.40106201171875,19.719484329223633,19.905231475830078,13157800.0,12.877421379089355
2009-04-02,21.019712448120117,20.25018882751465,20.386655807495117,20.62926483154297,9934400.0,13.345830917358398
2009-04-03,20.51554298400879,20.21607208251953,20.398029327392578,20.409400939941406,5918600.0,13.203590393066406
2009-04-06,20.538286209106445,20.11372184753418,20.170583724975586,20.48900604248047,5996900.0,13.255094528198242
2009-04-07,20.401819229125977,19.973464965820312,20.386655807495117,20.01516342163086,5507600.0,12.948545455932617
2009-04-08,20.23123550415039,19.8559513092041,20.01516342163086,20.064443588256836,4958600.0,12.980423927307129
2009-04-09,21.542835235595703,20.70886993408203,20.799848556518555,21.44806671142578,7828000.0,13.875542640686035
2009-04-13,21.266111373901367,20.826383590698242,21.22441291809082,21.10689926147461,5688500.0,13.654833793640137
2009-04-14,21.019712448120117,20.549659729003906,20.864290237426758,20.62926483154297,6352300.0,13.345830917358398
2009-04-15,20.670963287353516,20.178165435791016,20.447309494018555,20.299468994140625,7218000.0,13.132471084594727
2009-04-16,20.902198791503906,20.212282180786133,20.394237518310547,20.815011978149414,9871600.0,13.465996742248535
2009-04-17,20.98180389404297,20.549659729003906,20.902198791503906,20.909780502319336,7762300.0,13.527302742004395
2009-04-20,20.71645164489746,20.075815200805664,20.62168312072754,20.163002014160156,5156700.0,13.044187545776367
2009-04-21,20.652009963989258,20.01516342163086,20.01516342163086,20.60651969909668,5548700.0,13.33111572265625
2009-04-22,21.402578353881836,20.341167449951172,20.46247100830078,20.864290237426758,6916800.0,13.497878074645996
2009-04-23,22.07733154296875,20.940105438232422,20.940105438232422,22.001516342163086,12625900.0,14.233591079711914
2009-04-24,23.04018211364746,22.024261474609375,22.156936645507812,22.90750503540039,10299500.0,14.819708824157715
2009-04-27,22.623199462890625,22.016679763793945,22.513267517089844,22.17588996887207,7666000.0,14.346395492553711
2009-04-28,22.07353973388672,21.679302215576172,21.86125946044922,21.796815872192383,5964200.0,14.101162910461426
2009-04-29,22.53980255126953,21.95223617553711,22.001516342163086,22.365428924560547,4695300.0,14.46901798248291
2009-04-30,22.66868782043457,21.918119430541992,22.43366241455078,22.153146743774414,8531200.0,14.331680297851562
2009-05-01,22.57771110534668,21.849885940551758,22.134193420410156,22.43745231628418,5441900.0,14.515610694885254
2009-05-04,23.252464294433594,22.172100067138672,22.46019744873047,23.252464294433594,6020100.0,15.04287338256836
2009-05-05,23.66944694519043,23.085670471191406,23.218347549438477,23.627748489379883,6557800.0,15.285664558410645
2009-05-06,23.78696060180664,23.203184127807617,23.77937889099121,23.55951499938965,5880800.0,15.241515159606934
2009-05-07,23.8059139251709,22.903715133666992,23.8059139251709,23.123579025268555,5852400.0,14.959493637084961
2009-05-08,23.502653121948242,22.92646026611328,23.241092681884766,23.267627716064453,5184900.0,15.052685737609863
2009-05-11,23.1690673828125,22.77861976623535,23.157695770263672,22.903715133666992,4013700.0,14.817254066467285
2009-05-12,23.0250186920166,22.42987060546875,22.94541358947754,22.782411575317383,4512000.0,14.73878002166748
2009-05-13,22.43745231628418,21.921911239624023,22.43745231628418,22.122819900512695,4388000.0,14.312066078186035
2009-05-14,22.30098533630371,21.96739959716797,22.08112144470215,22.031843185424805,4471900.0,14.253209114074707
2009-05-15,22.232751846313477,21.8347225189209,22.031843185424805,21.925701141357422,4960400.0,14.18454360961914
2009-05-18,22.513267517089844,21.997726440429688,22.156936645507812,22.513267517089844,5598000.0,14.564659118652344
2009-05-19,22.941621780395508,22.289613723754883,22.403335571289062,22.729339599609375,5547100.0,14.704448699951172
2009-05-20,23.29416275024414,22.744503021240234,22.949203491210938,22.884761810302734,6918100.0,14.804987907409668
2009-05-21,22.755876541137695,21.997726440429688,22.55875587463379,22.365428924560547,6835500.0,14.46901798248291
2009-05-22,22.66868782043457,22.28582191467285,22.373010635375977,22.448823928833008,3790800.0,14.522972106933594
2009-05-26,23.30553436279297,22.251705169677734,22.342683792114258,23.229719161987305,4938300.0,15.028159141540527
2009-05-27,23.351022720336914,22.79378318786621,23.188020706176758,22.854434967041016,5761300.0,14.78537654876709
2009-05-28,23.06671714782715,22.42608070373535,22.858226776123047,22.748294830322266,4895000.0,14.716710090637207
2009-05-29,22.903715133666992,22.513267517089844,22.80894660949707,22.877180099487305,7059200.0,14.800091743469238
2009-06-01,24.16224479675293,23.04776382446289,23.267627716064453,23.968915939331055,5431900.0,15.506370544433594
2009-06-02,23.965126037597656,23.589839935302734,23.92342758178711,23.794540405273438,4671300.0,15.393564224243164
2009-06-03,23.680818557739258,23.332069396972656,23.616376876831055,23.563304901123047,6162800.0,15.243968963623047
2009-06-04,23.934799194335938,23.5178165435791,23.601213455200195,23.862773895263672,3792300.0,15.437705039978027
2009-06-05,24.2987117767334,23.88551902770996,23.961334228515625,24.13191795349121,4209700.0,15.611823081970215
2009-06-08,24.28354835510254,23.77558708190918,24.090219497680664,24.13949966430664,3833200.0,15.616729736328125
2009-06-09,24.38968849182129,23.976497650146484,24.13949966430664,24.25701332092285,3777300.0,15.692752838134766
2009-06-10,24.601970672607422,23.63912010192871,24.347990036010742,23.946170806884766,4375300.0,15.491660118103027
2009-06-11,24.196361541748047,23.79075050354004,24.078847885131836,23.972705841064453,3558900.0,15.508822441101074
2009-06-12,23.89310073852539,23.502653121948242,23.89310073852539,23.794540405273438,3842500.0,15.393564224243164
2009-06-15,23.673236846923828,23.19939422607422,23.586050033569336,23.44579315185547,4753100.0,15.167949676513672
2009-06-16,23.578468322753906,22.975738525390625,23.578468322753906,22.979530334472656,3618800.0,14.866300582885742
2009-06-17,23.495071411132812,22.91508674621582,22.91508674621582,23.157695770263672,4422300.0,14.981565475463867
2009-06-18,23.483699798583984,23.028810501098633,23.127368927001953,23.275209426879883,2580700.0,15.057591438293457
2009-06-19,23.55193328857422,23.1652774810791,23.468536376953125,23.19939422607422,4098100.0,15.008540153503418
2009-06-22,23.06292724609375,22.543594360351562,23.06292724609375,22.543594360351562,3705300.0,14.584280967712402
2009-06-23,22.6724796295166,22.369218826293945,22.619409561157227,22.55496597290039,4087800.0,14.591636657714844
2009-06-24,23.16148567199707,22.649734497070312,22.755876541137695,22.846853256225586,4151900.0,14.800156593322754
2009-06-25,23.453372955322266,22.653526306152344,22.70659637451172,23.396512985229492,4162500.0,15.15622329711914
2009-06-26,23.874147415161133,23.04397201538086,23.210765838623047,23.79075050354004,7016800.0,15.41161060333252
2009-06-29,23.991661071777344,23.65428352355957,23.722517013549805,23.794540405273438,3548600.0,15.414067268371582
2009-06-30,23.866565704345703,23.222137451171875,23.78696060180664,23.404094696044922,5779500.0,15.161131858825684
2009-07-01,23.661865234375,23.115997314453125,23.578468322753906,23.188020706176758,6105900.0,15.021164894104004
2009-07-02,23.123579025268555,22.520849227905273,22.93783187866211,22.600454330444336,7268200.0,14.640535354614258
2009-07-06,22.54738426208496,22.210006713867188,22.388172149658203,22.54738426208496,5890300.0,14.606160163879395
2009-07-07,22.626989364624023,21.94086456298828,22.626989364624023,21.978771209716797,5093900.0,14.237805366516113
2009-07-08,22.1834716796875,21.622440338134766,22.024261474609375,21.895376205444336,6242800.0,14.18378734588623
2009-07-09,22.134193420410156,21.895376205444336,21.993934631347656,22.020469665527344,2545600.0,14.264822006225586
2009-07-10,22.5322208404541,22.107656478881836,22.278240203857422,22.141773223876953,5678500.0,14.343408584594727
2009-07-13,22.456405639648438,21.895376205444336,22.160728454589844,22.43745231628418,5927500.0,14.534944534301758
2009-07-14,22.623199462890625,22.297195434570312,22.471569061279297,22.619409561157227,3011200.0,14.652816772460938
2009-07-15,23.309326171875,22.748294830322266,22.827899932861328,23.233510971069336,4410700.0,15.050631523132324
2009-07-16,23.680818557739258,23.206974029541016,23.29416275024414,23.597421646118164,3901300.0,15.286370277404785
2009-07-17,23.53676986694336,23.218347549438477,23.53676986694336,23.241092681884766,3871500.0,15.055542945861816
2009-07-20,24.071266174316406,23.6656551361084,23.851402282714844,23.991661071777344,6685400.0,15.541759490966797
2009-07-21,24.313873291015625,23.946170806884766,24.24563980102539,24.184988021850586,5113700.0,15.666994094848633
2009-07-22,24.355571746826172,23.995450973510742,24.048521041870117,24.29113006591797,5964500.0,15.73575496673584
2009-07-23,23.726306915283203,22.827899932861328,23.275209426879883,22.964366912841797,14629200.0,14.876277923583984
2009-07-24,23.745262145996094,22.93783187866211,22.956785202026367,23.726306915283203,8166700.0,15.36986255645752
2009-07-27,23.714935302734375,23.244882583618164,23.707353591918945,23.442001342773438,5257000.0,15.185693740844727
2009-07-28,23.320697784423828,22.846853256225586,23.29037094116211,22.994693756103516,4338100.0,14.895927429199219
2009-07-29,23.19939422607422,22.831689834594727,23.070507049560547,23.04018211364746,4546000.0,14.92539119720459
2009-07-30,23.642911911010742,23.127368927001953,23.332069396972656,23.17664909362793,7299800.0,15.013794898986816
2009-07-31,23.578468322753906,22.990901947021484,22.990901947021484,23.214555740356445,7248600.0,15.038351058959961
2009-08-03,23.692190170288086,23.237300872802734,23.38513946533203,23.555723190307617,4830400.0,15.259355545043945
2009-08-04,23.756633758544922,23.30553436279297,23.53676986694336,23.692190170288086,4236600.0,15.347762107849121
2009-08-05,23.832448959350586,23.03639030456543,23.828657150268555,23.214555740356445,7264200.0,15.038351058959961
2009-08-06,23.369977951049805,23.05534553527832,23.252464294433594,23.210765838623047,5881100.0,15.035892486572266
2009-08-07,23.502653121948242,23.1652774810791,23.479909896850586,23.388931274414062,4594300.0,15.151312828063965
2009-08-10,23.40788459777832,23.115997314453125,23.335861206054688,23.252464294433594,4742500.0,15.062910079956055
2009-08-11,23.237300872802734,22.835481643676758,23.123579025268555,22.854434967041016,6023000.0,14.805066108703613
2009-08-12,23.19181251525879,22.831689834594727,22.854434967041016,22.975738525390625,4214900.0,14.883651733398438
2009-08-13,23.081880569458008,22.649734497070312,23.081880569458008,22.774829864501953,6295500.0,14.753498077392578
2009-08-14,22.789993286132812,22.448823928833008,22.755876541137695,22.782411575317383,6109000.0,14.758410453796387
2009-08-17,22.70659637451172,22.22138023376465,22.490522384643555,22.376800537109375,4589000.0,14.495652198791504
2009-08-18,22.695222854614258,22.350265502929688,22.407127380371094,22.68764305114746,4844100.0,14.697012901306152
2009-08-19,22.941621780395508,22.30098533630371,22.490522384643555,22.903715133666992,6949000.0,14.83698844909668
2009-08-20,23.05155372619629,22.80136489868164,22.903715133666992,23.028810501098633,3861700.0,14.9180269241333
2009-08-21,23.567096710205078,23.142532348632812,23.3131160736084,23.464746475219727,5869800.0,15.20042610168457
2009-08-24,23.707353591918945,23.40030288696289,23.498863220214844,23.620166778564453,6756700.0,15.301104545593262
2009-08-25,24.02577781677246,23.593631744384766,23.737680435180664,23.809703826904297,6344600.0,15.42388916015625
2009-08-26,23.78696060180664,23.43821144104004,23.692190170288086,23.64670181274414,4337300.0,15.318296432495117
2009-08-27,23.813495635986328,23.369977951049805,23.745262145996094,23.673236846923828,4446300.0,15.33548641204834
2009-08-28,23.90068244934082,23.260046005249023,23.90068244934082,23.347232818603516,7091700.0,15.124297142028809
2009-08-31,23.275209426879883,22.79757308959961,23.206974029541016,23.013647079467773,7485500.0,14.90820026397705
2009-09-01,23.377559661865234,22.8203182220459,22.873388290405273,22.903715133666992,6829500.0,14.83698844909668
2009-09-02,23.821077346801758,23.222137451171875,23.347232818603516,23.55193328857422,13338500.0,15.256904602050781
2009-09-03,24.5034122467041,23.92342758178711,24.071266174316406,24.317665100097656,14456700.0,15.752942085266113
2009-09-04,25.064443588256836,24.347990036010742,24.347990036010742,24.927976608276367,11783100.0,16.148300170898438
2009-09-08,25.24639892578125,24.52994728088379,25.159212112426758,24.96967315673828,9800400.0,16.175310134887695
2009-09-09,25.25398063659668,24.89764976501465,25.11751365661621,25.235027313232422,8879200.0,16.347213745117188
2009-09-10,25.549659729003906,25.090978622436523,25.25018882751465,25.549659729003906,6590700.0,16.5510311126709
2009-09-11,25.70886993408203,25.37528419494629,25.553449630737305,25.564821243286133,5529700.0,16.56085205078125
2009-09-14,25.83775520324707,25.159212112426758,25.322214126586914,25.75436019897461,7728500.0,16.683631896972656
2009-09-15,25.83017349243164,25.466262817382812,25.83017349243164,25.750568389892578,5762400.0,16.68117332458496
2009-09-16,25.924943923950195,25.579984664916992,25.70886993408203,25.905988693237305,5175400.0,16.78185272216797
2009-09-17,26.046247482299805,25.761940002441406,25.905988693237305,26.008338928222656,5172800.0,16.848159790039062
2009-09-18,26.156179428100586,25.818801879882812,26.08415412902832,25.833965301513672,7482100.0,16.735198974609375
2009-09-21,25.83775520324707,25.561031341552734,25.59135627746582,25.648218154907227,4111300.0,16.61487579345703
2009-09-22,25.996967315673828,25.667171478271484,25.73919677734375,25.902198791503906,5322400.0,16.779399871826172
2009-09-23,26.046247482299805,25.60272979736328,25.902198791503906,25.686126708984375,4807400.0,16.658727645874023
2009-09-24,25.822593688964844,25.21607208251953,25.74298667907715,25.280515670776367,6146800.0,16.395668029785156
2009-09-25,25.35633087158203,24.954511642456055,25.185747146606445,25.060651779174805,7134400.0,16.253076553344727
2009-09-28,25.59893798828125,25.072023391723633,25.200910568237305,25.439727783203125,3423500.0,16.498924255371094
2009-09-29,25.640636444091797,25.310840606689453,25.530704498291016,25.542078018188477,5322900.0,16.565303802490234
2009-09-30,25.686126708984375,25.049280166625977,25.59514808654785,25.519332885742188,6781700.0,16.550548553466797
2009-10-01,25.398029327392578,24.723276138305664,25.37528419494629,24.74981117248535,7264500.0,16.051477432250977
2009-10-02,24.74601936340332,24.40864372253418,24.598180770874023,24.541318893432617,6186100.0,15.916260719299316
2009-10-05,24.829416275024414,24.412433624267578,24.579227447509766,24.65504264831543,6152800.0,15.990012168884277
2009-10-06,25.2084903717041,24.76876449584961,24.848369598388672,24.836997985839844,5611800.0,16.108020782470703
2009-10-07,24.909021377563477,24.63987922668457,24.7915096282959,24.76876449584961,4679800.0,16.063770294189453
2009-10-08,25.333585739135742,25.00758171081543,25.01516342163086,25.23123550415039,4947800.0,16.363710403442383
2009-10-09,25.777103424072266,25.2084903717041,25.212282180786133,25.71645164489746,5800600.0,16.678388595581055
2009-10-12,25.905988693237305,25.511751174926758,25.8453369140625,25.712661743164062,4365800.0,16.675931930541992
2009-10-13,25.959060668945312,25.51554298400879,25.62168312072754,25.826383590698242,6116900.0,16.74968910217285
2009-10-14,26.410160064697266,25.94768714904785,26.152387619018555,26.402578353881836,5118700.0,17.123376846313477
2009-10-15,26.4783935546875,26.254737854003906,26.307809829711914,26.45943832397461,3884100.0,17.160255432128906
2009-10-16,26.383623123168945,25.94768714904785,26.046247482299805,26.250947952270508,4547300.0,17.025039672851562
2009-10-19,26.630022048950195,26.141016006469727,26.250947952270508,26.527671813964844,3945100.0,17.204509735107422
2009-10-20,26.8271427154541,26.436695098876953,26.550416946411133,26.774070739746094,4715600.0,17.36431312561035
2009-10-21,27.141773223876953,26.652767181396484,26.675512313842773,26.751327514648438,5668200.0,17.349559783935547
2009-10-22,27.589082717895508,26.671720504760742,27.479150772094727,26.96360969543457,9561100.0,17.48723793029785
2009-10-23,27.001516342163086,26.531463623046875,26.95602798461914,26.535253524780273,5926500.0,17.209423065185547
2009-10-26,26.910537719726562,26.07657241821289,26.55420684814453,26.167551040649414,7988100.0,16.9709529876709
2009-10-27,26.383623123168945,26.004549026489258,26.144805908203125,26.08794593811035,7852700.0,16.919326782226562
2009-10-28,26.08415412902832,25.60651969909668,26.046247482299805,25.7012882232666,6837400.0,16.668556213378906
2009-10-29,26.285064697265625,25.815011978149414,25.94768714904785,26.22062110900879,7691300.0,17.00537109375
2009-10-30,26.296436309814453,25.720243453979492,26.10310935974121,25.864290237426758,9225300.0,16.774276733398438
2009-11-02,26.31538963317871,25.62168312072754,25.936315536499023,25.985595703125,7332000.0,16.852947235107422
2009-11-03,26.152387619018555,25.784685134887695,25.95526885986328,26.148597717285156,5862900.0,16.958656311035156
2009-11-04,26.83851432800293,26.186504364013672,26.247156143188477,26.535253524780273,7950900.0,17.209423065185547
2009-11-05,27.244123458862305,26.664138793945312,26.758907318115234,27.111448287963867,5257500.0,17.58311653137207
2009-11-06,27.31235694885254,26.914329528808594,26.914329528808594,27.278240203857422,5274900.0,17.6912899017334
2009-11-09,27.630781173706055,27.31614875793457,27.357847213745117,27.501895904541016,4576900.0,17.836339950561523
2009-11-10,27.81273651123047,27.346473693847656,27.543594360351562,27.55496597290039,3862000.0,17.87076187133789
2009-11-11,27.653526306152344,27.255496978759766,27.653526306152344,27.456405639648438,3936400.0,17.80683708190918
2009-11-12,27.755876541137695,27.33889389038086,27.501895904541016,27.399545669555664,3224100.0,17.76996421813965
2009-11-13,27.657316207885742,27.228961944580078,27.407127380371094,27.517059326171875,3910800.0,17.84617805480957
2009-11-16,27.979530334472656,27.55496597290039,27.763456344604492,27.702804565429688,4198100.0,17.966642379760742
2009-11-17,27.80894660949707,27.5322208404541,27.657316207885742,27.80894660949707,5065400.0,18.035478591918945
2009-11-18,27.80515480041504,27.31614875793457,27.733131408691406,27.403335571289062,4321800.0,17.772424697875977
2009-11-19,27.373010635375977,26.902956008911133,27.160728454589844,27.168310165405273,3614000.0,17.619997024536133
2009-11-20,27.232751846313477,26.9749813079834,27.119029998779297,27.172100067138672,4357400.0,17.622451782226562
2009-11-23,27.608036041259766,27.342683792114258,27.346473693847656,27.494314193725586,3268700.0,17.8314266204834
2009-11-24,27.58529281616211,27.08491325378418,27.551176071166992,27.228961944580078,5462200.0,17.659332275390625
2009-11-25,27.335102081298828,27.08491325378418,27.145565032958984,27.28582191467285,2202400.0,17.696208953857422
2009-11-27,27.217588424682617,26.542835235595703,26.724790573120117,26.978771209716797,2576500.0,17.497072219848633
2009-11-30,27.024261474609375,26.641395568847656,26.906747817993164,26.884002685546875,6428800.0,17.43560791015625
2009-12-01,27.403335571289062,26.993934631347656,27.043214797973633,27.259286880493164,4859100.0,17.678998947143555
2009-12-02,27.57391929626465,27.1796817779541,27.31235694885254,27.240333557128906,4134800.0,17.66670036315918
2009-12-03,27.53980255126953,27.058378219604492,27.1834716796875,27.096284866333008,3088300.0,17.573280334472656
2009-12-04,27.67626953125,26.94086456298828,27.3275203704834,27.456405639648438,5876600.0,17.80683708190918
2009-12-07,27.721759796142578,27.342683792114258,27.494314193725586,27.45261573791504,4048500.0,17.804380416870117
2009-12-08,27.247915267944336,26.82335090637207,27.247915267944336,27.04700469970703,5189700.0,17.541318893432617
2009-12-09,27.45261573791504,26.93707275390625,27.07353973388672,27.399545669555664,9498100.0,17.76996421813965
2009-12-10,27.486732482910156,27.031843185424805,27.17588996887207,27.346473693847656,4615700.0,17.735544204711914
2009-12-11,27.520849227905273,27.247915267944336,27.418498992919922,27.32373046875,3062700.0,17.72079849243164
2009-12-14,27.71417808532715,27.361637115478516,27.45261573791504,27.630781173706055,3993900.0,17.919925689697266
2009-12-15,27.80894660949707,27.369218826293945,27.494314193725586,27.58529281616211,3954600.0,17.89042091369629
2009-12-16,27.903715133666992,27.4677791595459,27.626989364624023,27.619409561157227,4545800.0,17.912555694580078
2009-12-17,28.38513946533203,27.399545669555664,27.759666442871094,28.222137451171875,10852200.0,18.303451538085938
2009-12-18,28.53297996520996,28.19939422607422,28.241092681884766,28.491281509399414,8050100.0,18.47800636291504
2009-12-21,28.858983993530273,28.53297996520996,28.53297996520996,28.836238861083984,6565700.0,18.701723098754883
2009-12-22,29.02198600769043,28.62395668029785,28.90826416015625,28.673236846923828,3173200.0,18.59601402282715
2009-12-23,28.809703826904297,28.472328186035156,28.79833221435547,28.737680435180664,3438800.0,18.63780975341797
2009-12-24,28.968915939331055,28.55951499938965,28.89310073852539,28.847612380981445,923000.0,18.7091064453125
2009-12-28,28.88551902770996,28.593631744384766,28.874147415161133,28.733888626098633,2100100.0,18.63534927368164
2009-12-29,28.862773895263672,28.608795166015625,28.65807342529297,28.733888626098633,2435400.0,18.661331176757812
2009-12-30,28.874147415161133,28.567096710205078,28.567096710205078,28.726306915283203,2266300.0,18.656400680541992
2009-12-31,28.77937889099121,28.502653121948242,28.76042366027832,28.506444931030273,1719700.0,18.513608932495117
2010-01-04,28.688400268554688,28.241092681884766,28.612585067749023,28.487489700317383,5202600.0,18.50130271911621
2010-01-05,28.472328186035156,28.16148567199707,28.434419631958008,28.453372955322266,4502200.0,18.479148864746094
2010-01-06,28.53676986694336,28.123579025268555,28.343442916870117,28.506444931030273,4960700.0,18.513608932495117
2010-01-07,28.802122116088867,28.510234832763672,28.52539825439453,28.741470336914062,4388800.0,18.666255950927734
2010-01-08,29.181198120117188,28.366186141967773,28.589839935302734,29.14328956604004,5938600.0,18.927213668823242
2010-01-11,29.575435638427734,29.188779830932617,29.40485191345215,29.473085403442383,4699300.0,19.141401290893555
2010-01-12,29.51099395751953,28.976497650146484,29.26459503173828,29.063684463500977,5084200.0,18.875513076782227
2010-01-13,29.26838493347168,28.965126037597656,29.067476272583008,29.135709762573242,3321700.0,18.92229652404785
2010-01-14,29.317665100097656,29.00682258605957,29.12433624267578,29.25701332092285,2509000.0,19.00107192993164
2010-01-15,29.435178756713867,28.832448959350586,29.28354835510254,28.889310836791992,4630400.0,18.762266159057617
2010-01-19,29.184988021850586,28.809703826904297,28.919635772705078,29.11675453186035,3843300.0,18.90998077392578
2010-01-20,28.934799194335938,28.601213455200195,28.91205406188965,28.8059139251709,2708900.0,18.708106994628906
2010-01-21,28.91205406188965,28.309326171875,28.756633758544922,28.320697784423828,4338900.0,18.392980575561523
2010-01-22,28.29416275024414,27.831689834594727,28.222137451171875,27.843063354492188,5012700.0,18.082773208618164
2010-01-25,28.40030288696289,27.990901947021484,28.15390396118164,28.248672485351562,4492700.0,18.346202850341797
2010-01-26,28.316905975341797,27.95299530029297,28.222137451171875,28.074298858642578,3618200.0,18.232955932617188
2010-01-27,28.1652774810791,27.638362884521484,27.979530334472656,28.123579025268555,3888400.0,18.264955520629883
2010-01-28,28.04397201538086,27.20621681213379,27.380590438842773,27.619409561157227,6988300.0,17.937522888183594
2010-01-29,27.6724796295166,27.016679763793945,27.653526306152344,27.04700469970703,5985000.0,17.56576919555664
2010-02-01,27.274450302124023,26.94844627380371,27.153146743774414,27.236543655395508,6601800.0,17.688871383666992
2010-02-02,27.733131408691406,27.137983322143555,27.304777145385742,27.69901466369629,5573300.0,17.989221572875977
2010-02-03,27.725549697875977,27.297195434570312,27.482940673828125,27.626989364624023,4256600.0,17.94244384765625
2010-02-04,27.520849227905273,26.804397583007812,27.43745231628418,26.8271427154541,5342400.0,17.42298126220703
2010-02-05,27.009098052978516,26.45943832397461,26.82335090637207,26.918119430541992,8505900.0,17.48206329345703
2010-02-08,26.849885940551758,26.520090103149414,26.637603759765625,26.59211540222168,5231600.0,17.270347595214844
2010-02-09,27.024261474609375,26.58453369140625,26.884002685546875,26.872631072998047,5655800.0,17.452529907226562
2010-02-10,27.09249496459961,26.59969711303711,26.921911239624023,26.906747817993164,4087800.0,17.474679946899414
2010-02-11,27.274450302124023,26.58074378967285,26.81576919555664,27.255496978759766,3791000.0,17.701183319091797
2010-02-12,27.30856704711914,26.774070739746094,26.971189498901367,27.266868591308594,4924300.0,17.708566665649414
2010-02-16,27.884761810302734,27.357847213745117,27.498104095458984,27.862016677856445,4153200.0,18.0950870513916
2010-02-17,28.54435157775879,28.131160736083984,28.316905975341797,28.5178165435791,9812300.0,18.520999908447266
2010-02-18,28.703563690185547,28.483699798583984,28.54435157775879,28.616376876831055,4172200.0,18.585010528564453
2010-02-19,28.92342758178711,28.555723190307617,28.586050033569336,28.79075050354004,5137200.0,18.698257446289062
2010-02-22,28.919635772705078,28.510234832763672,28.919635772705078,28.714935302734375,4228900.0,18.649017333984375
2010-02-23,28.733888626098633,28.203184127807617,28.650493621826172,28.29416275024414,4615900.0,18.375747680664062
2010-02-24,28.41925621032715,28.017436981201172,28.40788459777832,28.248672485351562,5894600.0,18.346202850341797
2010-02-25,28.320697784423828,27.634571075439453,28.021228790283203,28.260046005249023,5770600.0,18.353586196899414
2010-02-26,28.362396240234375,28.009855270385742,28.19181251525879,28.04018211364746,5316000.0,18.210796356201172
2010-03-01,28.597421646118164,27.949203491210938,28.03639030456543,28.563304901123047,6167900.0,18.55054473876953
2010-03-02,28.699771881103516,28.52539825439453,28.608795166015625,28.627748489379883,2772500.0,18.592391967773438
2010-03-03,28.843820571899414,28.479909896850586,28.752843856811523,28.54056167602539,2787300.0,18.535764694213867
2010-03-04,28.8059139251709,28.491281509399414,28.718727111816406,28.76800537109375,3659100.0,18.683481216430664
2010-03-05,29.181198120117188,28.836238861083984,28.90826416015625,29.16982650756836,2707300.0,18.944446563720703
2010-03-08,29.166034698486328,28.946170806884766,29.097801208496094,29.03714942932129,2079500.0,18.858274459838867
2010-03-09,29.416223526000977,29.014404296875,29.014404296875,29.39727020263672,5665100.0,19.092164993286133
2010-03-10,29.61713409423828,29.317665100097656,29.347990036010742,29.53752899169922,5721200.0,19.183250427246094
2010-03-11,29.673995971679688,29.16982650756836,29.374526977539062,29.673995971679688,6162100.0,19.271886825561523
2010-03-12,29.939348220825195,29.40864372253418,29.939348220825195,29.613344192504883,3519600.0,19.232492446899414
2010-03-15,29.613344192504883,29.2987117767334,29.488248825073242,29.575435638427734,3057900.0,19.207870483398438
2010-03-16,29.658832550048828,29.37073516845703,29.6474609375,29.560272216796875,4913200.0,19.19802474975586
2010-03-17,29.715694427490234,29.26459503173828,29.6474609375,29.344200134277344,7185300.0,19.057697296142578
2010-03-18,29.583017349243164,29.13949966430664,29.302501678466797,29.564064025878906,5289700.0,19.200489044189453
2010-03-19,29.711902618408203,29.086429595947266,29.181198120117188,29.181198120117188,5322900.0,18.95182991027832
2010-03-22,29.450340270996094,29.040939331054688,29.11675453186035,29.3631534576416,2982200.0,19.070005416870117
2010-03-23,29.5034122467041,29.177406311035156,29.336618423461914,29.39727020263672,3724800.0,19.092164993286133
2010-03-24,29.26080322265625,28.942380905151367,29.219104766845703,28.946170806884766,4300900.0,18.82480812072754
2010-03-25,29.325246810913086,28.90447235107422,29.056102752685547,28.987869262695312,5591200.0,18.8519229888916
2010-03-26,29.351781845092773,28.972705841064453,29.014404296875,29.04473114013672,4982600.0,18.888906478881836
2010-03-29,29.38210678100586,29.05231285095215,29.1584529876709,29.329036712646484,4082800.0,19.073801040649414
2010-03-30,30.74298667907715,30.174373626708984,30.386655807495117,30.659589767456055,13081000.0,19.939111709594727
2010-03-31,30.579984664916992,30.212282180786133,30.523122787475586,30.291887283325195,5940700.0,19.699979782104492
2010-04-01,30.693706512451172,30.3487491607666,30.37528419494629,30.564821243286133,5202600.0,19.87748146057129
2010-04-05,30.705080032348633,30.466262817382812,30.674753189086914,30.667171478271484,3078000.0,19.94403839111328
2010-04-06,30.61410140991211,30.451099395751953,30.568613052368164,30.542078018188477,3261800.0,19.86269187927246
2010-04-07,30.572402954101562,30.24639892578125,30.466262817382812,30.47763442993164,5236100.0,19.82077980041504
2010-04-08,30.511751174926758,30.170583724975586,30.473844528198242,30.26914405822754,4026300.0,19.68518829345703
2010-04-09,30.458681106567383,30.200910568237305,30.25398063659668,30.447309494018555,3193800.0,19.801055908203125
2010-04-12,30.526914596557617,30.333585739135742,30.50796127319336,30.46247100830078,2849500.0,19.810914993286133
2010-04-13,30.212282180786133,29.927976608276367,30.041698455810547,30.034116744995117,7488200.0,19.5323429107666
2010-04-14,30.712661743164062,29.912813186645508,30.026535034179688,30.667171478271484,6103500.0,19.94403839111328
2010-04-15,30.928733825683594,30.511751174926758,30.59893798828125,30.73540496826172,5966300.0,19.98841667175293
2010-04-16,30.75436019897461,30.155420303344727,30.693706512451172,30.26156234741211,7041000.0,19.68025779724121
2010-04-19,30.329795837402344,29.924184799194336,30.10993194580078,30.295679092407227,5521800.0,19.70244789123535
2010-04-20,30.85291862487793,30.47763442993164,30.6368465423584,30.6368465423584,5296300.0,19.9243221282959
2010-04-21,31.1940860748291,30.4927978515625,30.59893798828125,30.88324546813965,7480000.0,20.084564208984375
2010-04-22,32.28203201293945,31.159969329833984,31.60727882385254,31.990144729614258,13527600.0,20.804418563842773
2010-04-23,32.3881721496582,31.656557083129883,32.06974792480469,32.376800537109375,6834700.0,21.055877685546875
2010-04-26,32.410919189453125,32.08870315551758,32.410919189453125,32.221378326416016,5332900.0,20.954809188842773
2010-04-27,32.270660400390625,31.493555068969727,32.145565032958984,31.56178855895996,4667600.0,20.525846481323242
2010-04-28,31.929492950439453,31.542835235595703,31.736164093017578,31.656557083129883,6102700.0,20.587474822998047
2010-04-29,32.32752227783203,31.8271427154541,31.8271427154541,32.22517013549805,4671600.0,20.957265853881836
2010-04-30,32.407127380371094,31.8347225189209,32.35405731201172,31.94844627380371,7962000.0,20.777301788330078
2010-05-03,32.58529281616211,31.762699127197266,31.857467651367188,32.39954376220703,7506400.0,21.07067108154297
2010-05-04,32.028053283691406,31.152387619018555,32.028053283691406,31.512510299682617,8364500.0,20.493799209594727
2010-05-05,31.660348892211914,31.125852584838867,31.21683120727539,31.254737854003906,7518800.0,20.32615852355957
2010-05-06,31.516300201416016,28.55193328857422,31.07657241821289,30.428354263305664,9976900.0,19.788726806640625
2010-05-07,30.83775520324707,30.03032684326172,30.504169464111328,30.25398063659668,13975000.0,19.675329208374023
2010-05-10,31.94086456298828,31.12206268310547,31.175132751464844,31.902956008911133,6989100.0,20.747718811035156
2010-05-11,32.01667785644531,31.45564842224121,31.57695198059082,31.925701141357422,7174300.0,20.762514114379883
2010-05-12,33.18043899536133,32.221378326416016,32.30856704711914,33.13874053955078,8771800.0,21.55139923095703
2010-05-13,33.131160736083984,32.547386169433594,33.131160736083984,32.65731430053711,6605000.0,21.23830795288086
2010-05-14,32.52463912963867,31.785444259643555,32.361637115478516,32.23275375366211,6325100.0,20.962200164794922
2010-05-17,32.410919189453125,31.527671813964844,32.22517013549805,31.993934631347656,6197400.0,20.806886672973633
2010-05-18,32.300987243652344,31.36846160888672,32.274452209472656,31.44048500061035,6097200.0,20.44695472717285
2010-05-19,31.269901275634766,30.10993194580078,31.247156143188477,30.60272979736328,10680200.0,19.90213394165039
2010-05-20,30.451099395751953,29.37831687927246,29.96967315673828,29.772554397583008,8968400.0,19.362241744995117
2010-05-21,30.655799865722656,29.26080322265625,29.37073516845703,30.288097381591797,10401800.0,19.697519302368164
2010-05-24,30.24639892578125,29.818044662475586,30.075815200805664,29.844579696655273,5265100.0,19.409076690673828
2010-05-25,29.946929931640625,29.048521041870117,29.203943252563477,29.89764976501465,7618800.0,19.443593978881836
2010-05-26,30.401819229125977,29.76876449584961,30.159212112426758,29.836997985839844,7146800.0,19.40414810180664
2010-05-27,30.534496307373047,30.0037899017334,30.280515670776367,30.51554298400879,6432400.0,19.845436096191406
2010-05-28,30.59135627746582,29.98483657836914,30.420772552490234,30.090978622436523,5603100.0,19.569318771362305
2010-06-01,30.458681106567383,29.685367584228516,29.77634620666504,29.86353302001953,5303600.0,19.421405792236328
2010-06-02,30.799848556518555,29.77634620666504,29.965883255004883,30.784685134887695,6811000.0,20.020462036132812
2010-06-03,31.178922653198242,30.758150100708008,30.815011978149414,30.890827178955078,4948600.0,20.089492797851562
2010-06-04,30.394237518310547,29.366945266723633,30.333585739135742,29.48445701599121,6154400.0,19.174867630004883
2010-06-07,29.54511070251465,28.828657150268555,29.54511070251465,28.855194091796875,6747200.0,18.765642166137695
2010-06-08,29.166034698486328,28.53676986694336,28.874147415161133,29.063684463500977,4271400.0,18.90123176574707
2010-06-09,29.488248825073242,28.76800537109375,29.181198120117188,28.881729125976562,5639700.0,18.782896041870117
2010-06-10,29.848369598388672,29.24563980102539,29.306293487548828,29.806671142578125,4214900.0,19.38442611694336
2010-06-11,29.840787887573242,29.450340270996094,29.613344192504883,29.821834564208984,10096600.0,19.394287109375
2010-06-14,30.439727783203125,29.901439666748047,30.166793823242188,30.068233489990234,4099800.0,19.554527282714844
2010-06-15,30.85671043395996,30.25018882751465,30.409400939941406,30.8415470123291,5515000.0,20.05744171142578
2010-06-16,30.96285057067871,30.545867919921875,30.667171478271484,30.871871948242188,3705800.0,20.077165603637695
2010-06-17,30.97801399230957,30.333585739135742,30.95526885986328,30.750568389892578,4484800.0,19.99827766418457
2010-06-18,30.985595703125,30.73540496826172,30.803638458251953,30.864290237426758,5108400.0,20.072233200073242
2010-06-21,31.34192657470703,30.50796127319336,31.11448097229004,30.720243453979492,3704000.0,19.978557586669922
2010-06-22,30.95526885986328,30.02274513244629,30.682334899902344,30.060651779174805,4796900.0,19.549596786499023
2010-06-23,30.265352249145508,29.704320907592773,30.151630401611328,30.0,3062300.0,19.52314567565918
2010-06-24,29.89385986328125,29.302501678466797,29.89385986328125,29.39348030090332,4504300.0,19.128440856933594
2010-06-25,29.772554397583008,29.249431610107422,29.40864372253418,29.64366912841797,5797500.0,19.2912540435791
2010-06-28,29.840787887573242,29.279756546020508,29.62092399597168,29.431386947631836,2424800.0,19.153106689453125
2010-06-29,29.135709762573242,28.27899932861328,28.984079360961914,28.491281509399414,4812500.0,18.54131317138672
2010-06-30,28.77179718017578,28.05913543701172,28.39272117614746,28.142532348632812,5524700.0,18.31435203552246
2010-07-01,28.347232818603516,27.626989364624023,28.256254196166992,27.79378318786621,6572800.0,18.087400436401367
2010-07-02,28.013647079467773,27.369218826293945,27.89992332458496,27.482940673828125,5908500.0,17.88511085510254
2010-07-06,27.93783187866211,27.043214797973633,27.93783187866211,27.217588424682617,7476600.0,17.71242904663086
2010-07-07,28.256254196166992,27.141773223876953,27.225170135498047,28.210765838623047,6532700.0,18.358762741088867
2010-07-08,28.54435157775879,28.112205505371094,28.210765838623047,28.468536376953125,4199600.0,18.52651023864746
2010-07-09,28.65807342529297,28.29416275024414,28.498863220214844,28.605003356933594,3917100.0,18.615320205688477
2010-07-12,28.711145401000977,28.1652774810791,28.514026641845703,28.44579315185547,3137300.0,18.511709213256836
2010-07-13,29.105382919311523,28.574678421020508,28.627748489379883,28.87793731689453,4452100.0,18.792932510375977
2010-07-14,29.05231285095215,28.55951499938965,28.733888626098633,28.87793731689453,4900200.0,18.792932510375977
2010-07-15,29.120546340942383,28.582260131835938,28.90826416015625,29.075056076049805,5404900.0,18.921218872070312
2010-07-16,28.991661071777344,28.29416275024414,28.847612380981445,28.362396240234375,6479800.0,18.457443237304688
2010-07-19,28.65807342529297,28.104623794555664,28.43821144104004,28.574678421020508,3365100.0,18.595582962036133
2010-07-20,28.938589096069336,28.157695770263672,28.27899932861328,28.90068244934082,4260700.0,18.807741165161133
2010-07-21,29.226686477661133,28.52918815612793,28.968915939331055,28.65807342529297,5928600.0,18.64985466003418
2010-07-22,29.3631534576416,27.862016677856445,28.794540405273438,28.40030288696289,13145500.0,18.482101440429688
2010-07-23,28.976497650146484,28.142532348632812,28.476118087768555,28.855194091796875,7774900.0,18.77813720703125
2010-07-26,29.355571746826172,28.809703826904297,28.88551902770996,29.26459503173828,7712900.0,19.04456329345703
2010-07-27,29.52236557006836,28.984079360961914,29.340410232543945,29.04473114013672,5822000.0,18.901485443115234
2010-07-28,29.135709762573242,28.627748489379883,28.961334228515625,28.824867248535156,7401500.0,18.758399963378906
2010-07-29,29.226686477661133,28.77179718017578,29.04473114013672,29.02198600769043,6232900.0,18.886682510375977
2010-07-30,29.188779830932617,28.506444931030273,28.574678421020508,29.120546340942383,7098900.0,18.95081901550293
2010-08-02,29.62850570678711,29.26459503173828,29.461713790893555,29.575435638427734,6693900.0,19.24684715270996
2010-08-03,29.575435638427734,29.219104766845703,29.552690505981445,29.302501678466797,3814600.0,19.069232940673828
2010-08-04,29.946929931640625,29.3631534576416,29.37073516845703,29.86353302001953,4946500.0,19.434335708618164
2010-08-05,30.098560333251953,29.64366912841797,29.6512508392334,30.098560333251953,4658700.0,19.587282180786133
2010-08-06,29.96967315673828,29.325246810913086,29.89385986328125,29.583017349243164,5497500.0,19.251785278320312
2010-08-09,29.802881240844727,29.40106201171875,29.681577682495117,29.711902618408203,3253500.0,19.335662841796875
2010-08-10,29.63608741760254,29.188779830932617,29.416223526000977,29.5072021484375,3534900.0,19.20244598388672
2010-08-11,29.15087127685547,28.29416275024414,29.15087127685547,28.468536376953125,5555200.0,18.52651023864746
2010-08-12,28.39272117614746,28.006065368652344,28.112205505371094,28.210765838623047,3334000.0,18.358762741088867
2010-08-13,28.27899932861328,28.013647079467773,28.074298858642578,28.06671714782715,2695300.0,18.265018463134766
2010-08-16,28.210765838623047,27.581501007080078,27.9605770111084,28.203184127807617,3652300.0,18.35382652282715
2010-08-17,28.726306915283203,28.188020706176758,28.377559661865234,28.506444931030273,4400100.0,18.55118179321289
2010-08-18,28.52918815612793,28.142532348632812,28.498863220214844,28.316905975341797,3776500.0,18.427839279174805
2010-08-19,28.218347549438477,27.41470718383789,28.218347549438477,27.56633758544922,4584900.0,17.93938446044922
2010-08-20,27.657316207885742,27.247915267944336,27.32373046875,27.543594360351562,5291300.0,17.92458724975586
2010-08-23,27.8165283203125,27.376800537109375,27.513267517089844,27.55875587463379,5095500.0,17.934452056884766
2010-08-24,27.41470718383789,26.80818748474121,27.217588424682617,27.096284866333008,5338600.0,17.633485794067383
2010-08-25,27.43745231628418,26.71721076965332,26.93707275390625,27.31614875793457,5616800.0,17.77657127380371
2010-08-26,27.80894660949707,27.119029998779297,27.482940673828125,27.20242691040039,3954700.0,17.70256233215332
2010-08-27,27.90750503540039,26.990144729614258,27.369218826293945,27.854434967041016,4240900.0,18.12687873840332
2010-08-30,27.998483657836914,27.551176071166992,27.839271545410156,27.551176071166992,4141600.0,17.929519653320312
2010-08-31,27.740713119506836,27.225170135498047,27.551176071166992,27.543594360351562,6612600.0,17.92458724975586
2010-09-01,28.90826416015625,27.839271545410156,27.839271545410156,28.809703826904297,7222800.0,18.748533248901367
2010-09-02,29.211523056030273,28.77179718017578,28.809703826904297,29.1584529876709,4436900.0,18.975486755371094
2010-09-03,29.946929931640625,29.325246810913086,29.325246810913086,29.742229461669922,4634400.0,19.355390548706055
2010-09-07,29.802881240844727,29.49962043762207,29.64366912841797,29.673995971679688,5149200.0,19.310991287231445
2010-09-08,30.24260711669922,29.590599060058594,29.590599060058594,29.88627815246582,6957700.0,19.449142456054688
2010-09-09,30.318422317504883,29.787717819213867,30.235027313232422,29.939348220825195,3029700.0,19.483673095703125
2010-09-10,30.098560333251953,29.840787887573242,30.02274513244629,30.01516342163086,2552700.0,19.533008575439453
2010-09-13,30.62926483154297,30.25018882751465,30.25018882751465,30.47763442993164,3555300.0,19.833972930908203
2010-09-14,30.705080032348633,30.257770538330078,30.333585739135742,30.47005271911621,3580400.0,19.82904052734375
2010-09-15,30.538286209106445,30.219863891601562,30.409400939941406,30.36391258239746,3541100.0,19.759971618652344
2010-09-16,30.523122787475586,30.159212112426758,30.212282180786133,30.45488929748535,3352800.0,19.819169998168945
2010-09-17,31.000757217407227,30.341167449951172,30.61410140991211,30.917362213134766,6047400.0,20.120134353637695
2010-09-20,31.281272888183594,30.788476943969727,31.11448097229004,31.182714462280273,3445800.0,20.29281997680664
2010-09-21,31.417739868164062,30.97043228149414,31.182714462280273,31.11448097229004,3614700.0,20.248416900634766
2010-09-22,31.152387619018555,30.60651969909668,31.06899070739746,30.811220169067383,3357300.0,20.0639591217041
2010-09-23,30.85671043395996,30.318422317504883,30.59135627746582,30.409400939941406,3071100.0,19.802297592163086
2010-09-24,31.326763153076172,30.659589767456055,30.659589767456055,31.258529663085938,4160300.0,20.355241775512695
2010-09-27,31.205459594726562,30.765731811523438,31.190296173095703,30.932523727416992,2904300.0,20.142948150634766
2010-09-28,31.508718490600586,30.705080032348633,31.08415412902832,31.425321578979492,5591600.0,20.463851928710938
2010-09-29,31.372251510620117,30.72782325744629,31.243366241455078,30.758150100708008,6084500.0,20.029401779174805
2010-09-30,31.372251510620117,30.62926483154297,31.07657241821289,30.788476943969727,6875100.0,20.049148559570312
2010-10-01,31.11448097229004,30.35633087158203,31.046247482299805,30.62926483154297,6418700.0,19.945470809936523
2010-10-04,30.62926483154297,29.96967315673828,30.48521614074707,30.11372184753418,5412200.0,19.609756469726562
2010-10-05,31.000757217407227,30.3487491607666,30.3487491607666,30.917362213134766,4768400.0,20.133079528808594
2010-10-06,31.182714462280273,30.8415470123291,30.8415470123291,30.99317741394043,3954700.0,20.18244743347168
2010-10-07,31.10689926147461,30.689916610717773,31.053829193115234,30.871871948242188,3241300.0,20.103456497192383
2010-10-08,31.47081184387207,30.879453659057617,31.000757217407227,31.379833221435547,4290700.0,20.434234619140625
2010-10-11,31.432903289794922,31.12206268310547,31.425321578979492,31.311599731445312,2297100.0,20.389802932739258
2010-10-12,31.523881912231445,30.773313522338867,31.152387619018555,31.357088088989258,4085800.0,20.419416427612305
2010-10-13,31.986352920532227,31.432903289794922,31.57695198059082,31.865049362182617,4725400.0,20.750202178955078
2010-10-14,32.00151443481445,31.516300201416016,31.880212783813477,31.72100067138672,5795500.0,20.65639877319336
2010-10-15,32.13798141479492,31.501136779785156,32.100074768066406,31.781652450561523,4058100.0,20.695894241333008
2010-10-18,32.10765838623047,31.622440338134766,31.8347225189209,31.819561004638672,3736900.0,20.7205810546875
2010-10-19,31.630022048950195,31.07657241821289,31.501136779785156,31.243366241455078,4283100.0,20.34537124633789
2010-10-20,31.630022048950195,31.296436309814453,31.349506378173828,31.531463623046875,5361300.0,20.532970428466797
2010-10-21,32.956787109375,32.21379852294922,32.221378326416016,32.8809700012207,8380900.0,21.411758422851562
2010-10-22,32.8809700012207,32.486732482910156,32.8809700012207,32.73692321777344,3413300.0,21.317956924438477
2010-10-25,32.89613342285156,32.410919189453125,32.7520866394043,32.49431228637695,6481100.0,21.15997314453125
2010-10-26,32.6686897277832,32.21379852294922,32.30477523803711,32.57770919799805,3783500.0,21.21428108215332
2010-10-27,32.55496597290039,32.145565032958984,32.251705169677734,32.517059326171875,3596700.0,21.174787521362305
2010-10-28,32.865806579589844,32.28203201293945,32.699012756347656,32.653526306152344,4266800.0,21.263654708862305
2010-10-29,32.8809700012207,32.22896194458008,32.4639892578125,32.873390197753906,4259800.0,21.406824111938477
2010-11-01,33.206974029541016,32.50947570800781,33.03260040283203,32.7520866394043,3073700.0,21.32783317565918
2010-11-02,33.206974029541016,32.91129684448242,33.06292724609375,33.115997314453125,2634400.0,21.564807891845703
2010-11-03,33.252464294433594,32.69143295288086,33.131160736083984,33.206974029541016,3934700.0,21.624061584472656
2010-11-04,34.09400939941406,33.33586120605469,33.33586120605469,33.88930892944336,4949400.0,22.068382263183594
2010-11-05,34.116756439208984,33.699771881103516,33.77558898925781,34.116756439208984,3429100.0,22.216487884521484
2010-11-08,33.8741455078125,33.38134765625,33.8741455078125,33.578468322753906,4409000.0,21.865962982177734
2010-11-09,33.89689254760742,32.82032012939453,33.81349563598633,32.90371322631836,8659100.0,21.42656898498535
2010-11-10,33.1614875793457,32.82789993286133,32.93404006958008,33.115997314453125,5152800.0,21.564807891845703
2010-11-11,33.4571647644043,32.57770919799805,32.699012756347656,33.42683792114258,4180300.0,21.767229080200195
2010-11-12,33.49507141113281,32.85822677612305,33.18423080444336,33.01743698120117,3508900.0,21.500621795654297
2010-11-15,33.53297805786133,33.10841369628906,33.1766471862793,33.191810607910156,3220300.0,21.614177703857422
2010-11-16,33.03260040283203,32.21379852294922,33.03260040283203,32.44882583618164,4013800.0,21.130352020263672
2010-11-17,32.517059326171875,32.16830825805664,32.4715690612793,32.28203201293945,3947600.0,21.021738052368164
2010-11-18,33.04018020629883,32.58529281616211,32.623199462890625,32.77482986450195,4395300.0,21.3426456451416
2010-11-19,33.146324157714844,32.395755767822266,32.67626953125,33.12357711791992,4070000.0,21.569740295410156
2010-11-22,33.12357711791992,32.72175979614258,32.91887664794922,33.09325408935547,2728300.0,21.549989700317383
2010-11-23,32.76724624633789,32.40333557128906,32.68385314941406,32.638362884521484,2509600.0,21.25377655029297
2010-11-24,33.57088851928711,32.77482986450195,32.79757308959961,33.54056167602539,3304400.0,21.841278076171875
2010-11-26,33.42683792114258,33.01743698120117,33.1690673828125,33.33586120605469,1262200.0,21.707983016967773
2010-11-29,33.191810607910156,32.53980255126953,33.09325408935547,32.850643157958984,3488300.0,21.392011642456055
2010-11-30,32.89613342285156,32.34268569946289,32.45640563964844,32.78999328613281,4918900.0,21.352514266967773
2010-12-01,33.54056167602539,33.26004409790039,33.29037094116211,33.449581146240234,3658300.0,21.78203773498535
2010-12-02,34.01061248779297,33.39651107788086,33.41167449951172,33.73767852783203,3580800.0,21.96963882446289
2010-12-03,33.836238861083984,33.41925811767578,33.54814147949219,33.79833221435547,3514000.0,22.009126663208008
2010-12-06,34.09400939941406,33.6542854309082,33.79075241088867,33.91963577270508,3684600.0,22.088125228881836
2010-12-07,34.75360107421875,34.101593017578125,34.14707946777344,34.38210678100586,5759200.0,22.3892822265625
2010-12-08,34.73843765258789,34.283546447753906,34.457923889160156,34.473087310791016,3116500.0,22.448528289794922
2010-12-09,34.685367584228516,34.38969039916992,34.6474609375,34.50341033935547,1759800.0,22.468271255493164
2010-12-10,34.87490463256836,34.49583053588867,34.594390869140625,34.776344299316406,2365700.0,22.64600944519043
2010-12-13,35.53449630737305,34.67778778076172,35.12509536743164,34.715694427490234,7112800.0,22.60651206970215
2010-12-14,34.79909133911133,34.52615737915039,34.72327423095703,34.670204162597656,4986200.0,22.576885223388672
2010-12-15,35.18574523925781,34.66262435913086,34.70811080932617,34.806671142578125,7463000.0,22.665752410888672
2010-12-16,35.51933288574219,34.25322341918945,34.25322341918945,35.47384262084961,5614700.0,23.100208282470703
2010-12-17,35.61789321899414,35.087188720703125,35.443519592285156,35.48142623901367,4512400.0,23.105146408081055
2010-12-20,35.61030960083008,35.178165435791016,35.443519592285156,35.46626281738281,2707900.0,23.09526824951172
2010-12-21,35.98180389404297,35.25397872924805,35.25397872924805,35.913570404052734,3915400.0,23.386560440063477
2010-12-22,36.08036422729492,35.64822006225586,35.95906066894531,35.73161315917969,2399200.0,23.26807403564453
2010-12-23,35.87566375732422,35.633056640625,35.78468704223633,35.73161315917969,1997400.0,23.26807403564453
2010-12-27,35.868080139160156,35.47384262084961,35.62547302246094,35.78468704223633,1527100.0,23.302627563476562
2010-12-28,35.9211540222168,35.51933288574219,35.898406982421875,35.81501007080078,1373400.0,23.322378158569336
2010-12-29,35.99696731567383,35.75436019897461,35.868080139160156,35.75436019897461,2153700.0,23.29589080810547
2010-12-30,35.89082717895508,35.67854309082031,35.74677658081055,35.73919677734375,1169100.0,23.2860107421875
2010-12-31,35.761940002441406,35.50416946411133,35.73919677734375,35.761940002441406,1433600.0,23.300832748413086
2011-01-03,36.360877990722656,35.76952362060547,36.019710540771484,35.777103424072266,3695700.0,23.310718536376953
2011-01-04,35.94389724731445,35.13267517089844,35.93631362915039,35.57240295410156,3953400.0,23.177337646484375
2011-01-05,35.8377571105957,35.405609130859375,35.49658966064453,35.53449630737305,4317400.0,23.152639389038086
2011-01-06,35.72403335571289,35.37528610229492,35.5572395324707,35.5572395324707,4647700.0,23.167455673217773
2011-01-07,35.96664047241211,35.299468994140625,35.66337966918945,35.53449630737305,2769900.0,23.152639389038086
2011-01-10,35.443519592285156,34.9355583190918,35.26156234741211,35.087188720703125,4028700.0,22.86119270324707
2011-01-11,35.53449630737305,35.17058563232422,35.329795837402344,35.390445709228516,4356900.0,23.058788299560547
2011-01-12,35.94389724731445,35.60272979736328,35.69370651245117,35.70886993408203,3303400.0,23.266250610351562
2011-01-13,35.86050033569336,35.45867919921875,35.72403335571289,35.549659729003906,2400800.0,23.162521362304688
2011-01-14,35.81501007080078,35.29188919067383,35.51175308227539,35.74677658081055,3438800.0,23.290952682495117
2011-01-18,36.01213073730469,35.74677658081055,35.898406982421875,35.95147705078125,2835800.0,23.424325942993164
2011-01-19,35.98180389404297,35.49658966064453,35.85292053222656,35.655799865722656,2937100.0,23.231678009033203
2011-01-20,35.579986572265625,34.89006805419922,35.420772552490234,35.072025299072266,4889400.0,22.85131072998047
2011-01-21,35.70886993408203,35.049278259277344,35.58756637573242,35.102352142333984,4078600.0,22.871070861816406
2011-01-24,35.913570404052734,35.072025299072266,35.18574523925781,35.913570404052734,3666600.0,23.399627685546875
2011-01-25,35.90599060058594,35.33737564086914,35.868080139160156,35.76952362060547,2770500.0,23.305782318115234
2011-01-26,36.20166778564453,35.579986572265625,35.87566375732422,35.86050033569336,4501600.0,23.36504364013672
2011-01-27,36.09552764892578,35.12509536743164,36.09552764892578,35.36770248413086,6733300.0,23.04396629333496
2011-01-28,35.51933288574219,34.609554290771484,35.32221221923828,34.912811279296875,5996100.0,22.74758529663086
2011-01-31,35.10993194580078,34.594390869140625,34.943138122558594,34.92039489746094,5975800.0,22.75251579284668
2011-02-01,36.18650436401367,35.0644416809082,35.208492279052734,36.08036422729492,6217200.0,23.508302688598633
2011-02-02,36.285064697265625,35.78468704223633,35.97422409057617,36.148597717285156,3298800.0,23.55275535583496
2011-02-03,36.08794403076172,35.69370651245117,36.08036422729492,35.97422409057617,3828700.0,23.439144134521484
2011-02-04,36.5428352355957,36.019710540771484,36.10310745239258,36.376041412353516,3704500.0,23.700952529907227
2011-02-07,38.12736892700195,37.09628677368164,37.93783187866211,37.17210006713867,12612500.0,24.21963119506836
2011-02-08,38.18043899536133,37.498104095458984,37.59666442871094,37.71038818359375,6402100.0,24.570356369018555
2011-02-09,37.93025207519531,37.39954376220703,37.52084732055664,37.78620147705078,3286100.0,24.61974334716797
2011-02-10,38.68840026855469,37.64973449707031,37.65731430053711,38.67323684692383,5945100.0,25.197702407836914
2011-02-11,39.5830192565918,38.44579315185547,38.44579315185547,39.12812805175781,9598700.0,25.49407958984375
2011-02-14,39.15087127685547,38.66565704345703,39.05989456176758,38.961334228515625,3353100.0,25.385414123535156
2011-02-15,39.05989456176758,38.68840026855469,38.77179718017578,38.96891403198242,4182400.0,25.390350341796875
2011-02-16,39.32524490356445,38.8097038269043,39.04473114013672,38.86277389526367,3127400.0,25.321182250976562
2011-02-17,38.946170806884766,38.53676986694336,38.65049362182617,38.77937698364258,4570500.0,25.26685905456543
2011-02-18,39.294921875,38.7263069152832,38.824867248535156,39.26459503173828,3788500.0,25.582996368408203
2011-02-22,38.991661071777344,38.18043899536133,38.84761047363281,38.26383590698242,4024400.0,24.930950164794922
2011-02-23,38.36997604370117,37.21000671386719,38.17285919189453,37.59666442871094,5126900.0,24.49625587463379
2011-02-24,37.869598388671875,37.3313102722168,37.35405731201172,37.725547790527344,5055400.0,24.58022117614746
2011-02-25,38.35481262207031,37.84685516357422,37.990901947021484,38.29416275024414,2977100.0,24.950706481933594
2011-02-28,38.49127960205078,38.02880859375,38.19560241699219,38.362396240234375,6022500.0,24.995162963867188
2011-03-01,38.53676986694336,37.467777252197266,38.43062973022461,37.467777252197266,5328700.0,24.412275314331055
2011-03-02,38.241092681884766,37.36922073364258,37.36922073364258,38.081878662109375,5009400.0,24.812389373779297
2011-03-03,38.93859100341797,38.438209533691406,38.438209533691406,38.733890533447266,4434800.0,25.237213134765625
2011-03-04,38.75663375854492,38.15769577026367,38.733890533447266,38.483699798583984,3589200.0,25.074199676513672
2011-03-07,38.733890533447266,37.80136489868164,38.66565704345703,38.01364517211914,3008200.0,24.767948150634766
2011-03-08,39.15845489501953,38.05913543701172,38.225929260253906,39.037147521972656,3929600.0,25.43480682373047
2011-03-09,39.41622543334961,38.54435348510742,38.90068054199219,39.15845489501953,3802900.0,25.51384735107422
2011-03-10,38.74147033691406,38.112205505371094,38.711143493652344,38.218345642089844,4141300.0,24.901317596435547
2011-03-11,39.10538101196289,38.112205505371094,38.2335090637207,38.96891403198242,4272300.0,25.390350341796875
2011-03-14,38.711143493652344,38.29416275024414,38.62016677856445,38.62774658203125,3808600.0,25.168058395385742
2011-03-15,38.468536376953125,37.46019744873047,37.5360107421875,38.24867248535156,5461900.0,24.921066284179688
2011-03-16,38.612586975097656,37.1190299987793,38.2335090637207,37.47536087036133,7952500.0,24.41722297668457
2011-03-17,38.271419525146484,37.626991271972656,37.95299530029297,37.778621673583984,5179000.0,24.61480712890625
2011-03-18,38.56709671020508,38.04397201538086,38.225929260253906,38.218345642089844,5614000.0,24.901317596435547
2011-03-21,39.12812805175781,38.53676986694336,38.53676986694336,38.885520935058594,3399700.0,25.336015701293945
2011-03-22,39.11296463012695,38.7263069152832,38.96891403198242,38.870357513427734,3262500.0,25.326126098632812
2011-03-23,39.24943161010742,38.574676513671875,38.76421356201172,39.02198791503906,3883700.0,25.438011169433594
2011-03-24,39.24184799194336,38.55193328857422,39.15845489501953,39.097801208496094,3180300.0,25.487442016601562
2011-03-25,39.423805236816406,38.86277389526367,39.05989456176758,39.35557174682617,3409400.0,25.655473709106445
2011-03-28,39.704322814941406,39.037147521972656,39.378318786621094,39.07505798339844,2233000.0,25.472610473632812
2011-03-29,39.37073516845703,38.589839935302734,38.93859100341797,39.37073516845703,2969700.0,25.665355682373047
2011-03-30,39.60576248168945,39.27217483520508,39.47687530517578,39.39347839355469,2546000.0,25.680198669433594
2011-03-31,39.560272216796875,39.11296463012695,39.27975845336914,39.347991943359375,3142600.0,25.650535583496094
2011-04-01,40.189537048339844,39.47687530517578,39.62850570678711,39.855953216552734,3368000.0,25.98166847229004
2011-04-04,39.95450973510742,39.5072021484375,39.855953216552734,39.65125274658203,3694700.0,25.848234176635742
2011-04-05,39.88627624511719,39.363155364990234,39.5072021484375,39.62850570678711,2775400.0,25.833396911621094
2011-04-06,39.7877197265625,39.14329147338867,39.73464584350586,39.55269241333008,2857600.0,25.78397560119629
2011-04-07,39.65883255004883,39.10538101196289,39.46171188354492,39.46171188354492,2412000.0,25.72466468811035
2011-04-08,39.681575775146484,38.885520935058594,39.60576248168945,39.082637786865234,2361500.0,25.477554321289062
2011-04-11,39.2191047668457,38.96891403198242,39.02956771850586,39.2191047668457,3592100.0,25.566513061523438
2011-04-12,39.188777923583984,38.83244705200195,39.02956771850586,39.12054443359375,3460700.0,25.502262115478516
2011-04-13,39.73464584350586,39.097801208496094,39.097801208496094,39.545108795166016,4092000.0,25.779033660888672
2011-04-14,39.51478576660156,38.90068054199219,39.27217483520508,39.363155364990234,2401500.0,25.66041374206543
2011-04-15,40.11372375488281,39.43138885498047,39.49203872680664,39.962093353271484,4057300.0,26.050867080688477
2011-04-18,39.72706604003906,38.8097038269043,39.52236557006836,39.43138885498047,4443100.0,25.70490074157715
2011-04-19,39.96967315673828,39.32524490356445,39.40864181518555,39.90902328491211,3262500.0,26.016263961791992
2011-04-20,40.71266174316406,40.27293395996094,40.71266174316406,40.60652160644531,5170200.0,26.470958709716797
2011-04-21,41.59969711303711,39.855953216552734,41.45564651489258,40.318424224853516,6165000.0,26.28314781188965
2011-04-25,40.64442825317383,39.681575775146484,40.38665771484375,39.75739288330078,3837800.0,25.917423248291016
2011-04-26,41.33434295654297,39.86353302001953,39.87869644165039,41.13722610473633,5407900.0,26.816911697387695
2011-04-27,42.1834716796875,41.068992614746094,41.304019927978516,41.902957916259766,8286000.0,27.316085815429688
2011-04-28,42.410919189453125,41.622440338134766,41.75132751464844,42.28203201293945,6524400.0,27.563203811645508
2011-04-29,42.52463912963867,41.82714080810547,42.33510208129883,41.880210876464844,4461500.0,27.301254272460938
2011-05-02,42.31993865966797,41.637603759765625,42.160728454589844,41.880210876464844,3319900.0,27.301254272460938
2011-05-03,41.92570114135742,41.32676315307617,41.81197738647461,41.902957916259766,3415200.0,27.316085815429688
2011-05-04,42.13798141479492,41.31159973144531,41.918121337890625,41.690673828125,5524800.0,27.17770767211914
2011-05-05,41.67551040649414,40.84912872314453,41.4859733581543,41.04624557495117,4583900.0,26.75760841369629
2011-05-06,41.64518737792969,40.6974983215332,41.43290328979492,41.10689926147461,4452000.0,26.797147750854492
2011-05-09,41.546627044677734,40.92494201660156,41.07657241821289,41.425323486328125,2047700.0,27.004724502563477
2011-05-10,41.80439758300781,41.34950637817383,41.546627044677734,41.75132751464844,3124900.0,27.217241287231445
2011-05-11,41.83472442626953,40.811222076416016,41.61486053466797,40.947689056396484,4214800.0,26.693361282348633
2011-05-12,41.250946044921875,40.43214416503906,40.917362213134766,41.1978759765625,4247300.0,26.8564510345459
2011-05-13,41.501136779785156,40.788475036621094,41.22820281982422,40.83396530151367,3465800.0,26.61922264099121
2011-05-16,41.175132751464844,40.62926483154297,40.72024154663086,40.932525634765625,4555100.0,26.683473587036133
2011-05-17,40.84912872314453,40.2122802734375,40.796058654785156,40.59893798828125,5442900.0,26.466005325317383
2011-05-18,41.64518737792969,40.561031341552734,40.67475509643555,41.61486053466797,4946900.0,27.128280639648438
2011-05-19,42.251705169677734,41.61486053466797,41.82714080810547,41.865047454833984,4678800.0,27.2913761138916
2011-05-20,41.84230422973633,41.250946044921875,41.84230422973633,41.440486907958984,3018300.0,27.014602661132812
2011-05-23,41.00075912475586,40.515541076660156,40.947689056396484,40.72782516479492,2873300.0,26.55003547668457
2011-05-24,41.023502349853516,40.26535415649414,40.788475036621094,40.37149429321289,3376300.0,26.317737579345703
2011-05-25,41.053829193115234,40.04549026489258,40.09856033325195,40.87187194824219,4345900.0,26.643936157226562
2011-05-26,40.83396530151367,40.38665771484375,40.83396530151367,40.667171478271484,3678200.0,26.510496139526367
2011-05-27,41.44806671142578,40.83396530151367,40.92494201660156,41.2736930847168,3016900.0,26.905881881713867
2011-05-31,41.72100067138672,40.76573181152344,41.59211349487305,41.34192657470703,4608100.0,26.95035171508789
2011-06-01,41.288856506347656,39.7119026184082,41.21303939819336,39.75739288330078,4936300.0,25.917423248291016
2011-06-02,40.24260711669922,39.5072021484375,39.719486236572266,40.09856033325195,4540200.0,26.13982391357422
2011-06-03,39.67399597167969,39.25701141357422,39.423805236816406,39.34040832519531,4482700.0,25.645591735839844
2011-06-06,39.438968658447266,39.02198791503906,39.188777923583984,39.13570785522461,2806500.0,25.512144088745117
2011-06-07,39.67399597167969,39.23426818847656,39.28733825683594,39.378318786621094,3628700.0,25.670305252075195
2011-06-08,39.484458923339844,38.95375442504883,39.19636154174805,39.23426818847656,3152900.0,25.576396942138672
2011-06-09,39.75739288330078,39.173614501953125,39.294921875,39.681575775146484,3481100.0,25.86799430847168
2011-06-10,39.60576248168945,38.95375442504883,39.55269241333008,39.02198791503906,5367800.0,25.438011169433594
2011-06-13,39.23426818847656,38.81728744506836,39.07505798339844,38.91584396362305,3546900.0,25.368816375732422
2011-06-14,39.90143966674805,38.53676986694336,38.64291000366211,39.696739196777344,8705100.0,25.87787628173828
2011-06-15,39.55269241333008,38.91584396362305,39.26459503173828,39.211524963378906,17942000.0,25.56157112121582
2011-06-16,39.40864181518555,38.74147033691406,39.15845489501953,39.12812805175781,6675400.0,25.5072078704834
2011-06-17,39.68915939331055,39.15845489501953,39.41622543334961,39.3025016784668,7227900.0,25.620878219604492
2011-06-20,39.529945373535156,39.0068244934082,39.203941345214844,39.41622543334961,5786900.0,25.695016860961914
2011-06-21,40.280513763427734,39.378318786621094,39.719486236572266,40.23502731323242,6838400.0,26.228784561157227
2011-06-22,40.530704498291016,39.95450973510742,40.15163040161133,40.06065368652344,5252700.0,26.128103256225586
2011-06-23,39.59817886352539,38.885520935058594,39.332828521728516,39.560272216796875,6462700.0,25.801746368408203
2011-06-24,39.575435638427734,38.711143493652344,39.560272216796875,38.90068054199219,6821000.0,25.371538162231445
2011-06-27,39.0068244934082,38.47611999511719,38.75663375854492,38.77179718017578,4875900.0,25.287490844726562
2011-06-28,39.53752899169922,38.76421356201172,38.885520935058594,39.529945373535156,5502200.0,25.781965255737305
2011-06-29,39.83320617675781,39.25701141357422,39.63608932495117,39.529945373535156,4101000.0,25.781965255737305
2011-06-30,40.576194763183594,39.68915939331055,39.72706604003906,40.174373626708984,5102800.0,26.2022705078125
2011-07-01,41.887794494628906,40.12130355834961,40.15163040161133,41.33434295654297,5887300.0,26.95881462097168
2011-07-05,41.387413024902344,40.84912872314453,41.18271255493164,41.22820281982422,3850000.0,26.88959312438965
2011-07-06,41.607276916503906,40.985595703125,41.1978759765625,41.45564651489258,3992600.0,27.037927627563477
2011-07-07,42.19863510131836,41.67551040649414,41.8953742980957,41.73616409301758,4415300.0,27.220884323120117
2011-07-08,41.4025764465332,40.932525634765625,41.12206268310547,41.34950637817383,3227800.0,26.968708038330078
2011-07-11,41.12206268310547,40.44730758666992,40.80363845825195,40.561031341552734,3064800.0,26.45446014404297
2011-07-12,40.84154510498047,40.2047004699707,40.39423751831055,40.40182113647461,3760200.0,26.350614547729492
2011-07-13,40.9931755065918,40.36391067504883,40.58377456665039,40.48521423339844,3265500.0,26.405004501342773
2011-07-14,40.788475036621094,39.696739196777344,40.55344772338867,39.7877197265625,5108400.0,25.950082778930664
2011-07-15,39.977256774902344,39.203941345214844,39.7952995300293,39.89385986328125,6232800.0,26.019315719604492
2011-07-18,39.916603088378906,39.454132080078125,39.68915939331055,39.7877197265625,4707200.0,25.950082778930664
2011-07-19,40.37149429321289,39.840789794921875,39.93934631347656,40.189537048339844,3331500.0,26.212160110473633
2011-07-20,40.59135818481445,39.92418670654297,40.470054626464844,40.26535415649414,4499200.0,26.26160430908203
2011-07-21,39.84836959838867,38.78696060180664,39.26459503173828,39.74980926513672,10664300.0,25.925365447998047
2011-07-22,39.802879333496094,38.93859100341797,39.76497268676758,39.188777923583984,4968800.0,25.5594539642334
2011-07-25,39.34040832519531,38.68082046508789,38.77937698364258,39.067474365234375,4186500.0,25.480323791503906
2011-07-26,38.99924087524414,38.08946228027344,38.92342758178711,38.21076583862305,7035600.0,24.92157745361328
2011-07-27,37.960575103759766,37.18726348876953,37.960575103759766,37.32373046875,7581600.0,24.34304428100586
2011-07-28,37.642154693603516,36.95981979370117,37.3313102722168,37.0356330871582,6768400.0,24.15513801574707
2011-07-29,37.52084732055664,36.23957443237305,36.656558990478516,37.23275375366211,7606500.0,24.28369903564453
2011-08-01,37.78620147705078,36.30780792236328,37.59666442871094,36.71720886230469,5960400.0,23.947463989257812
2011-08-02,36.391204833984375,34.101593017578125,36.338134765625,35.30705261230469,10701300.0,23.027734756469727
2011-08-03,35.6406364440918,34.473087310791016,35.443519592285156,35.48142623901367,7616300.0,23.141464233398438
2011-08-04,34.99620819091797,33.464744567871094,34.99620819091797,33.472328186035156,9898800.0,21.831100463867188
2011-08-05,34.238059997558594,32.8809700012207,33.8741455078125,33.73767852783203,12293200.0,22.004169464111328
2011-08-08,33.025020599365234,31.12206268310547,32.52463912963867,31.22820281982422,16414600.0,20.367456436157227
2011-08-09,32.70659637451172,30.538286209106445,31.683094024658203,32.58529281616211,12337300.0,21.252561569213867
2011-08-10,32.66110610961914,31.12206268310547,32.009098052978516,31.417739868164062,14020800.0,20.491071701049805
2011-08-11,33.29795455932617,31.379833221435547,31.57695198059082,32.865806579589844,10123700.0,21.43552017211914
2011-08-12,33.73767852783203,32.835479736328125,33.1614875793457,33.47990798950195,6310400.0,21.836040496826172
2011-08-15,34.26838684082031,33.487491607666016,33.76042556762695,33.90447235107422,4571100.0,22.112951278686523
2011-08-16,33.88172912597656,33.1766471862793,33.472328186035156,33.47990798950195,6006000.0,21.836040496826172
2011-08-17,33.91205596923828,32.80515670776367,33.78316879272461,33.085670471191406,3818700.0,21.578914642333984
2011-08-18,32.1834716796875,30.917362213134766,32.07733154296875,31.175132751464844,8106100.0,20.332841873168945
2011-08-19,31.660348892211914,30.712661743164062,30.74298667907715,30.871871948242188,6543000.0,20.135051727294922
2011-08-22,31.751327514648438,30.62926483154297,31.660348892211914,30.73540496826172,5117700.0,20.046045303344727
2011-08-23,31.667930603027344,30.24260711669922,30.644428253173828,31.652767181396484,6855800.0,20.644363403320312
2011-08-24,32.84306335449219,31.394996643066406,31.667930603027344,32.76724624633789,7945200.0,21.37124252319336
2011-08-25,32.98711013793945,31.72858238220215,32.92646026611328,31.819561004638672,5904100.0,20.75314712524414
2011-08-26,32.70659637451172,31.008338928222656,31.637603759765625,32.517059326171875,5877200.0,21.20806884765625
2011-08-29,33.57088851928711,32.93404006958008,32.98711013793945,33.56330490112305,4058100.0,21.89044189453125
2011-08-30,34.32145690917969,33.100833892822266,33.43442153930664,34.1546630859375,6977900.0,22.27613067626953
2011-08-31,34.98104476928711,34.366943359375,34.4427604675293,34.730857849121094,8514400.0,22.651931762695312
2011-09-01,34.8521614074707,33.639122009277344,34.579227447509766,33.821075439453125,6620700.0,22.05855941772461
2011-09-02,33.222137451171875,32.4639892578125,32.98711013793945,32.638362884521484,4517100.0,21.287185668945312
2011-09-06,32.623199462890625,31.357088088989258,31.819561004638672,32.547386169433594,6101200.0,21.227846145629883
2011-09-07,33.54814147949219,32.888553619384766,33.09325408935547,33.54056167602539,5528300.0,21.875608444213867
2011-09-08,33.61637496948242,32.82789993286133,33.24488067626953,32.971946716308594,5961700.0,21.504751205444336
2011-09-09,33.15390396118164,32.08491134643555,32.592872619628906,32.28961181640625,8479400.0,21.05971908569336
2011-09-12,33.06292724609375,31.417739868164062,31.645185470581055,33.03260040283203,9244300.0,21.544315338134766
2011-09-13,33.78316879272461,32.92646026611328,33.13874053955078,33.487491607666016,7769900.0,21.84099006652832
2011-09-14,34.821834564208984,33.15390396118164,33.69219207763672,34.313873291015625,7576400.0,22.379972457885742
2011-09-15,35.29188919067383,34.53373718261719,34.87490463256836,35.13267517089844,6608700.0,22.914005279541016
2011-09-16,35.564823150634766,34.60197067260742,35.542076110839844,34.82941436767578,12229800.0,22.716217041015625
2011-09-19,35.072025299072266,33.88930892944336,34.313873291015625,34.88248825073242,4736500.0,22.75082778930664
2011-09-20,35.46626281738281,34.70811080932617,34.76876449584961,35.056861877441406,5672600.0,22.864553451538086
2011-09-21,35.23123550415039,33.91963577270508,34.95830154418945,33.9499626159668,5046300.0,22.142623901367188
2011-09-22,32.91129684448242,31.8347225189209,32.865806579589844,32.3881721496582,9439200.0,21.123998641967773
2011-09-23,32.82789993286133,32.09249496459961,32.160728454589844,32.380592346191406,6398900.0,21.119060516357422
2011-09-26,32.98711013793945,31.796815872192383,32.759666442871094,32.9643669128418,5638900.0,21.499807357788086
2011-09-27,34.23047637939453,33.38134765625,33.54814147949219,33.54814147949219,5174100.0,21.88054847717285
2011-09-28,33.70735549926758,32.373008728027344,33.41167449951172,32.41849899291992,5587500.0,21.1595458984375
2011-09-29,33.29037094116211,32.31993865966797,33.06292724609375,33.00227355957031,5880400.0,21.540576934814453
2011-09-30,32.78240966796875,31.796815872192383,32.373008728027344,31.796815872192383,6517300.0,20.75377655029297
2011-10-03,31.872631072998047,30.62168312072754,31.637603759765625,30.644428253173828,8592300.0,20.001615524291992
2011-10-04,31.319181442260742,29.825626373291016,30.37907600402832,31.250947952270508,9504100.0,20.397491455078125
2011-10-05,31.766489028930664,30.985595703125,31.44806671142578,31.630022048950195,6122000.0,20.64491081237793
2011-10-06,32.36542892456055,31.3343448638916,31.637603759765625,32.34268569946289,6316100.0,21.11006736755371
2011-10-07,32.47915267944336,31.751327514648438,32.08491134643555,32.054588317871094,8380300.0,20.92202377319336
2011-10-10,33.53297805786133,32.60045623779297,32.623199462890625,33.502655029296875,3247700.0,21.86717987060547
2011-10-11,33.623958587646484,33.13874053955078,33.22972106933594,33.472328186035156,3905900.0,21.847381591796875
2011-10-12,34.76876449584961,33.63153839111328,33.745262145996094,34.21531295776367,5688800.0,22.332326889038086
2011-10-13,34.116756439208984,33.27520751953125,33.90447235107422,34.00303268432617,3951100.0,22.193777084350586
2011-10-14,34.79909133911133,33.942378997802734,34.48824691772461,34.40485382080078,4206200.0,22.456045150756836
2011-10-17,34.435176849365234,33.24488067626953,34.435176849365234,33.33586120605469,3547000.0,21.75831413269043
2011-10-18,34.48824691772461,33.12357711791992,33.22972106933594,34.192569732666016,5995600.0,22.317487716674805
2011-10-19,34.42759704589844,33.33586120605469,34.05610275268555,33.41925811767578,6006500.0,21.812744140625
2011-10-20,34.715694427490234,33.4571647644043,33.6542854309082,34.33662033081055,5725700.0,22.411502838134766
2011-10-21,35.8453369140625,34.63229751586914,34.63229751586914,35.564823150634766,6708100.0,23.213157653808594
2011-10-24,36.686885833740234,35.443519592285156,35.549659729003906,36.60348892211914,7032300.0,23.89109230041504
2011-10-25,36.39878845214844,35.701290130615234,36.194087982177734,35.95147705078125,6051100.0,23.465524673461914
2011-10-26,36.58074188232422,35.75436019897461,36.39878845214844,36.24715805053711,6127500.0,23.65851593017578
2011-10-27,38.03639221191406,37.126609802246094,37.270660400390625,37.79378128051758,5866300.0,24.667993545532227
2011-10-28,38.64291000366211,37.56633758544922,37.733131408691406,38.559513092041016,6852700.0,25.167789459228516
2011-10-31,38.28657913208008,36.633811950683594,38.006065368652344,36.656558990478516,7166700.0,23.925729751586914
2011-11-01,36.39878845214844,35.193328857421875,35.655799865722656,35.898406982421875,8019600.0,23.430883407592773
2011-11-02,37.08870315551758,36.32297134399414,37.08870315551758,36.762699127197266,4079700.0,23.995010375976562
2011-11-03,37.30856704711914,36.71720886230469,37.300987243652344,37.17967987060547,6445000.0,24.267169952392578
2011-11-04,37.10386657714844,36.27748107910156,36.81576919555664,36.95981979370117,3690900.0,24.123674392700195
2011-11-07,37.22517013549805,36.39878845214844,36.8233528137207,37.164520263671875,3976100.0,24.25728416442871
2011-11-08,37.69522476196289,36.92190933227539,37.32373046875,37.619407653808594,4036900.0,24.554182052612305
2011-11-09,37.126609802246094,36.315391540527344,36.60348892211914,36.421531677246094,5367500.0,23.77233123779297
2011-11-10,37.26307678222656,36.61865234375,36.899166107177734,36.8385124206543,5366400.0,24.04448890686035
2011-11-11,38.0212287902832,37.19484329223633,37.36922073364258,37.68764114379883,2912000.0,24.598716735839844
2011-11-14,37.70280456542969,37.164520263671875,37.5284309387207,37.35405731201172,2411100.0,24.380990982055664
2011-11-15,37.80136489868164,36.868839263916016,37.164520263671875,37.52084732055664,3375300.0,24.489849090576172
2011-11-16,37.482940673828125,36.50492858886719,37.020469665527344,36.56557846069336,4746400.0,23.866352081298828
2011-11-17,36.48976516723633,35.284305572509766,36.376041412353516,35.66337966918945,5288200.0,23.277482986450195
2011-11-18,36.1334342956543,35.53449630737305,36.01213073730469,35.87566375732422,3630900.0,23.416040420532227
2011-11-21,35.36012268066406,34.66262435913086,35.24639892578125,35.04169845581055,3065400.0,22.871707916259766
2011-11-22,35.25397872924805,34.48824691772461,34.87490463256836,34.90523147583008,3483300.0,22.78264045715332
2011-11-23,34.6474609375,33.858985900878906,34.50341033935547,33.858985900878906,4174100.0,22.099754333496094
2011-11-25,34.37452697753906,33.6542854309082,33.69219207763672,33.78316879272461,1496400.0,22.050268173217773
2011-11-28,35.314632415771484,34.670204162597656,34.89006805419922,35.07960510253906,5119300.0,22.896461486816406
2011-11-29,35.67854309082031,35.102352142333984,35.3449592590332,35.29188919067383,3556000.0,23.035009384155273
2011-11-30,37.043212890625,36.46702194213867,36.58832550048828,36.67930221557617,6908600.0,23.940570831298828
2011-12-01,37.149356842041016,36.58832550048828,36.71720886230469,36.70204544067383,3494000.0,23.95542335510254
2011-12-02,37.01288986206055,35.97422409057617,36.884002685546875,36.01213073730469,6431300.0,23.505109786987305
2011-12-05,36.747535705566406,35.81501007080078,36.73237228393555,36.11069107055664,4684900.0,23.56944465637207
2011-12-06,36.61106872558594,35.75436019897461,36.23957443237305,36.39878845214844,4712700.0,23.757488250732422
2011-12-07,36.23199462890625,35.38286590576172,36.18650436401367,35.89082717895508,5214100.0,23.42593765258789
2011-12-08,35.670963287353516,34.700531005859375,35.59514617919922,34.806671142578125,4482600.0,22.718303680419922
2011-12-09,35.670963287353516,34.81425476074219,34.92039489746094,35.57240295410156,4187900.0,23.218101501464844
2011-12-12,35.1478385925293,34.38210678100586,35.072025299072266,34.63229751586914,4132500.0,22.6044979095459
2011-12-13,35.163002014160156,34.1622428894043,34.67778778076172,34.38969039916992,6256500.0,22.44614028930664
2011-12-14,34.98862838745117,34.207733154296875,34.30629348754883,34.8521614074707,6804300.0,22.748010635375977
2011-12-15,35.48142623901367,34.912811279296875,35.193328857421875,35.01137161254883,5434500.0,22.851917266845703
2011-12-16,35.67854309082031,34.912811279296875,35.33737564086914,35.15542221069336,6710200.0,22.945940017700195
2011-12-19,35.53449630737305,34.89006805419922,35.39802932739258,35.03411865234375,3592100.0,22.86676597595215
2011-12-20,36.42911148071289,35.37528610229492,35.670963287353516,36.376041412353516,3771600.0,23.742633819580078
2011-12-21,36.48976516723633,35.36770248413086,36.45943832397461,35.73919677734375,3818500.0,23.32696533203125
2011-12-22,36.042457580566406,35.51175308227539,35.777103424072266,35.61789321899414,5454000.0,23.247804641723633
2011-12-23,36.23199462890625,35.57240295410156,35.716453552246094,36.22441101074219,2769700.0,23.64366912841797
2011-12-27,36.36846160888672,35.94389724731445,36.22441101074219,36.1334342956543,2103100.0,23.584285736083984
2011-12-28,36.32297134399414,35.420772552490234,36.042457580566406,35.51933288574219,2467800.0,23.199508666992188
2011-12-29,36.042457580566406,35.50416946411133,35.526912689208984,35.99696731567383,2218200.0,23.51148223876953
2011-12-30,35.96664047241211,35.633056640625,35.868080139160156,35.66337966918945,2181600.0,23.293596267700195
2012-01-03,37.07353973388672,36.41394805908203,36.421531677246094,36.73237228393555,3655600.0,23.9918155670166
2012-01-04,36.72479248046875,36.27748107910156,36.686885833740234,36.66413879394531,3077600.0,23.947250366210938
2012-01-05,36.868839263916016,36.01213073730469,36.38362503051758,36.8385124206543,4559100.0,24.06113624572754
2012-01-06,36.914329528808594,36.315391540527344,36.75511932373047,36.641395568847656,2733000.0,23.932390213012695
2012-01-09,36.87642288208008,36.315391540527344,36.633811950683594,36.8309326171875,2818300.0,24.056188583374023
2012-01-10,37.80894470214844,37.08112335205078,37.15693664550781,37.71038818359375,4619900.0,24.63060760498047
2012-01-11,38.21076583862305,37.50568771362305,37.589080810546875,38.1046257019043,3979000.0,24.888099670410156
2012-01-12,38.589839935302734,38.08946228027344,38.28657913208008,38.5140266418457,3653300.0,25.15550422668457
2012-01-13,38.33965301513672,37.93783187866211,38.12736892700195,38.27899932861328,3340200.0,25.001991271972656
2012-01-17,38.99924087524414,38.40030288696289,38.65807342529297,38.53676986694336,3263600.0,25.170358657836914
2012-01-18,39.15087127685547,38.377559661865234,38.42304611206055,39.10538101196289,3655600.0,25.541744232177734
2012-01-19,39.26459503173828,38.87793731689453,39.25701141357422,39.05989456176758,2712900.0,25.512041091918945
2012-01-20,39.23426818847656,38.81728744506836,39.10538101196289,38.92342758178711,3962900.0,25.42290687561035
2012-01-23,39.40864181518555,38.946170806884766,38.96891403198242,39.347991943359375,4701300.0,25.70020866394043
2012-01-24,40.09856033325195,38.93859100341797,39.067474365234375,40.03032684326172,5714400.0,26.145870208740234
2012-01-25,40.333587646484375,39.62092590332031,39.87111282348633,40.2047004699707,3815700.0,26.259767532348633
2012-01-26,40.32600402832031,39.74222946166992,40.280513763427734,39.90902328491211,4413200.0,26.066646575927734
2012-01-27,39.88627624511719,39.4996223449707,39.590599060058594,39.62092590332031,3909500.0,25.878480911254883
2012-01-30,39.74980926513672,39.04473114013672,39.347991943359375,39.74980926513672,4429300.0,25.962657928466797
2012-01-31,40.333587646484375,39.347991943359375,39.61334228515625,39.810462951660156,5713100.0,26.00227165222168
2012-02-01,40.636844635009766,39.88627624511719,40.03032684326172,40.15163040161133,6540300.0,26.22511100769043
2012-02-02,40.454891204833984,39.86353302001953,40.18195724487305,39.916603088378906,3645300.0,26.071598052978516
2012-02-03,40.46247100830078,39.98483657836914,40.409400939941406,40.083396911621094,4114700.0,26.180543899536133
2012-02-06,40.16679382324219,39.802879333496094,39.81804275512695,40.04549026489258,1944600.0,26.155780792236328
2012-02-07,40.0075798034668,39.529945373535156,39.7877197265625,39.75739288330078,2382200.0,25.967613220214844
2012-02-08,39.7952995300293,39.347991943359375,39.704322814941406,39.454132080078125,4925200.0,25.769533157348633
2012-02-09,39.78013610839844,39.363155364990234,39.51478576660156,39.65883255004883,6426600.0,25.903230667114258
2012-02-10,39.40864181518555,38.90068054199219,39.294921875,39.067474365234375,5551100.0,25.516979217529297
2012-02-13,39.51478576660156,39.12054443359375,39.423805236816406,39.35557174682617,4974800.0,25.70516586303711
2012-02-14,39.38589859008789,38.931007385253906,39.188777923583984,39.2191047668457,3788600.0,25.616029739379883
2012-02-15,39.34040832519531,38.75663375854492,39.26459503173828,38.83244705200195,4111800.0,25.36347770690918
2012-02-16,39.77255630493164,38.711143493652344,38.855194091796875,39.719486236572266,4172500.0,25.942852020263672
2012-02-17,39.962093353271484,39.560272216796875,39.840789794921875,39.74980926513672,3148800.0,25.962657928466797
2012-02-21,40.37907409667969,39.90143966674805,40.04549026489258,40.34874725341797,3860300.0,26.353857040405273
2012-02-22,40.409400939941406,40.04549026489258,40.25019073486328,40.26535415649414,2999900.0,26.29938507080078
2012-02-23,40.64442825317383,39.98483657836914,40.295677185058594,40.545867919921875,3811700.0,26.48260498046875
2012-02-24,40.561031341552734,40.27293395996094,40.52312469482422,40.424564361572266,2747400.0,26.403369903564453
2012-02-27,40.61410140991211,40.03032684326172,40.280513763427734,40.32600402832031,3484500.0,26.3389949798584
2012-02-28,40.61410140991211,40.12888717651367,40.303260803222656,40.46247100830078,3344900.0,26.428136825561523
2012-02-29,40.72024154663086,40.0,40.470054626464844,40.053070068359375,6220000.0,26.16073226928711
2012-03-01,40.39423751831055,39.855953216552734,40.07581329345703,40.09097671508789,3598600.0,26.185495376586914
2012-03-02,40.60652160644531,39.90143966674805,40.053070068359375,40.44730758666992,3575500.0,26.418231964111328
2012-03-05,40.34874725341797,40.022743225097656,40.24260711669922,40.295677185058594,3009000.0,26.319202423095703
2012-03-06,40.04549026489258,39.484458923339844,39.484458923339844,39.575435638427734,4143100.0,25.848758697509766
2012-03-07,39.83320617675781,39.454132080078125,39.7952995300293,39.810462951660156,3357700.0,26.00227165222168
2012-03-08,40.36391067504883,40.037906646728516,40.16679382324219,40.189537048339844,2307900.0,26.24987030029297
2012-03-09,40.667171478271484,40.144046783447266,40.26535415649414,40.44730758666992,2626600.0,26.418231964111328
2012-03-12,40.7808952331543,40.32600402832031,40.561031341552734,40.67475509643555,2640100.0,26.566787719726562
2012-03-13,41.546627044677734,40.826385498046875,40.932525634765625,41.52388000488281,3664400.0,27.12139129638672
2012-03-14,41.622440338134766,41.159969329833984,41.546627044677734,41.304019927978516,2596800.0,26.977792739868164
2012-03-15,41.67551040649414,41.15238952636719,41.32676315307617,41.66034698486328,2358700.0,27.210533142089844
2012-03-16,41.82714080810547,41.46323013305664,41.69825744628906,41.69825744628906,5398500.0,27.23529815673828
2012-03-19,41.79681396484375,41.4783935546875,41.57695388793945,41.637603759765625,2197400.0,27.1956729888916
2012-03-20,41.43290328979492,41.114479064941406,41.34192657470703,41.37983322143555,2743100.0,27.02730369567871
2012-03-21,41.59969711303711,41.20545959472656,41.410160064697266,41.44806671142578,1814000.0,27.071876525878906
2012-03-22,41.425323486328125,40.652008056640625,41.068992614746094,41.281272888183594,3999600.0,26.96293830871582
2012-03-23,41.41773986816406,40.89461898803711,41.37983322143555,41.22062301635742,3074800.0,26.92331886291504
2012-03-26,41.72100067138672,41.31917953491211,41.4783935546875,41.69825744628906,3098100.0,27.23529815673828
2012-03-27,42.039424896240234,41.6830940246582,41.75132751464844,41.918121337890625,2935800.0,27.378896713256836
2012-03-28,41.95602798461914,41.22062301635742,41.87263107299805,41.52388000488281,3345500.0,27.137577056884766
2012-03-29,41.80439758300781,41.06140899658203,41.12206268310547,41.72100067138672,3212000.0,27.266407012939453
2012-03-30,42.49431228637695,41.81956100463867,41.95602798461914,42.45640563964844,4804100.0,27.747024536132812
2012-04-02,42.79757308959961,42.15314483642578,42.45640563964844,42.50947570800781,3497500.0,27.781713485717773
2012-04-03,42.56254577636719,41.993934631347656,42.44882583618164,42.33510208129883,3503300.0,27.667743682861328
2012-04-04,42.00151443481445,41.73616409301758,41.880210876464844,41.887794494628906,2796500.0,27.375408172607422
2012-04-05,41.98635482788086,41.622440338134766,41.652767181396484,41.78923416137695,3151000.0,27.310997009277344
2012-04-09,41.61486053466797,41.09931945800781,41.266109466552734,41.387413024902344,2842800.0,27.048391342163086
2012-04-10,41.53904342651367,39.84836959838867,41.47080993652344,40.053070068359375,5649400.0,26.17634391784668
2012-04-11,41.01592254638672,40.530704498291016,40.62926483154297,40.86429214477539,3865800.0,26.706514358520508
2012-04-12,41.4859733581543,40.811222076416016,40.85670852661133,41.31159973144531,2795800.0,26.99884796142578
2012-04-13,41.36466979980469,40.81880187988281,41.12206268310547,40.84912872314453,2686600.0,26.69660186767578
2012-04-16,41.288856506347656,40.796058654785156,41.08415603637695,40.97043228149414,2655900.0,26.775875091552734
2012-04-17,41.758907318115234,41.068992614746094,41.22062301635742,41.53904342651367,2897800.0,27.14748764038086
2012-04-18,41.58453369140625,41.250946044921875,41.2736930847168,41.46323013305664,2755100.0,27.097942352294922
2012-04-19,41.07657241821289,39.83320617675781,40.38665771484375,40.18195724487305,8146200.0,26.260578155517578
2012-04-20,40.62926483154297,40.189537048339844,40.424564361572266,40.2880973815918,6097600.0,26.32994842529297
2012-04-23,40.11372375488281,39.545108795166016,39.825626373291016,39.977256774902344,5186700.0,26.126798629760742
2012-04-24,40.46247100830078,40.068233489990234,40.144046783447266,40.333587646484375,4183300.0,26.35967445373535
2012-04-25,40.86429214477539,40.38665771484375,40.65959167480469,40.48521423339844,3603300.0,26.458768844604492
2012-04-26,41.068992614746094,40.35633087158203,40.38665771484375,41.023502349853516,3007900.0,26.810564041137695
2012-04-27,41.546627044677734,41.15238952636719,41.23578643798828,41.46323013305664,3434000.0,27.097942352294922
2012-04-30,41.394996643066406,40.74298858642578,41.36466979980469,41.10689926147461,3047200.0,26.865062713623047
2012-05-01,41.69825744628906,40.72024154663086,40.95526885986328,41.387413024902344,2663500.0,27.048391342163086
2012-05-02,41.387413024902344,40.94010543823242,41.09173583984375,41.288856506347656,2365300.0,26.983980178833008
2012-05-03,41.387413024902344,40.7808952331543,41.34192657470703,40.87187194824219,1871100.0,26.711471557617188
2012-05-04,40.73540496826172,40.26535415649414,40.61410140991211,40.636844635009766,3667300.0,26.557861328125
2012-05-07,41.114479064941406,40.515541076660156,41.114479064941406,40.65959167480469,2371500.0,26.572736740112305
2012-05-08,41.18271255493164,40.0075798034668,40.35633087158203,41.068992614746094,4651800.0,26.840293884277344
2012-05-09,41.37225341796875,40.4169807434082,40.55344772338867,40.83396530151367,5815700.0,26.686689376831055
2012-05-10,41.35708999633789,40.62926483154297,41.1978759765625,40.73540496826172,4114600.0,26.622282028198242
2012-05-11,41.21303939819336,40.37149429321289,40.5003776550293,40.682334899902344,2423200.0,26.58759307861328
2012-05-14,40.7808952331543,40.144046783447266,40.333587646484375,40.23502731323242,3344000.0,26.29526138305664
2012-05-15,40.962852478027344,40.0,40.2880973815918,40.11372375488281,5040800.0,26.215984344482422
2012-05-16,40.46247100830078,39.74222946166992,40.37907409667969,39.75739288330078,6034900.0,25.983112335205078
2012-05-17,39.86353302001953,39.332828521728516,39.75739288330078,39.332828521728516,4396400.0,25.705638885498047
2012-05-18,39.84836959838867,38.92342758178711,39.59817886352539,39.097801208496094,6639500.0,25.55203628540039
2012-05-21,40.0,39.12812805175781,39.24184799194336,39.93934631347656,4224800.0,26.102025985717773
2012-05-22,40.2047004699707,39.25701141357422,39.96967315673828,39.5072021484375,5153900.0,25.819599151611328
2012-05-23,40.09097671508789,39.07505798339844,39.226688385009766,39.9924201965332,6913500.0,26.136703491210938
2012-05-24,40.25019073486328,39.7877197265625,40.07581329345703,40.053070068359375,3216600.0,26.17634391784668
2012-05-25,40.32600402832031,39.87111282348633,40.053070068359375,40.0,2775300.0,26.141660690307617
2012-05-29,40.705078125,40.21986389160156,40.295677185058594,40.530704498291016,3135900.0,26.488496780395508
2012-05-30,40.11372375488281,39.55269241333008,40.03032684326172,39.55269241333008,2897700.0,25.849328994750977
2012-05-31,39.666412353515625,38.90826416015625,39.52236557006836,39.40106201171875,5253400.0,25.750225067138672
2012-06-01,38.68082046508789,37.77103805541992,38.605003356933594,37.77103805541992,6904400.0,24.684946060180664
2012-06-04,38.03639221191406,37.64973449707031,37.748294830322266,37.93025207519531,5893900.0,24.788999557495117
2012-06-05,38.28657913208008,37.57392120361328,37.83169174194336,38.14253234863281,4778000.0,24.92772674560547
2012-06-06,38.90826416015625,38.112205505371094,38.33965301513672,38.90826416015625,3469700.0,25.428165435791016
2012-06-07,39.65883255004883,38.68082046508789,39.41622543334961,38.75663375854492,4912400.0,25.329072952270508
2012-06-08,39.0902214050293,38.49127960205078,38.54435348510742,39.052310943603516,3514600.0,25.52231788635254
2012-06-11,39.46171188354492,38.43062973022461,39.26459503173828,38.483699798583984,3778000.0,25.150693893432617
2012-06-12,39.05989456176758,38.26383590698242,38.612586975097656,39.02956771850586,3699500.0,25.5074462890625
2012-06-13,39.052310943603516,38.44579315185547,38.8021240234375,38.612586975097656,2885100.0,25.23493194580078
2012-06-14,39.0902214050293,38.5216064453125,38.62774658203125,38.976497650146484,3237300.0,25.472761154174805
2012-06-15,39.40106201171875,38.93859100341797,39.18119812011719,39.188777923583984,5713200.0,25.611499786376953
2012-06-18,39.469295501708984,38.695980072021484,38.90068054199219,39.34040832519531,2935800.0,25.710601806640625
2012-06-19,40.18195724487305,39.454132080078125,39.53752899169922,40.04549026489258,2900600.0,26.171388626098633
2012-06-20,40.15163040161133,39.53752899169922,39.98483657836914,39.86353302001953,3650800.0,26.052473068237305
2012-06-21,40.0,38.76421356201172,39.98483657836914,38.824867248535156,4026200.0,25.3736629486084
2012-06-22,39.188777923583984,38.81728744506836,39.067474365234375,39.05989456176758,8143900.0,25.52726173400879
2012-06-25,38.711143493652344,38.225929260253906,38.62774658203125,38.32448959350586,2997900.0,25.04664421081543
2012-06-26,38.40030288696289,37.77103805541992,38.27899932861328,38.15011215209961,3014500.0,24.932682037353516
2012-06-27,38.62774658203125,38.01364517211914,38.01364517211914,38.392723083496094,2790600.0,25.10769271850586
2012-06-28,38.12736892700195,37.285823822021484,37.99848556518555,37.854434967041016,4334300.0,24.755672454833984
2012-06-29,39.484458923339844,38.52919006347656,38.559513092041016,39.484458923339844,4726700.0,25.8216552734375
2012-07-02,39.56785583496094,39.0068244934082,39.484458923339844,39.49203872680664,3501100.0,25.826616287231445
2012-07-03,39.931766510009766,39.32524490356445,39.43138885498047,39.92418670654297,2128000.0,26.109230041503906
2012-07-05,39.95450973510742,39.56785583496094,39.81804275512695,39.68915939331055,2585800.0,25.955522537231445
2012-07-06,39.26459503173828,38.65049362182617,39.211524963378906,38.946170806884766,2129700.0,25.469623565673828
2012-07-09,38.961334228515625,38.5216064453125,38.718727111816406,38.70356369018555,2604100.0,25.310970306396484
2012-07-10,39.40106201171875,38.241092681884766,38.976497650146484,38.58226013183594,4094800.0,25.231653213500977
2012-07-11,38.65807342529297,37.839271545410156,38.5216064453125,38.134952545166016,4099900.0,24.93912124633789
2012-07-12,37.89234161376953,37.361637115478516,37.869598388671875,37.55117416381836,4680000.0,24.55733871459961
2012-07-13,38.498863220214844,37.54359436035156,37.54359436035156,38.43062973022461,3456400.0,25.132488250732422
2012-07-16,38.35481262207031,37.80894470214844,38.35481262207031,38.12736892700195,2453300.0,24.934162139892578
2012-07-17,38.68082046508789,37.89234161376953,38.19560241699219,38.53676986694336,2247500.0,25.20189666748047
2012-07-18,39.666412353515625,38.256256103515625,38.332069396972656,39.5072021484375,5109500.0,25.836528778076172
2012-07-19,38.89310073852539,37.75587463378906,38.65049362182617,38.75663375854492,9984600.0,25.345680236816406
2012-07-20,39.13570785522461,38.256256103515625,38.68840026855469,38.77179718017578,6210600.0,25.355592727661133
2012-07-23,38.718727111816406,37.91508865356445,38.119789123535156,38.5140266418457,4600100.0,25.187013626098633
2012-07-24,38.63533020019531,37.725547790527344,38.5140266418457,37.99848556518555,4768400.0,24.849878311157227
2012-07-25,38.961334228515625,38.19560241699219,38.2335090637207,38.733890533447266,6151600.0,25.33080291748047
2012-07-26,39.87111282348633,39.0902214050293,39.47687530517578,39.46171188354492,4314700.0,25.80677604675293
2012-07-27,40.37149429321289,39.545108795166016,39.65883255004883,40.06065368652344,4815000.0,26.198471069335938
2012-07-30,40.4927978515625,39.83320617675781,40.09856033325195,40.037906646728516,3790100.0,26.18358612060547
2012-07-31,40.280513763427734,39.86353302001953,39.87111282348633,40.037906646728516,4833200.0,26.18358612060547
2012-08-01,40.424564361572266,39.962093353271484,40.26535415649414,40.25777053833008,3661000.0,26.32738494873047
2012-08-02,40.26535415649414,39.575435638427734,39.9924201965332,40.053070068359375,6145700.0,26.193513870239258
2012-08-03,40.84154510498047,40.36391067504883,40.50796127319336,40.454891204833984,3622700.0,26.45628547668457
2012-08-06,40.71266174316406,40.12888717651367,40.667171478271484,40.15163040161133,2688300.0,26.257965087890625
2012-08-07,40.75056838989258,40.2047004699707,40.2047004699707,40.424564361572266,2735000.0,26.43644905090332
2012-08-08,40.50796127319336,40.189537048339844,40.26535415649414,40.39423751831055,2110000.0,26.416627883911133
2012-08-09,40.37149429321289,40.13646697998047,40.27293395996094,40.16679382324219,2244500.0,26.267879486083984
2012-08-10,40.55344772338867,39.96967315673828,39.96967315673828,40.545867919921875,2187900.0,26.515790939331055
2012-08-13,40.89461898803711,40.333587646484375,40.38665771484375,40.88703536987305,4432200.0,26.738893508911133
2012-08-14,40.94010543823242,40.52312469482422,40.94010543823242,40.621681213378906,2957500.0,26.56536102294922
2012-08-15,40.773311614990234,40.470054626464844,40.61410140991211,40.61410140991211,2473300.0,26.560405731201172
2012-08-16,40.652008056640625,40.25777053833008,40.55344772338867,40.47763442993164,4966900.0,26.47116470336914
2012-08-17,40.83396530151367,40.36391067504883,40.61410140991211,40.7808952331543,4707500.0,26.66948699951172
2012-08-20,40.92494201660156,40.667171478271484,40.76573181152344,40.76573181152344,3365900.0,26.659568786621094
2012-08-21,41.10689926147461,40.4927978515625,40.902198791503906,40.561031341552734,2716700.0,26.52570152282715
2012-08-22,40.773311614990234,40.2880973815918,40.424564361572266,40.71266174316406,2157000.0,26.624858856201172
2012-08-23,40.84912872314453,40.25019073486328,40.59135818481445,40.303260803222656,3401000.0,26.357120513916016
2012-08-24,40.652008056640625,40.083396911621094,40.144046783447266,40.409400939941406,2954200.0,26.426538467407227
2012-08-27,40.68991470336914,40.36391067504883,40.576194763183594,40.48521423339844,2178500.0,26.47612190246582
2012-08-28,40.64442825317383,40.280513763427734,40.38665771484375,40.46247100830078,2153300.0,26.461246490478516
2012-08-29,40.65959167480469,40.34874725341797,40.470054626464844,40.4169807434082,2159800.0,26.43149185180664
2012-08-30,40.4169807434082,40.10614013671875,40.12888717651367,40.174373626708984,2430900.0,26.272842407226562
2012-08-31,40.72024154663086,40.23502731323242,40.35633087158203,40.61410140991211,2958500.0,26.560405731201172
2012-09-04,40.68991470336914,39.855953216552734,40.68991470336914,40.09856033325195,4583900.0,26.2232608795166
2012-09-05,40.48521423339844,39.977256774902344,40.197120666503906,40.06065368652344,2661800.0,26.198471069335938
2012-09-06,41.31917953491211,40.39423751831055,40.409400939941406,41.29643630981445,2841700.0,27.00662612915039
2012-09-07,41.79681396484375,40.932525634765625,41.288856506347656,41.743743896484375,3327000.0,27.299165725708008
2012-09-10,41.61486053466797,40.962852478027344,41.4783935546875,41.008338928222656,3737200.0,26.818225860595703
2012-09-11,41.394996643066406,41.04624557495117,41.10689926147461,41.34950637817383,2692800.0,27.041339874267578
2012-09-12,41.73616409301758,41.288856506347656,41.561790466308594,41.53904342651367,2641600.0,27.1652889251709
2012-09-13,42.19863510131836,41.1978759765625,41.34950637817383,42.009098052978516,3308300.0,27.472692489624023
2012-09-14,42.410919189453125,41.31159973144531,42.10765838623047,41.516300201416016,6374300.0,27.150419235229492
2012-09-17,41.71342086791992,41.35708999633789,41.45564651489258,41.57695388793945,4172500.0,27.190086364746094
2012-09-18,42.31235885620117,41.43290328979492,41.43290328979492,42.19863510131836,4613400.0,27.59664535522461
2012-09-19,42.53980255126953,41.73616409301758,42.266868591308594,42.100074768066406,5393700.0,27.53218650817871
2012-09-20,41.82714080810547,41.394996643066406,41.75132751464844,41.71342086791992,3868800.0,27.279333114624023
2012-09-21,42.115238189697266,41.45564651489258,42.06974792480469,41.622440338134766,6221100.0,27.219829559326172
2012-09-24,41.59969711303711,41.1902961730957,41.387413024902344,41.501136779785156,2317600.0,27.1404972076416
2012-09-25,41.637603759765625,41.266109466552734,41.501136779785156,41.36466979980469,5549600.0,27.051259994506836
2012-09-26,41.993934631347656,41.08415603637695,41.22820281982422,41.72100067138672,7151300.0,27.300792694091797
2012-09-27,42.2592887878418,41.50872039794922,41.758907318115234,42.039424896240234,4923800.0,27.5091609954834
2012-09-28,41.9787712097168,41.43290328979492,41.81956100463867,41.81197738647461,5589100.0,27.360328674316406
2012-10-01,43.328277587890625,41.81197738647461,41.81197738647461,42.64594268798828,6474500.0,27.90604019165039
2012-10-02,42.8809700012207,42.09249496459961,42.79757308959961,42.35026550292969,3322400.0,27.71255874633789
2012-10-03,42.979530334472656,42.3881721496582,42.55496597290039,42.78999328613281,3111900.0,28.000301361083984
2012-10-04,43.10841369628906,42.58529281616211,42.9643669128418,42.873390197753906,2633600.0,28.054868698120117
2012-10-05,43.24488067626953,42.638362884521484,43.06292724609375,42.80515670776367,2450300.0,28.010221481323242
2012-10-08,43.237300872802734,42.608036041259766,42.77482986450195,43.085670471191406,2590900.0,28.19378089904785
2012-10-09,43.07050704956055,41.93328094482422,43.07050704956055,42.024261474609375,5343400.0,27.499229431152344
2012-10-10,42.33510208129883,41.880210876464844,41.95602798461914,41.94844436645508,3678400.0,27.449617385864258
2012-10-11,42.85822677612305,42.03184127807617,42.160728454589844,42.40333557128906,3776200.0,27.747282028198242
2012-10-12,42.835479736328125,42.19863510131836,42.532222747802734,42.40333557128906,4000300.0,27.747282028198242
2012-10-15,42.76724624633789,42.357845306396484,42.49431228637695,42.67626953125,3708600.0,27.92588233947754
2012-10-16,43.19939422607422,42.81273651123047,42.84306335449219,42.91129684448242,3584200.0,28.079673767089844
2012-10-17,43.206974029541016,42.40333557128906,43.15390396118164,42.532222747802734,6207700.0,27.831623077392578
2012-10-18,40.94010543823242,39.840789794921875,40.48521423339844,40.52312469482422,18249500.0,26.516939163208008
2012-10-19,40.75815200805664,40.083396911621094,40.303260803222656,40.439727783203125,9262600.0,26.46236801147461
2012-10-22,40.80363845825195,39.64366912841797,40.424564361572266,40.04549026489258,9706200.0,26.20439338684082
2012-10-23,39.87869644165039,39.04473114013672,39.545108795166016,39.719486236572266,6504700.0,25.991065979003906
2012-10-24,40.4169807434082,39.529945373535156,39.96967315673828,39.61334228515625,4661000.0,25.92160415649414
2012-10-25,39.825626373291016,38.38513946533203,38.438209533691406,39.61334228515625,16615100.0,25.92160415649414
2012-10-26,39.7119026184082,39.12054443359375,39.68915939331055,39.24943161010742,6194100.0,25.683481216430664
2012-10-31,40.52312469482422,39.16603469848633,39.83320617675781,39.2191047668457,6311200.0,25.663631439208984
2012-11-01,39.74222946166992,39.378318786621094,39.423805236816406,39.65125274658203,8585500.0,25.946414947509766
2012-11-02,40.197120666503906,39.347991943359375,39.96967315673828,39.38589859008789,7981700.0,25.772785186767578
2012-11-05,39.74222946166992,39.27217483520508,39.363155364990234,39.575435638427734,7335400.0,25.896806716918945
2012-11-06,40.26535415649414,39.62850570678711,39.68915939331055,40.03032684326172,4262000.0,26.194467544555664
2012-11-07,39.67399597167969,39.294921875,39.59817886352539,39.40106201171875,5115800.0,25.782703399658203
2012-11-08,39.62850570678711,39.31008529663086,39.423805236816406,39.32524490356445,5119300.0,25.73307991027832
2012-11-09,39.78013610839844,39.15087127685547,39.203941345214844,39.438968658447266,3751200.0,25.8075008392334
2012-11-12,39.719486236572266,39.34040832519531,39.469295501708984,39.47687530517578,2390500.0,25.832307815551758
2012-11-13,39.840789794921875,39.188777923583984,39.24184799194336,39.5072021484375,3948600.0,25.85214614868164
2012-11-14,39.76497268676758,38.92342758178711,39.64366912841797,38.976497650146484,6261500.0,25.5048770904541
2012-11-15,39.203941345214844,38.90826416015625,38.96891403198242,39.10538101196289,5115700.0,25.589218139648438
2012-11-16,39.55269241333008,39.014404296875,39.203941345214844,39.41622543334961,5989800.0,25.792619705200195
2012-11-19,40.10614013671875,39.68915939331055,39.74980926513672,40.10614013671875,3800900.0,26.244077682495117
2012-11-20,39.90902328491211,39.575435638427734,39.87111282348633,39.90902328491211,3859200.0,26.115089416503906
2012-11-21,40.515541076660156,39.810462951660156,39.93934631347656,40.2122802734375,3322800.0,26.313528060913086
2012-11-23,40.561031341552734,40.2122802734375,40.2880973815918,40.55344772338867,1360400.0,26.536781311035156
2012-11-26,40.295677185058594,39.86353302001953,40.2122802734375,39.946929931640625,4011000.0,26.139902114868164
2012-11-27,40.022743225097656,39.51478576660156,39.962093353271484,39.5830192565918,5982000.0,25.901765823364258
2012-11-28,40.12888717651367,39.46171188354492,39.63608932495117,40.03032684326172,6614500.0,26.194467544555664
2012-11-29,40.76573181152344,40.18195724487305,40.27293395996094,40.667171478271484,5026800.0,26.6112003326416
2012-11-30,40.9931755065918,40.50796127319336,40.67475509643555,40.917362213134766,4639900.0,26.774913787841797
2012-12-03,41.288856506347656,40.46247100830078,41.24336624145508,40.5003776550293,5047600.0,26.502058029174805
2012-12-04,40.652008056640625,40.23502731323242,40.53828811645508,40.37149429321289,3799200.0,26.417709350585938
2012-12-05,40.811222076416016,40.04549026489258,40.50796127319336,40.44730758666992,3971700.0,26.46732521057129
2012-12-06,40.47763442993164,40.09856033325195,40.280513763427734,40.23502731323242,3622600.0,26.328418731689453
2012-12-07,40.67475509643555,40.13646697998047,40.515541076660156,40.561031341552734,2495100.0,26.541738510131836
2012-12-10,40.621681213378906,40.36391067504883,40.576194763183594,40.4927978515625,3435000.0,26.49709129333496
2012-12-11,40.94010543823242,40.47763442993164,40.621681213378906,40.58377456665039,4086200.0,26.556623458862305
2012-12-12,41.84230422973633,40.56861114501953,40.81880187988281,41.44806671142578,6299800.0,27.138904571533203
2012-12-13,41.85746765136719,41.1902961730957,41.37983322143555,41.61486053466797,5363100.0,27.248117446899414
2012-12-14,41.67551040649414,41.31159973144531,41.531463623046875,41.33434295654297,3179800.0,27.06444549560547
2012-12-17,42.01667785644531,41.46323013305664,41.516300201416016,42.00151443481445,4409500.0,27.50128936767578
2012-12-18,42.76724624633789,41.887794494628906,41.95602798461914,42.70659637451172,4215600.0,27.96294403076172
2012-12-19,42.7520866394043,42.19863510131836,42.68385314941406,42.20621871948242,4540100.0,27.63532257080078
2012-12-20,42.89613342285156,42.274452209472656,42.31235885620117,42.835479736328125,4231600.0,28.047344207763672
2012-12-21,42.63077926635742,42.100074768066406,42.251705169677734,42.501895904541016,4584500.0,27.82891845703125
2012-12-24,42.608036041259766,42.24412536621094,42.44882583618164,42.410919189453125,840700.0,27.76934814453125
2012-12-26,42.592872619628906,42.100074768066406,42.41849899291992,42.19863510131836,2038700.0,27.630359649658203
2012-12-27,42.44882583618164,41.81956100463867,42.130401611328125,42.28961181640625,2416600.0,27.689924240112305
2012-12-28,42.160728454589844,41.652767181396484,41.94844436645508,41.71342086791992,2205700.0,27.312652587890625
2012-12-31,42.41849899291992,41.37225341796875,41.56937026977539,42.380592346191406,3194000.0,27.749496459960938
2013-01-02,43.578468322753906,42.58529281616211,43.18423080444336,43.578468322753906,5128500.0,28.533824920654297
2013-01-03,44.26838684082031,43.487491607666016,43.487491607666016,43.995452880859375,6700100.0,28.80685806274414
2013-01-04,44.344200134277344,43.77558898925781,44.00303268432617,44.04093933105469,4717000.0,28.836639404296875
2013-01-07,45.390445709228516,43.82865905761719,45.33737564086914,44.04093933105469,5890700.0,28.836639404296875
2013-01-08,44.26080322265625,43.63153839111328,43.88930892944336,43.730098724365234,3636400.0,28.63311195373535
2013-01-09,45.868080139160156,44.98862838745117,45.48900604248047,45.33737564086914,9661100.0,29.685501098632812
2013-01-10,45.48142623901367,44.927974700927734,45.45867919921875,45.48142623901367,3830900.0,29.77982521057129
2013-01-11,45.53449630737305,45.13267517089844,45.420772552490234,45.32221221923828,4016600.0,29.675580978393555
2013-01-14,45.45109939575195,45.10993194580078,45.30705261230469,45.178165435791016,3200100.0,29.58126449584961
2013-01-15,45.51175308227539,44.897647857666016,45.056861877441406,45.48142623901367,3434000.0,29.77982521057129
2013-01-16,45.655799865722656,45.163002014160156,45.3449592590332,45.542076110839844,3109400.0,29.819536209106445
2013-01-17,46.23957443237305,45.50416946411133,45.78468704223633,46.02729415893555,3639700.0,30.137243270874023
2013-01-18,46.254737854003906,45.25397872924805,46.254737854003906,45.87566375732422,4922600.0,30.037961959838867
2013-01-22,46.057621002197266,45.6406364440918,45.777103424072266,45.792266845703125,5477100.0,29.983366012573242
2013-01-23,45.868080139160156,45.3525390625,45.69370651245117,45.8377571105957,3929100.0,30.01313591003418
2013-01-24,46.35329818725586,45.79984664916992,45.87566375732422,45.868080139160156,3800300.0,30.032987594604492
2013-01-25,46.254737854003906,45.8377571105957,46.163761138916016,45.898406982421875,4294500.0,30.05284309387207
2013-01-28,46.57316207885742,45.72403335571289,46.11827087402344,46.02729415893555,4708900.0,30.137243270874023
2013-01-29,46.61865234375,45.10993194580078,45.36012268066406,46.24715805053711,5531000.0,30.28119659423828
2013-01-30,46.17134094238281,45.37528610229492,46.11827087402344,45.48900604248047,4623600.0,29.784786224365234
2013-01-31,45.670963287353516,45.208492279052734,45.36012268066406,45.435935974121094,4551000.0,29.750038146972656
2013-02-01,45.898406982421875,45.51175308227539,45.72403335571289,45.8453369140625,5212500.0,30.018104553222656
2013-02-04,45.761940002441406,45.405609130859375,45.633056640625,45.45867919921875,3224200.0,29.76493263244629
2013-02-05,46.11069107055664,45.670963287353516,45.74677658081055,46.004547119140625,3030900.0,30.122346878051758
2013-02-06,45.89082717895508,45.420772552490234,45.420772552490234,45.81501007080078,3009400.0,29.998239517211914
2013-02-07,45.96664047241211,45.38286590576172,45.928733825683594,45.61789321899414,3251300.0,29.869178771972656
2013-02-08,46.10310745239258,45.5572395324707,45.60272979736328,46.10310745239258,2021200.0,30.186874389648438
2013-02-11,46.11827087402344,45.73919677734375,46.08036422729492,46.004547119140625,2463800.0,30.122346878051758
2013-02-12,46.376041412353516,46.004547119140625,46.1334342956543,46.22441101074219,3020600.0,30.266305923461914
2013-02-13,46.48218536376953,45.9211540222168,46.39878845214844,46.26232147216797,3152000.0,30.291126251220703
2013-02-14,46.52009201049805,45.883243560791016,46.08036422729492,46.36846160888672,3678900.0,30.36062240600586
2013-02-15,46.92949295043945,46.1258544921875,46.38362503051758,46.762699127197266,4830800.0,30.6187686920166
2013-02-19,47.111446380615234,46.66413879394531,46.81576919555664,46.853675842285156,2633700.0,30.678329467773438
2013-02-20,47.005306243896484,46.163761138916016,46.90674591064453,46.22441101074219,5159400.0,30.266305923461914
2013-02-21,46.39878845214844,45.93631362915039,46.02729415893555,46.23957443237305,3605300.0,30.276233673095703
2013-02-22,46.59590530395508,46.254737854003906,46.3305549621582,46.59590530395508,2843300.0,30.50954818725586
2013-02-25,46.777862548828125,45.39802932739258,46.633811950683594,45.405609130859375,4239700.0,29.73018455505371
2013-02-26,45.90599060058594,45.579986572265625,45.59514617919922,45.716453552246094,2807600.0,29.933713912963867
2013-02-27,46.61865234375,45.66337966918945,45.75436019897461,46.42911148071289,3032200.0,30.400341033935547
2013-02-28,46.99772644042969,46.3457145690918,46.550418853759766,46.70204544067383,3385000.0,30.57904815673828
2013-03-01,46.8233528137207,46.20924758911133,46.43669509887695,46.67930221557617,3094100.0,30.564159393310547
2013-03-04,46.762699127197266,46.163761138916016,46.641395568847656,46.747535705566406,2662600.0,30.608827590942383
2013-03-05,47.3313102722168,46.793025970458984,46.87642288208008,47.17210006713867,2674500.0,30.88682746887207
2013-03-06,47.35405731201172,46.75511932373047,47.2479133605957,46.8309326171875,3081100.0,30.663433074951172
2013-03-07,47.005306243896484,46.55799865722656,46.92949295043945,46.56557846069336,2703400.0,30.489694595336914
2013-03-08,47.05837631225586,46.656558990478516,46.87642288208008,46.95981979370117,2950700.0,30.74782943725586
2013-03-11,47.23275375366211,46.95981979370117,46.96739959716797,47.20242691040039,2295800.0,30.906681060791016
2013-03-12,47.361637115478516,46.899166107177734,47.23275375366211,47.126609802246094,3738500.0,30.857038497924805
2013-03-13,47.17967987060547,46.868839263916016,47.1190299987793,47.09628677368164,2602500.0,30.837182998657227
2013-03-14,47.46019744873047,47.17210006713867,47.19484329223633,47.46019744873047,2374800.0,31.075456619262695
2013-03-15,47.68764114379883,47.1190299987793,47.17967987060547,47.498104095458984,5560600.0,31.100282669067383
2013-03-18,47.15693664550781,46.75511932373047,46.98256301879883,46.86125946044922,3289700.0,30.683292388916016
2013-03-19,47.18726348876953,46.21683120727539,47.020469665527344,46.45943832397461,4587400.0,30.420202255249023
2013-03-20,46.853675842285156,46.315391540527344,46.60348892211914,46.48218536376953,3815800.0,30.43508529663086
2013-03-21,46.777862548828125,46.23957443237305,46.300228118896484,46.391204833984375,3014900.0,30.37552261352539
2013-03-22,46.8385124206543,46.3305549621582,46.45943832397461,46.75511932373047,3058800.0,30.613801956176758
2013-03-25,47.01288986206055,46.034873962402344,46.853675842285156,46.27748107910156,3768300.0,30.301063537597656
2013-03-26,46.899166107177734,46.45185852050781,46.56557846069336,46.884002685546875,2362300.0,30.71478271484375
2013-03-27,46.90674591064453,46.46702194213867,46.60348892211914,46.884002685546875,2460500.0,30.71478271484375
2013-03-28,47.17967987060547,46.69446563720703,46.884002685546875,47.1190299987793,3358800.0,30.868751525878906
2013-04-01,47.08112335205078,46.633811950683594,46.899166107177734,46.84609603881836,2886400.0,30.689950942993164
2013-04-02,47.043212890625,46.671722412109375,47.005306243896484,46.808189392089844,3415900.0,30.66511344909668
2013-04-03,46.92949295043945,46.1334342956543,46.884002685546875,46.315391540527344,4653100.0,30.342267990112305
2013-04-04,46.60348892211914,45.95906066894531,46.376041412353516,46.057621002197266,4319300.0,30.17339324951172
2013-04-05,45.93631362915039,45.32221221923828,45.50416946411133,45.90599060058594,3558500.0,30.074058532714844
2013-04-08,46.17134094238281,45.78468704223633,45.89082717895508,46.07278060913086,2254500.0,30.183330535888672
2013-04-09,46.1334342956543,45.633056640625,46.11069107055664,45.898406982421875,3419500.0,30.069087982177734
2013-04-10,46.884002685546875,45.8453369140625,46.0500373840332,46.8385124206543,3106700.0,30.68498420715332
2013-04-11,47.09628677368164,46.66413879394531,46.81576919555664,46.95981979370117,3124500.0,30.764448165893555
2013-04-12,46.990142822265625,46.36846160888672,46.8385124206543,46.671722412109375,2218800.0,30.575702667236328
2013-04-15,46.686885833740234,45.420772552490234,46.45943832397461,45.420772552490234,3803700.0,29.756181716918945
2013-04-16,46.23199462890625,45.542076110839844,45.670963287353516,46.21683120727539,2932600.0,30.2777042388916
2013-04-17,46.034873962402344,45.17058563232422,45.98938751220703,45.29188919067383,4499300.0,29.671749114990234
2013-04-18,44.39727020263672,43.67702865600586,43.942378997802734,44.01061248779297,11990700.0,28.83235740661621
2013-04-19,44.8521614074707,44.071266174316406,44.24563980102539,44.806671142578125,4657500.0,29.353870391845703
2013-04-22,45.049278259277344,44.35177993774414,44.821834564208984,44.72327423095703,3144200.0,29.299243927001953
2013-04-23,45.12509536743164,44.344200134277344,44.99620819091797,44.79909133911133,5807500.0,29.348905563354492
2013-04-24,45.69370651245117,44.75360107421875,44.927974700927734,45.45867919921875,5005200.0,29.781021118164062
2013-04-25,46.18650436401367,45.36012268066406,45.526912689208984,45.822593688964844,3455700.0,30.019426345825195
2013-04-26,46.057621002197266,45.435935974121094,45.777103424072266,45.443519592285156,3467200.0,29.77109146118164
2013-04-29,45.79984664916992,45.39802932739258,45.48900604248047,45.66337966918945,2774200.0,29.91512107849121
2013-04-30,46.64897537231445,45.549659729003906,45.70886993408203,46.20166778564453,6733400.0,30.267765045166016
2013-05-01,46.535255432128906,45.564823150634766,45.99696731567383,45.59514617919922,3782600.0,29.87042999267578
2013-05-02,45.98180389404297,45.564823150634766,45.73919677734375,45.8377571105957,3288700.0,30.029361724853516
2013-05-03,46.46702194213867,45.95147705078125,46.315391540527344,46.09552764892578,4975200.0,30.198230743408203
2013-05-06,46.58832550048828,45.898406982421875,46.08794403076172,46.48218536376953,2742300.0,30.4515323638916
2013-05-07,46.8309326171875,46.41394805908203,46.633811950683594,46.64897537231445,2331000.0,30.56080436706543
2013-05-08,46.793025970458984,46.512508392333984,46.6262321472168,46.73237228393555,2740400.0,30.615449905395508
2013-05-09,47.09628677368164,46.58832550048828,46.70962905883789,46.808189392089844,2648800.0,30.66511344909668
2013-05-10,46.96739959716797,46.64897537231445,46.793025970458984,46.92949295043945,1927400.0,30.744579315185547
2013-05-13,46.974979400634766,46.67930221557617,46.762699127197266,46.70204544067383,3036400.0,30.595579147338867
2013-05-14,47.06595993041992,46.71720886230469,46.77027893066406,46.89158630371094,5114800.0,30.719743728637695
2013-05-15,47.111446380615234,46.686885833740234,46.81576919555664,47.05079650878906,5213400.0,30.824052810668945
2013-05-16,47.64973449707031,46.808189392089844,46.8233528137207,47.21000671386719,6151900.0,30.9283504486084
2013-05-17,48.0212287902832,47.56633758544922,47.57392120361328,47.95299530029297,5061100.0,31.415102005004883
2013-05-20,48.589839935302734,47.839271545410156,47.899925231933594,48.574676513671875,4717700.0,31.8223819732666
2013-05-21,48.81728744506836,48.33965301513672,48.5216064453125,48.40030288696289,3101700.0,31.70815086364746
2013-05-22,48.55193328857422,47.36922073364258,48.392723083496094,47.58150100708008,3720800.0,31.171733856201172
2013-05-23,47.54359436035156,47.14177322387695,47.240333557128906,47.300987243652344,3723100.0,30.98795509338379
2013-05-24,47.300987243652344,46.78544235229492,47.005306243896484,47.08112335205078,3017200.0,30.84392547607422
2013-05-28,47.92266845703125,47.361637115478516,47.55117416381836,47.452613830566406,2612600.0,31.087289810180664
2013-05-29,47.36922073364258,46.92949295043945,47.08112335205078,47.164520263671875,2774700.0,30.898550033569336
2013-05-30,47.68764114379883,47.07353973388672,47.32373046875,47.38438034057617,2767600.0,31.042591094970703
2013-05-31,47.56633758544922,46.868839263916016,47.164520263671875,46.868839263916016,3558000.0,30.704849243164062
2013-06-03,47.32373046875,46.8309326171875,46.899166107177734,47.285823822021484,4153200.0,30.978023529052734
2013-06-04,47.589080810546875,46.58074188232422,47.17967987060547,46.84609603881836,3902700.0,30.689950942993164
2013-06-05,46.8385124206543,45.67854309082031,46.762699127197266,45.822593688964844,4562900.0,30.019426345825195
2013-06-06,45.94389724731445,45.223655700683594,45.868080139160156,45.81501007080078,6119600.0,30.014453887939453
2013-06-07,47.134193420410156,45.883243560791016,46.20924758911133,47.08112335205078,4465600.0,30.84392547607422
2013-06-10,47.47536087036133,46.98256301879883,47.17210006713867,47.22517013549805,3284700.0,30.93828773498535
2013-06-11,47.36922073364258,46.656558990478516,46.747535705566406,47.164520263671875,3021400.0,30.898550033569336
2013-06-12,47.3313102722168,46.52009201049805,47.3313102722168,46.550418853759766,3492100.0,30.496240615844727
2013-06-13,47.52084732055664,46.376041412353516,46.56557846069336,47.36922073364258,2964900.0,31.03265380859375
2013-06-14,47.63457107543945,47.09628677368164,47.32373046875,47.39954376220703,2794300.0,31.052522659301758
2013-06-17,48.28657913208008,47.7407112121582,47.763458251953125,48.04397201538086,4052700.0,31.474706649780273
2013-06-18,48.976497650146484,47.8241081237793,48.006065368652344,48.79454040527344,3908900.0,31.966415405273438
2013-06-19,49.12812805175781,48.26383590698242,48.79454040527344,48.27899932861328,4613400.0,31.628673553466797
2013-06-20,47.93783187866211,47.08112335205078,47.75587463378906,47.20242691040039,4312200.0,30.923383712768555
2013-06-21,47.67247772216797,46.75511932373047,47.452613830566406,47.08870315551758,7884100.0,30.848888397216797
2013-06-24,47.22517013549805,46.421531677246094,46.73237228393555,46.747535705566406,4102800.0,30.625368118286133
2013-06-25,47.33889389038086,46.67930221557617,47.05837631225586,47.23275375366211,4103000.0,30.94325828552246
2013-06-26,48.26383590698242,47.54359436035156,47.626991271972656,48.02880859375,4347600.0,31.481428146362305
2013-06-27,48.44579315185547,47.83169174194336,48.347232818603516,48.24867248535156,3338100.0,31.625547409057617
2013-06-28,48.309326171875,47.78620147705078,48.08946228027344,47.990901947021484,5570700.0,31.45659065246582
2013-07-01,49.39347839355469,48.218345642089844,48.32448959350586,49.052310943603516,4959300.0,32.152305603027344
2013-07-02,49.10538101196289,48.112205505371094,48.96891403198242,48.27899932861328,4284900.0,31.64542579650879
2013-07-03,48.453372955322266,47.884761810302734,47.99848556518555,48.241092681884766,1449700.0,31.620576858520508
2013-07-05,48.991661071777344,48.53676986694336,48.65049362182617,48.976497650146484,2308900.0,32.10261154174805
2013-07-08,49.32524490356445,48.75663375854492,49.24184799194336,48.855194091796875,3678600.0,32.02311325073242
2013-07-09,50.545867919921875,49.53752899169922,49.53752899169922,50.50796127319336,6204400.0,33.1064338684082
2013-07-10,51.50872039794922,50.4927978515625,50.4927978515625,51.4025764465332,6201100.0,33.692832946777344
2013-07-11,52.31235885620117,51.4025764465332,51.993934631347656,51.81956100463867,5616300.0,33.96615982055664
2013-07-12,51.880210876464844,51.25852966308594,51.79681396484375,51.69825744628906,4009200.0,33.886653900146484
2013-07-15,52.03184127807617,51.652767181396484,51.94086456298828,51.85746765136719,4609600.0,33.99100112915039
2013-07-16,52.15314483642578,51.1978759765625,51.85746765136719,51.607276916503906,3325900.0,33.827003479003906
2013-07-17,52.03184127807617,51.66034698486328,51.7664909362793,51.865047454833984,4244500.0,33.99596405029297
2013-07-18,52.06974792480469,50.667171478271484,51.55420684814453,51.36466979980469,7251900.0,33.66798400878906
2013-07-19,52.32752227783203,51.304019927978516,51.55420684814453,52.07733154296875,3879100.0,34.13511657714844
2013-07-22,52.221378326416016,51.440486907958984,52.12282180786133,51.6830940246582,3661600.0,33.876708984375
2013-07-23,51.85746765136719,51.43290328979492,51.743743896484375,51.4783935546875,3260900.0,33.742530822753906
2013-07-24,51.652767181396484,51.09173583984375,51.55420684814453,51.2736930847168,3523500.0,33.60835266113281
2013-07-25,51.12206268310547,50.667171478271484,50.9097785949707,51.008338928222656,4091600.0,33.434425354003906
2013-07-26,50.796058654785156,50.439727783203125,50.636844635009766,50.58377456665039,3133200.0,33.156131744384766
2013-07-29,50.97801208496094,50.2047004699707,50.39423751831055,50.94010543823242,2829700.0,33.38969802856445
2013-07-30,51.44806671142578,50.902198791503906,51.144805908203125,50.92494201660156,2780800.0,33.379756927490234
2013-07-31,51.53904342651367,50.92494201660156,50.947689056396484,51.053829193115234,3128400.0,33.464237213134766
2013-08-01,51.69825744628906,51.281272888183594,51.41773986816406,51.281272888183594,3677500.0,33.61332702636719
2013-08-02,51.2736930847168,50.773311614990234,51.2736930847168,50.97043228149414,2737100.0,33.40958023071289
2013-08-05,50.9931755065918,50.71266174316406,50.87187194824219,50.88703536987305,2100900.0,33.35491180419922
2013-08-06,50.92494201660156,50.62926483154297,50.88703536987305,50.83396530151367,2652100.0,33.32012939453125
2013-08-07,51.22062301635742,50.64442825317383,50.796058654785156,51.16755294799805,3086300.0,33.53878402709961
2013-08-08,51.53904342651367,50.97043228149414,51.4025764465332,51.04624557495117,2692300.0,33.459266662597656
2013-08-09,51.09931945800781,50.73540496826172,51.00075912475586,50.788475036621094,2054000.0,33.29030990600586
2013-08-12,50.705078125,50.2880973815918,50.44730758666992,50.43214416503906,2785700.0,33.05675506591797
2013-08-13,51.34192657470703,50.39423751831055,50.439727783203125,51.2736930847168,2321900.0,33.60835266113281
2013-08-14,51.13722610473633,50.454891204833984,51.09931945800781,50.545867919921875,2287600.0,33.131282806396484
2013-08-15,50.86429214477539,49.946929931640625,50.37149429321289,50.424564361572266,3190900.0,33.05177307128906
2013-08-16,50.667171478271484,50.27293395996094,50.424564361572266,50.59135818481445,2872300.0,33.16109848022461
2013-08-19,51.008338928222656,50.38665771484375,50.4169807434082,50.68991470336914,2575200.0,33.2256965637207
2013-08-20,50.72024154663086,50.2047004699707,50.72024154663086,50.280513763427734,3152900.0,32.95736312866211
2013-08-21,50.545867919921875,50.07581329345703,50.21986389160156,50.174373626708984,2554700.0,32.887786865234375
2013-08-22,51.20545959472656,50.23502731323242,50.34116744995117,51.01592254638672,2210500.0,33.439395904541016
2013-08-23,51.20545959472656,50.75815200805664,51.038665771484375,51.053829193115234,2350300.0,33.464237213134766
2013-08-26,51.16755294799805,50.50796127319336,50.97043228149414,50.52312469482422,2126300.0,33.11638641357422
2013-08-27,49.98483657836914,49.47687530517578,49.855953216552734,49.5830192565918,3179900.0,32.500160217285156
2013-08-28,49.81804275512695,49.32524490356445,49.4996223449707,49.4996223449707,2076700.0,32.44551086425781
2013-08-29,50.197120666503906,49.11296463012695,49.347991943359375,49.74222946166992,1700900.0,32.60451889038086
2013-08-30,49.90143966674805,49.469295501708984,49.840789794921875,49.67399597167969,2021400.0,32.559810638427734
2013-09-03,50.4927978515625,49.74222946166992,50.13646697998047,49.93934631347656,2234100.0,32.733726501464844
2013-09-04,50.902198791503906,49.802879333496094,49.802879333496094,50.80363845825195,2787500.0,33.30024719238281
2013-09-05,51.114479064941406,50.545867919921875,50.75056838989258,50.962852478027344,1826600.0,33.40461349487305
2013-09-06,51.24336624145508,50.34874725341797,51.038665771484375,50.667171478271484,2599400.0,33.21080017089844
2013-09-09,51.36466979980469,50.811222076416016,50.811222076416016,51.288856506347656,1805500.0,33.61829376220703
2013-09-10,52.266868591308594,51.59969711303711,51.690673828125,51.902957916259766,3072000.0,34.020809173583984
2013-09-11,52.547386169433594,51.85746765136719,51.95602798461914,52.547386169433594,2753000.0,34.44321823120117
2013-09-12,52.729339599609375,52.35026550292969,52.55496597290039,52.653526306152344,3295300.0,34.51279067993164
2013-09-13,52.90371322631836,52.31993865966797,52.78240966796875,52.888553619384766,3255000.0,34.666839599609375
2013-09-16,53.55572509765625,52.971946716308594,53.38134765625,53.15390396118164,3707700.0,34.84077072143555
2013-09-17,53.449581146240234,52.956787109375,53.21455764770508,53.09325408935547,3432000.0,34.8010139465332
2013-09-18,53.487491607666016,52.82789993286133,53.07050704956055,53.44200134277344,3559400.0,35.02960968017578
2013-09-19,53.78316879272461,53.237300872802734,53.661865234375,53.28279113769531,5248300.0,34.92526626586914
2013-09-20,53.61637496948242,52.744503021240234,53.313114166259766,52.744503021240234,6759000.0,34.57242965698242
2013-09-23,52.8809700012207,52.49431228637695,52.532222747802734,52.729339599609375,2846600.0,34.5624885559082
2013-09-24,52.80515670776367,52.22896194458008,52.759666442871094,52.266868591308594,3114500.0,34.25935363769531
2013-09-25,52.89613342285156,52.16830825805664,52.42607879638672,52.73692321777344,3432800.0,34.58400344848633
2013-09-26,53.1766471862793,52.58529281616211,52.78240966796875,52.89613342285156,2266100.0,34.68840408325195
2013-09-27,53.10841369628906,52.638362884521484,52.79757308959961,52.971946716308594,3134200.0,34.73812484741211
2013-09-30,52.91129684448242,52.3881721496582,52.56254577636719,52.55496597290039,3525500.0,34.46467971801758
2013-10-01,52.79757308959961,52.395755767822266,52.653526306152344,52.6686897277832,3222000.0,34.53925704956055
2013-10-02,52.43366241455078,51.84230422973633,52.43366241455078,52.410919189453125,3105700.0,34.370216369628906
2013-10-03,52.29719543457031,51.16755294799805,52.1834716796875,51.546627044677734,3360000.0,33.80342483520508
2013-10-04,52.221378326416016,51.41773986816406,51.561790466308594,51.94844436645508,2593000.0,34.066932678222656
2013-10-07,51.774070739746094,51.34950637817383,51.61486053466797,51.44806671142578,2262200.0,33.73879623413086
2013-10-08,51.94844436645508,50.9931755065918,51.46323013305664,51.03108596801758,3929900.0,33.46533966064453
2013-10-09,51.09931945800781,50.667171478271484,51.008338928222656,50.902198791503906,3861100.0,33.38082504272461
2013-10-10,52.34268569946289,51.41773986816406,51.4859733581543,52.29719543457031,3561900.0,34.29563903808594
2013-10-11,52.699012756347656,51.993934631347656,52.251705169677734,52.64594268798828,1896800.0,34.52433776855469
2013-10-14,52.850643157958984,52.19105529785156,52.28961181640625,52.729339599609375,2027500.0,34.579036712646484
2013-10-15,52.84306335449219,52.31235885620117,52.61561965942383,52.32752227783203,3208300.0,34.31552505493164
2013-10-16,52.63077926635742,52.160728454589844,52.486732482910156,52.42607879638672,6263100.0,34.380157470703125
2013-10-17,55.03411865234375,53.358604431152344,53.836238861083984,54.821834564208984,7771200.0,35.95125198364258
2013-10-18,55.10993194580078,54.32145690917969,55.10993194580078,54.58680725097656,5531700.0,35.797122955322266
2013-10-21,54.81425476074219,54.41243362426758,54.76118087768555,54.53373718261719,3447300.0,35.7623176574707
2013-10-22,54.950721740722656,54.473087310791016,54.60197067260742,54.76876449584961,3027100.0,35.91645050048828
2013-10-23,54.96588134765625,54.3593635559082,54.76118087768555,54.51099395751953,2678800.0,35.74740982055664
2013-10-24,54.76876449584961,54.222896575927734,54.54890060424805,54.62471389770508,2628800.0,35.821983337402344
2013-10-25,54.75360107421875,54.20015335083008,54.49583053588867,54.670204162597656,2272500.0,35.851810455322266
2013-10-28,54.912811279296875,54.38210678100586,54.69294738769531,54.70811080932617,2113900.0,35.87668228149414
2013-10-29,55.00379180908203,54.48066711425781,54.69294738769531,54.99620819091797,3016800.0,36.06560134887695
2013-10-30,55.208492279052734,54.594390869140625,54.99620819091797,54.61713409423828,2058500.0,35.817020416259766
2013-10-31,55.01895523071289,54.4427604675293,54.79909133911133,54.6550407409668,1931900.0,35.84187316894531
2013-11-01,55.178165435791016,54.61713409423828,54.79909133911133,55.0644416809082,3013900.0,36.11034393310547
2013-11-04,55.23123550415039,54.63229751586914,55.072025299072266,55.15542221069336,2529000.0,36.170005798339844
2013-11-05,55.17058563232422,54.78392791748047,55.087188720703125,55.03411865234375,1810900.0,36.09046936035156
2013-11-06,55.79984664916992,55.12509536743164,55.269142150878906,55.329795837402344,2276300.0,36.28436279296875
2013-11-07,55.5572395324707,54.3593635559082,55.390445709228516,54.4427604675293,2337500.0,35.702659606933594
2013-11-08,56.58832550048828,54.8597412109375,54.8597412109375,56.55799865722656,6154900.0,37.08979797363281
2013-11-11,56.686885833740234,56.148597717285156,56.55799865722656,56.376041412353516,2319400.0,36.97047805786133
2013-11-12,56.338134765625,55.633056640625,56.27748107910156,56.02729415893555,2996600.0,36.74177932739258
2013-11-13,55.98180389404297,55.670963287353516,55.792266845703125,55.9211540222168,3421800.0,36.67216873168945
2013-11-14,56.81576919555664,56.11069107055664,56.24715805053711,56.43669509887695,3841000.0,37.0102424621582
2013-11-15,56.66413879394531,56.141014099121094,56.23199462890625,56.47460174560547,4302300.0,37.03511428833008
2013-11-18,56.853675842285156,56.391204833984375,56.497344970703125,56.52009201049805,3720800.0,37.06494140625
2013-11-19,56.671722412109375,56.11827087402344,56.497344970703125,56.20166778564453,2325100.0,36.85612106323242
2013-11-20,56.48976516723633,55.75436019897461,56.17134094238281,55.94389724731445,2920100.0,36.68708038330078
2013-11-21,56.406368255615234,56.019710540771484,56.254737854003906,56.35329818725586,2383400.0,36.95555877685547
2013-11-22,56.656558990478516,56.285064697265625,56.421531677246094,56.59590530395508,2557100.0,37.11465835571289
2013-11-25,56.86125946044922,56.376041412353516,56.86125946044922,56.497344970703125,1837200.0,37.050018310546875
2013-11-26,57.5360107421875,56.86125946044922,56.884002685546875,57.14177322387695,4777000.0,37.472618103027344
2013-11-27,57.56633758544922,56.99772644042969,57.407127380371094,57.134193420410156,1867500.0,37.4676513671875
2013-11-29,57.270660400390625,56.656558990478516,57.111446380615234,56.70962905883789,1771900.0,37.189231872558594
2013-12-02,57.05837631225586,56.376041412353516,56.550418853759766,56.535255432128906,3260100.0,37.07488250732422
2013-12-03,56.44427490234375,55.75436019897461,56.315391540527344,55.928733825683594,3117000.0,36.6771354675293
2013-12-04,56.32297134399414,55.27672576904297,55.6406364440918,55.8453369140625,2463400.0,36.62245178222656
2013-12-05,56.141014099121094,55.37528610229492,55.526912689208984,55.83017349243164,2509200.0,36.61250686645508
2013-12-06,57.08112335205078,56.32297134399414,56.46702194213867,56.95223617553711,2418100.0,37.348331451416016
2013-12-09,57.452613830566406,56.87642288208008,57.3313102722168,57.149356842041016,2675000.0,37.477596282958984
2013-12-10,57.111446380615234,56.52009201049805,56.89158630371094,56.974979400634766,2409900.0,37.36324691772461
2013-12-11,57.111446380615234,55.8453369140625,56.95981979370117,56.0500373840332,4073900.0,36.75668716430664
2013-12-12,56.55799865722656,55.25397872924805,55.26156234741211,56.29264450073242,5235100.0,36.9157829284668
2013-12-13,56.39878845214844,55.8377571105957,56.30780792236328,56.11069107055664,3557000.0,36.79646301269531
2013-12-16,57.270660400390625,56.18650436401367,56.285064697265625,57.09628677368164,4607500.0,37.44279098510742
2013-12-17,57.41470718383789,56.512508392333984,57.240333557128906,56.67930221557617,2964500.0,37.169342041015625
2013-12-18,58.38513946533203,56.56557846069336,56.67930221557617,58.271419525146484,4387100.0,38.21343231201172
2013-12-19,58.12736892700195,57.604244232177734,58.02880859375,58.05913543701172,3187200.0,38.074214935302734
2013-12-20,58.438209533691406,57.83169174194336,57.869598388671875,58.02880859375,4522100.0,38.0543327331543
2013-12-23,58.62016677856445,57.95299530029297,58.347232818603516,58.18043899536133,2966800.0,38.15376281738281
2013-12-24,58.498863220214844,58.07429885864258,58.07429885864258,58.218345642089844,1413800.0,38.17863082885742
2013-12-26,58.42304611206055,58.19560241699219,58.377559661865234,58.3169059753418,2522900.0,38.25968933105469
2013-12-27,58.67323684692383,58.218345642089844,58.50644302368164,58.41546630859375,1102100.0,38.32435607910156
2013-12-30,58.47611999511719,58.08946228027344,58.36997604370117,58.241092681884766,1281200.0,38.2099494934082
2013-12-31,58.62774658203125,58.26383590698242,58.46095657348633,58.52919006347656,1390300.0,38.398963928222656
2014-01-02,58.38513946533203,57.69522476196289,58.119789123535156,57.960575103759766,2651700.0,38.025909423828125
2014-01-03,58.347232818603516,57.869598388671875,57.960575103759766,58.04397201538086,1570600.0,38.08062744140625
2014-01-06,58.53676986694336,57.50568771362305,58.33965301513672,57.5360107421875,2579700.0,37.747379302978516
2014-01-07,58.05155563354492,57.57392120361328,57.733131408691406,58.01364517211914,2646400.0,38.06072998046875
2014-01-08,58.3169059753418,57.83169174194336,57.91508865356445,58.04397201538086,3002700.0,38.08062744140625
2014-01-09,58.8097038269043,58.05913543701172,58.468536376953125,58.74147033691406,4068500.0,38.53822708129883
2014-01-10,58.931007385253906,58.27899932861328,58.83244705200195,58.89310073852539,2726600.0,38.6377067565918
2014-01-13,58.79454040527344,57.68764114379883,58.62016677856445,57.733131408691406,3392400.0,37.87668991088867
2014-01-14,59.363155364990234,58.30174255371094,58.840030670166016,59.332828521728516,6122900.0,38.926204681396484
2014-01-15,59.41622543334961,58.90068054199219,59.38589859008789,59.294921875,3734300.0,38.901329040527344
2014-01-16,59.62092590332031,59.16603469848633,59.294921875,59.53752899169922,3320700.0,39.06049728393555
2014-01-17,59.61334228515625,58.87793731689453,59.61334228515625,59.037147521972656,3479900.0,38.732215881347656
2014-01-21,59.74222946166992,58.885520935058594,59.590599060058594,59.13570785522461,6464600.0,38.79688262939453
2014-01-22,59.294921875,58.453372955322266,59.173614501953125,59.0902214050293,3433000.0,38.76703643798828
2014-01-23,58.65049362182617,58.15011215209961,58.52919006347656,58.46095657348633,2405400.0,38.35419464111328
2014-01-24,58.06671905517578,56.194087982177734,57.87717819213867,56.20166778564453,5300400.0,36.871952056884766
2014-01-27,56.70204544067383,55.8377571105957,56.39878845214844,56.178924560546875,4740600.0,36.85704040527344
2014-01-28,58.05155563354492,56.20924758911133,56.8385124206543,57.020469665527344,5764500.0,37.40914535522461
2014-01-29,57.44503402709961,56.48976516723633,56.497344970703125,56.95981979370117,5055700.0,37.36935043334961
2014-01-30,57.376800537109375,56.747535705566406,57.19484329223633,57.08870315551758,4365000.0,37.45389938354492
2014-01-31,56.868839263916016,56.0500373840332,56.30780792236328,56.39878845214844,4247000.0,37.001277923583984
2014-02-03,56.95981979370117,54.96588134765625,56.50492858886719,55.01137161254883,5571700.0,36.09103775024414
2014-02-04,55.62547302246094,54.82941436767578,55.208492279052734,55.29188919067383,4525300.0,36.27507781982422
2014-02-05,55.27672576904297,54.50341033935547,55.04169845581055,54.95830154418945,3593400.0,36.05622482299805
2014-02-06,55.898406982421875,54.69294738769531,54.81425476074219,55.883243560791016,3931100.0,36.66304397583008
2014-02-07,57.08112335205078,55.98938751220703,56.32297134399414,56.95223617553711,4158400.0,37.36437225341797
2014-02-10,57.05837631225586,56.535255432128906,57.05837631225586,56.914329528808594,4141700.0,37.33951187133789
2014-02-11,57.5284309387207,56.95981979370117,57.14177322387695,57.15693664550781,3325000.0,37.49867630004883
2014-02-12,57.604244232177734,57.134193420410156,57.391963958740234,57.27824020385742,2762200.0,37.57825469970703
2014-02-13,57.86201858520508,56.69446563720703,56.80060577392578,57.78620147705078,3174900.0,37.91151428222656
2014-02-14,58.07429885864258,57.49052429199219,57.7407112121582,57.945411682128906,2973500.0,38.01596450805664
2014-02-18,58.05913543701172,57.498104095458984,57.733131408691406,57.57392120361328,3104100.0,37.772239685058594
2014-02-19,57.990901947021484,57.01288986206055,57.42987060546875,57.07353973388672,3429100.0,37.4439697265625
2014-02-20,57.869598388671875,56.89158630371094,57.23275375366211,57.70280456542969,3138400.0,37.8568000793457
2014-02-21,57.86201858520508,57.36922073364258,57.6118278503418,57.733131408691406,3529300.0,37.87668991088867
2014-02-24,58.44579315185547,57.84685516357422,57.90750503540039,58.04397201538086,3515300.0,38.08062744140625
2014-02-25,58.43062973022461,57.778621673583984,57.95299530029297,58.241092681884766,3503000.0,38.2099494934082
2014-02-26,58.52919006347656,58.03639221191406,58.26383590698242,58.241092681884766,3528000.0,38.2099494934082
2014-02-27,58.47611999511719,57.869598388671875,57.89234161376953,58.40030288696289,3374100.0,38.31439971923828
2014-02-28,58.78696060180664,57.80136489868164,58.377559661865234,57.990901947021484,5017400.0,38.04581069946289
2014-03-03,57.69522476196289,57.126609802246094,57.42229080200195,57.30856704711914,3629300.0,37.59815216064453
2014-03-04,58.15011215209961,57.77103805541992,57.96815872192383,57.899925231933594,4219300.0,37.986122131347656
2014-03-05,58.14253234863281,57.642154693603516,57.945411682128906,57.90750503540039,3320300.0,37.99109649658203
2014-03-06,58.44579315185547,57.95299530029297,58.05155563354492,58.28657913208008,3021600.0,38.23979187011719
2014-03-07,58.8021240234375,58.32448959350586,58.67323684692383,58.70356369018555,3720300.0,38.513370513916016
2014-03-10,58.68082046508789,58.218345642089844,58.68082046508789,58.49127960205078,2956100.0,38.37409210205078
2014-03-11,58.65049362182617,57.86201858520508,58.58226013183594,57.945411682128906,2768400.0,38.01596450805664
2014-03-12,57.67247772216797,57.23275375366211,57.5360107421875,57.482940673828125,2873900.0,37.71255111694336
2014-03-13,57.77103805541992,56.338134765625,57.75587463378906,56.42911148071289,3284100.0,37.02116775512695
2014-03-14,56.60348892211914,55.883243560791016,56.338134765625,55.94389724731445,3669500.0,36.702842712402344
2014-03-17,56.95981979370117,56.315391540527344,56.338134765625,56.747535705566406,3270800.0,37.23007583618164
2014-03-18,57.20242691040039,56.8385124206543,56.87642288208008,57.05837631225586,1861600.0,37.43401336669922
2014-03-19,57.21759033203125,56.057621002197266,57.028053283691406,56.38362503051758,2492300.0,36.991336822509766
2014-03-20,56.84609603881836,56.1334342956543,56.3305549621582,56.671722412109375,2088500.0,37.180335998535156
2014-03-21,57.71038818359375,56.884002685546875,57.134193420410156,57.08870315551758,5422200.0,37.45389938354492
2014-03-24,57.30856704711914,56.0500373840332,57.29340362548828,56.3457145690918,2211900.0,36.966453552246094
2014-03-25,56.914329528808594,56.148597717285156,56.67930221557617,56.42911148071289,2327700.0,37.02116775512695
2014-03-26,56.868839263916016,55.61789321899414,56.793025970458984,55.61789321899414,3976600.0,36.55373764038086
2014-03-27,55.90599060058594,55.30705261230469,55.4283561706543,55.67854309082031,4468600.0,36.593597412109375
2014-03-28,56.421531677246094,55.792266845703125,56.01213073730469,56.004547119140625,2665100.0,36.807865142822266
2014-03-31,56.86125946044922,56.269901275634766,56.50492858886719,56.86125946044922,2807000.0,37.37092208862305
2014-04-01,57.07353973388672,56.57316207885742,56.92190933227539,57.05837631225586,3062800.0,37.50046920776367
2014-04-02,57.407127380371094,56.96739959716797,57.149356842041016,57.19484329223633,3042100.0,37.59016036987305
2014-04-03,57.55117416381836,56.92190933227539,57.285823822021484,57.498104095458984,2858800.0,37.789466857910156
2014-04-04,58.15011215209961,57.08870315551758,57.975738525390625,57.164520263671875,3415500.0,37.570228576660156
2014-04-07,57.028053283691406,55.822593688964844,56.974979400634766,55.97422409057617,2979000.0,36.78792953491211
2014-04-08,56.360877990722656,55.579986572265625,55.86050033569336,56.1258544921875,3102800.0,36.8875846862793
2014-04-09,57.39954376220703,56.391204833984375,56.86125946044922,57.35405731201172,4055500.0,37.694801330566406
2014-04-10,57.35405731201172,56.178924560546875,57.346473693847656,56.20166778564453,3192300.0,36.93741226196289
2014-04-11,56.034873962402344,55.178165435791016,55.8453369140625,55.193328857421875,3608300.0,36.274696350097656
2014-04-14,55.670963287353516,54.51099395751953,55.670963287353516,55.03411865234375,5905200.0,36.170066833496094
2014-04-15,55.41319274902344,54.39727020263672,55.10993194580078,55.3449592590332,5046200.0,36.374351501464844
2014-04-16,56.004547119140625,55.23881912231445,55.94389724731445,55.8377571105957,5374500.0,36.6982421875
2014-04-17,55.67854309082031,54.806671142578125,55.3449592590332,55.23123550415039,10285800.0,36.29962158203125
2014-04-21,56.6262321472168,55.4283561706543,55.61789321899414,56.5428352355957,7684000.0,37.1616325378418
2014-04-22,56.5428352355957,55.73161315917969,56.46702194213867,55.761940002441406,5662700.0,36.648406982421875
2014-04-23,55.883243560791016,55.50416946411133,55.72403335571289,55.633056640625,4210500.0,36.56370544433594
2014-04-24,56.034873962402344,55.61789321899414,55.883243560791016,55.8453369140625,3678000.0,36.70322036743164
2014-04-25,55.93631362915039,55.21607208251953,55.807430267333984,55.38286590576172,3204300.0,36.39927291870117
2014-04-28,55.79984664916992,55.1402587890625,55.5572395324707,55.72403335571289,6213200.0,36.62349319458008
2014-04-29,55.8377571105957,55.29188919067383,55.73161315917969,55.64822006225586,5475800.0,36.57366943359375
2014-04-30,55.686126708984375,55.32221221923828,55.542076110839844,55.633056640625,4372200.0,36.56370544433594
2014-05-01,56.1258544921875,55.542076110839844,55.633056640625,55.807430267333984,4759300.0,36.678306579589844
2014-05-02,55.913570404052734,55.46626281738281,55.83017349243164,55.549659729003906,3463400.0,36.508888244628906
2014-05-05,55.51933288574219,55.049278259277344,55.3449592590332,55.3449592590332,2560300.0,36.374351501464844
2014-05-06,55.37528610229492,54.99620819091797,55.18574523925781,55.01137161254883,2691800.0,36.15510940551758
2014-05-07,55.27672576904297,54.715694427490234,55.178165435791016,55.20090866088867,4129100.0,36.2796745300293
2014-05-08,55.96664047241211,55.049278259277344,55.178165435791016,55.549659729003906,3763200.0,36.508888244628906
2014-05-09,56.148597717285156,55.18574523925781,55.443519592285156,56.1258544921875,5644600.0,36.8875846862793
2014-05-12,56.95223617553711,56.269901275634766,56.269901275634766,56.914329528808594,3653100.0,37.40579605102539
2014-05-13,57.56633758544922,56.95981979370117,57.17967987060547,57.33889389038086,3746300.0,37.68482971191406
2014-05-14,57.75587463378906,56.92190933227539,57.164520263671875,57.020469665527344,4078800.0,37.475555419921875
2014-05-15,56.92190933227539,56.29264450073242,56.77027893066406,56.8385124206543,4019500.0,37.3559684753418
2014-05-16,57.17210006713867,56.59590530395508,56.84609603881836,57.10386657714844,4231700.0,37.53036117553711
2014-05-19,57.763458251953125,56.89158630371094,56.94465637207031,57.482940673828125,3121600.0,37.779502868652344
2014-05-20,57.58150100708008,56.535255432128906,57.467777252197266,56.70962905883789,3076500.0,37.27125549316406
2014-05-21,57.869598388671875,56.95981979370117,56.95981979370117,57.83169174194336,4151400.0,38.00870895385742
2014-05-22,59.51478576660156,58.15769577026367,58.62774658203125,59.15845489501953,8946200.0,38.88070297241211
2014-05-23,59.484458923339844,58.93859100341797,59.13570785522461,59.454132080078125,2859400.0,39.07503128051758
2014-05-27,59.89385986328125,59.49203872680664,59.855953216552734,59.62850570678711,3384100.0,39.189632415771484
2014-05-28,59.92418670654297,59.423805236816406,59.681575775146484,59.65125274658203,2958300.0,39.2045783996582
2014-05-29,59.77255630493164,59.23426818847656,59.65125274658203,59.55269241333008,3134900.0,39.13980484008789
2014-05-30,59.529945373535156,59.15087127685547,59.39347839355469,59.46171188354492,4487700.0,39.08000946044922
2014-06-02,59.78013610839844,59.0068244934082,59.590599060058594,59.62092590332031,2406100.0,39.18465805053711
2014-06-03,59.7877197265625,59.3025016784668,59.38589859008789,59.73464584350586,2733700.0,39.25939178466797
2014-06-04,59.63608932495117,59.13570785522461,59.545108795166016,59.46171188354492,3257400.0,39.08000946044922
2014-06-05,60.53828811645508,59.082637786865234,59.469295501708984,60.27293395996094,3897900.0,39.6131706237793
2014-06-06,61.023502349853516,60.26535415649414,60.31084060668945,60.932525634765625,3688400.0,40.04667663574219
2014-06-09,61.516300201416016,60.76573181152344,60.7808952331543,61.068992614746094,4058200.0,40.1363639831543
2014-06-10,61.09931945800781,60.636844635009766,60.86429214477539,60.97801208496094,1841400.0,40.076576232910156
2014-06-11,60.95526885986328,60.61410140991211,60.87187194824219,60.72024154663086,2579400.0,39.90715026855469
2014-06-12,60.88703536987305,60.43214416503906,60.44730758666992,60.75056838989258,3528700.0,39.92708969116211
2014-06-13,61.023502349853516,60.59135818481445,60.667171478271484,60.85670852661133,2279100.0,39.99684143066406
2014-06-16,60.9097785949707,60.56861114501953,60.72024154663086,60.705078125,3143400.0,39.89718246459961
2014-06-17,60.917362213134766,60.59135818481445,60.788475036621094,60.7808952331543,2154800.0,39.947021484375
2014-06-18,61.1978759765625,60.5003776550293,60.84154510498047,61.159969329833984,2436300.0,40.1961555480957
2014-06-19,61.21303939819336,60.62926483154297,61.038665771484375,60.72782516479492,4345700.0,39.91213607788086
2014-06-20,61.1902961730957,60.52312469482422,60.811222076416016,61.16755294799805,6036100.0,40.20114517211914
2014-06-23,61.18271255493164,60.811222076416016,61.13722610473633,60.902198791503906,2703500.0,40.026737213134766
2014-06-24,60.902198791503906,60.083396911621094,60.902198791503906,60.083396911621094,3678900.0,39.48859786987305
2014-06-25,60.37149429321289,59.5830192565918,59.946929931640625,60.26535415649414,2747600.0,39.67422103881836
2014-06-26,60.37149429321289,59.65125274658203,60.2122802734375,59.96967315673828,2622800.0,39.47956466674805
2014-06-27,60.13646697998047,59.7119026184082,59.87869644165039,60.037906646728516,3331900.0,39.52448654174805
2014-06-30,60.144046783447266,59.560272216796875,60.12888717651367,59.68915939331055,4072900.0,39.294898986816406
2014-07-01,60.439727783203125,59.98483657836914,60.01516342163086,60.27293395996094,3590400.0,39.6792106628418
2014-07-02,60.25777053833008,59.560272216796875,60.068233489990234,59.719486236572266,3379100.0,39.31486511230469
2014-07-03,60.40182113647461,59.962093353271484,60.09097671508789,60.23502731323242,2725500.0,39.65425491333008
2014-07-07,60.197120666503906,59.423805236816406,60.15163040161133,59.52236557006836,3427900.0,39.185089111328125
2014-07-08,59.61334228515625,59.12812805175781,59.46171188354492,59.27975845336914,3750400.0,39.02537536621094
2014-07-09,59.545108795166016,59.14329147338867,59.438968658447266,59.35557174682617,3087700.0,39.07529067993164
2014-07-10,59.38589859008789,58.74147033691406,58.86277389526367,59.13570785522461,2979200.0,38.930545806884766
2014-07-11,59.438968658447266,58.95375442504883,59.13570785522461,59.423805236816406,2447900.0,39.120208740234375
2014-07-14,59.9924201965332,59.469295501708984,59.704322814941406,59.74980926513672,3192600.0,39.33481979370117
2014-07-15,60.0,59.203941345214844,59.62092590332031,59.317665100097656,3698700.0,39.05033874511719
2014-07-16,59.67399597167969,59.04473114013672,59.438968658447266,59.51478576660156,3437800.0,39.18010330200195
2014-07-17,57.467777252197266,56.09552764892578,57.39954376220703,56.15617752075195,13200500.0,36.96904373168945
2014-07-18,57.19484329223633,55.96664047241211,56.497344970703125,56.94465637207031,7630400.0,37.48811721801758
2014-07-21,57.07353973388672,56.535255432128906,56.793025970458984,56.974979400634766,5396400.0,37.508079528808594
2014-07-22,57.79378128051758,57.14177322387695,57.14177322387695,57.467777252197266,7100100.0,37.83250427246094
2014-07-23,57.70280456542969,57.17210006713867,57.619407653808594,57.32373046875,4790400.0,37.737674713134766
2014-07-24,57.763458251953125,57.05079650878906,57.407127380371094,57.59666442871094,4367400.0,37.9173583984375
2014-07-25,57.57392120361328,57.240333557128906,57.30856704711914,57.38438034057617,2595200.0,37.77760314941406
2014-07-28,57.33889389038086,56.84609603881836,57.26307678222656,57.020469665527344,3621500.0,37.538028717041016
2014-07-29,57.08870315551758,56.057621002197266,56.93707275390625,56.163761138916016,6753800.0,36.97403335571289
2014-07-30,56.45185852050781,55.79984664916992,56.30780792236328,56.23199462890625,5692100.0,37.01895523071289
2014-07-31,56.141014099121094,55.564823150634766,55.913570404052734,56.01213073730469,6681300.0,36.87421798706055
2014-08-01,56.0500373840332,55.36012268066406,56.02729415893555,55.60272979736328,6803600.0,36.60469055175781
2014-08-04,56.163761138916016,55.390445709228516,55.62547302246094,56.10310745239258,3752900.0,36.93410110473633
2014-08-05,56.42911148071289,55.45867919921875,55.72403335571289,55.76952362060547,4475700.0,36.71449661254883
2014-08-06,56.30780792236328,55.64822006225586,55.85292053222656,56.15617752075195,5776400.0,36.96904373168945
2014-08-07,56.67930221557617,55.94389724731445,56.406368255615234,56.07278060913086,3771000.0,36.91414260864258
2014-08-08,56.80060577392578,55.95147705078125,56.194087982177734,56.762699127197266,2903100.0,37.36833190917969
2014-08-11,57.300987243652344,56.884002685546875,56.93707275390625,57.020469665527344,3241000.0,37.538028717041016
2014-08-12,56.884002685546875,56.22441101074219,56.84609603881836,56.360877990722656,4511300.0,37.10380554199219
2014-08-13,56.853675842285156,56.45185852050781,56.70962905883789,56.69446563720703,2682300.0,37.32341384887695
2014-08-14,56.78544235229492,56.406368255615234,56.512508392333984,56.77027893066406,3391500.0,37.373321533203125
2014-08-15,57.42987060546875,56.59590530395508,57.149356842041016,56.974979400634766,6283500.0,37.508079528808594
2014-08-18,57.960575103759766,57.14177322387695,57.29340362548828,57.839271545410156,2709400.0,38.07706069946289
2014-08-19,58.15011215209961,57.71038818359375,57.854434967041016,58.1046257019043,2195800.0,38.25175857543945
2014-08-20,58.64291000366211,57.945411682128906,58.097042083740234,58.5216064453125,3245200.0,38.526268005371094
2014-08-21,58.76421356201172,58.3169059753418,58.559513092041016,58.718727111816406,2334700.0,38.65603256225586
2014-08-22,58.68082046508789,58.377559661865234,58.47611999511719,58.40788650512695,2691400.0,38.4514045715332
2014-08-25,58.77179718017578,58.483699798583984,58.62774658203125,58.64291000366211,1883700.0,38.60611343383789
2014-08-26,58.824867248535156,58.56709671020508,58.74147033691406,58.62774658203125,2572900.0,38.59613037109375
2014-08-27,58.62774658203125,58.0212287902832,58.42304611206055,58.112205505371094,1476800.0,38.25674819946289
2014-08-28,57.99848556518555,57.604244232177734,57.884761810302734,57.869598388671875,2562500.0,38.09702682495117
2014-08-29,58.112205505371094,57.63457107543945,58.06671905517578,58.081878662109375,1982300.0,38.236785888671875
2014-09-02,58.32448959350586,57.778621673583984,58.12736892700195,57.93783187866211,3034300.0,38.1419563293457
2014-09-03,58.392723083496094,57.960575103759766,58.392723083496094,58.06671905517578,3196700.0,38.22679901123047
2014-09-04,58.332069396972656,57.642154693603516,58.1046257019043,57.80136489868164,2984700.0,38.05211639404297
2014-09-05,58.53676986694336,57.58150100708008,57.642154693603516,58.483699798583984,2814400.0,38.501312255859375
2014-09-08,58.66565704345703,58.24867248535156,58.38513946533203,58.41546630859375,2591900.0,38.45639419555664
2014-09-09,58.42304611206055,57.87717819213867,58.377559661865234,58.05155563354492,2607500.0,38.216819763183594
2014-09-10,58.47611999511719,57.98332214355469,58.081878662109375,58.32448959350586,2276100.0,38.3964958190918
2014-09-11,58.62774658203125,58.03639221191406,58.12736892700195,58.589839935302734,2175000.0,38.57118606567383
2014-09-12,58.589839935302734,58.241092681884766,58.56709671020508,58.28657913208008,2521500.0,38.37154006958008
2014-09-15,58.8021240234375,58.03639221191406,58.40030288696289,58.097042083740234,5486300.0,38.246761322021484
2014-09-16,58.87793731689453,57.733131408691406,57.95299530029297,58.8097038269043,4082000.0,38.71593475341797
2014-09-17,60.07581329345703,58.90068054199219,58.98407745361328,59.68915939331055,5555700.0,39.294898986816406
2014-09-18,60.21986389160156,59.67399597167969,59.74222946166992,60.16679382324219,3736700.0,39.60933303833008
2014-09-19,60.652008056640625,60.15163040161133,60.53828811645508,60.23502731323242,6362100.0,39.65425491333008
2014-09-22,60.022743225097656,59.173614501953125,60.022743225097656,59.25701141357422,2767700.0,39.010406494140625
2014-09-23,59.2191047668457,58.68840026855469,59.12054443359375,58.695980072021484,2779700.0,38.64106750488281
2014-09-24,59.07505798339844,58.498863220214844,58.718727111816406,58.931007385253906,4179600.0,38.86199188232422
2014-09-25,58.74147033691406,57.33889389038086,58.67323684692383,57.346473693847656,5020300.0,37.817073822021484
2014-09-26,57.64973449707031,57.240333557128906,57.391963958740234,57.55117416381836,4020900.0,37.95206069946289
2014-09-29,57.604244232177734,56.81576919555664,57.0356330871582,57.46019744873047,4013400.0,37.89207458496094
2014-09-30,58.49127960205078,57.346473693847656,57.41470718383789,57.604244232177734,6947500.0,37.987064361572266
2014-10-01,57.589080810546875,56.44427490234375,57.391963958740234,56.5428352355957,4149400.0,37.287113189697266
2014-10-02,56.70204544067383,55.97422409057617,56.497344970703125,56.42911148071289,6061400.0,37.212120056152344
2014-10-03,57.27824020385742,56.73995590209961,57.020469665527344,56.81576919555664,5669900.0,37.46710205078125
2014-10-06,57.31614685058594,56.61106872558594,57.05079650878906,56.777862548828125,2600000.0,37.44210433959961
2014-10-07,56.633811950683594,55.51933288574219,56.633811950683594,55.549659729003906,3869800.0,36.632164001464844
2014-10-08,56.58832550048828,55.27672576904297,55.701290130615234,56.550418853759766,4948600.0,37.29212188720703
2014-10-09,56.61106872558594,55.1478385925293,56.61106872558594,55.17058563232422,5572300.0,36.3821907043457
2014-10-10,55.50416946411133,54.01061248779297,55.17058563232422,54.48066711425781,8159300.0,35.92722702026367
2014-10-13,55.46626281738281,54.26838684082031,54.76876449584961,54.3593635559082,7898300.0,35.847225189208984
2014-10-14,55.23881912231445,54.26080322265625,54.579227447509766,54.58680725097656,6343500.0,35.99721145629883
2014-10-15,54.89006805419922,53.1614875793457,53.593631744384766,54.5716438293457,8177200.0,35.987213134765625
2014-10-16,56.512508392333984,53.98786926269531,54.41243362426758,56.24715805053711,9111500.0,37.092132568359375
2014-10-17,57.22517013549805,56.27748107910156,56.86125946044922,56.70204544067383,5370900.0,37.39210510253906
2014-10-20,56.793025970458984,56.09552764892578,56.58074188232422,56.656558990478516,3897300.0,37.36211395263672
2014-10-21,57.89234161376953,56.90674591064453,56.92949295043945,57.80894470214844,4200600.0,38.1220588684082
2014-10-22,58.17285919189453,57.270660400390625,58.17285919189453,57.29340362548828,4638600.0,37.78207015991211
2014-10-23,58.99924087524414,57.92266845703125,58.0212287902832,58.65049362182617,4276300.0,38.67700958251953
2014-10-24,59.13570785522461,58.453372955322266,58.612586975097656,59.10538101196289,2462800.0,38.97697830200195
2014-10-27,59.11296463012695,58.66565704345703,58.7263069152832,59.037147521972656,2191200.0,38.93198776245117
2014-10-28,60.47763442993164,59.37073516845703,59.43138885498047,60.454891204833984,4766700.0,39.866920471191406
2014-10-29,60.59135818481445,59.87869644165039,60.31084060668945,60.12130355834961,4647100.0,39.64693832397461
2014-10-30,60.56861114501953,59.696739196777344,59.87869644165039,60.43214416503906,2633300.0,39.85191345214844
2014-10-31,61.175132751464844,60.68991470336914,60.932525634765625,60.95526885986328,5442000.0,40.19689178466797
2014-11-03,60.94010543823242,60.44730758666992,60.917362213134766,60.62926483154297,3365000.0,39.98190689086914
2014-11-04,60.84154510498047,60.38665771484375,60.636844635009766,60.64442825317383,2490200.0,39.99190902709961
2014-11-05,61.31159973144531,60.545867919921875,61.1902961730957,61.23578643798828,2331800.0,40.381874084472656
2014-11-06,61.64518737792969,61.023502349853516,61.387413024902344,61.607276916503906,2129300.0,40.626853942871094
2014-11-07,61.652767181396484,61.129642486572266,61.622440338134766,61.55420684814453,2259300.0,40.59186553955078
2014-11-10,61.78923416137695,61.41773986816406,61.546627044677734,61.63002395629883,2599200.0,40.64186096191406
2014-11-11,61.93328094482422,61.36466979980469,61.82714080810547,61.72100067138672,2477400.0,40.70185089111328
2014-11-12,62.994693756103516,62.20621871948242,62.9643669128418,62.44124221801758,6164700.0,41.17681884765625
2014-11-13,62.61561965942383,62.160728454589844,62.41849899291992,62.4715690612793,5956300.0,41.196815490722656
2014-11-14,62.532222747802734,62.21379852294922,62.274452209472656,62.34268569946289,2557400.0,41.111820220947266
2014-11-17,62.58529281616211,62.13798141479492,62.29719543457031,62.44882583618164,2408800.0,41.181819915771484
2014-11-18,62.85822677612305,62.380592346191406,62.547386169433594,62.608036041259766,2508000.0,41.286800384521484
2014-11-19,62.7520866394043,62.28203201293945,62.608036041259766,62.60045623779297,1962000.0,41.28181076049805
2014-11-20,62.66110610961914,61.83472442626953,62.115238189697266,62.55496597290039,2153900.0,41.251808166503906
2014-11-21,63.54814147949219,63.100833892822266,63.27520751953125,63.3737678527832,3539600.0,41.79176712036133
2014-11-24,63.39651107788086,63.025020599365234,63.3737678527832,63.313114166259766,2034800.0,41.75177001953125
2014-11-25,63.41167449951172,63.1614875793457,63.29795455932617,63.21455764770508,2803600.0,41.68677520751953
2014-11-26,63.487491607666016,63.09325408935547,63.487491607666016,63.26762771606445,1994400.0,41.721763610839844
2014-11-28,63.6542854309082,63.19939422607422,63.252464294433594,63.35102462768555,2320600.0,41.776771545410156
2014-12-01,63.1766471862793,62.608036041259766,63.009857177734375,62.979530334472656,3881400.0,41.53178787231445
2014-12-02,63.472328186035156,63.01743698120117,63.26004409790039,63.366188049316406,3454400.0,41.78676986694336
2014-12-03,64.42759704589844,63.41167449951172,63.502655029296875,64.32904052734375,3380800.0,42.421722412109375
2014-12-04,64.20014953613281,63.699771881103516,64.01819610595703,64.12433624267578,2664600.0,42.2867317199707
2014-12-05,64.4351806640625,63.98786926269531,63.995452880859375,64.3517837524414,1867400.0,42.43672180175781
2014-12-08,64.62471771240234,64.0712661743164,64.26080322265625,64.24564361572266,3207900.0,42.36672592163086
2014-12-09,63.97270584106445,63.33586120605469,63.42683792114258,63.957542419433594,2886300.0,42.17673873901367
2014-12-10,63.836238861083984,62.9643669128418,63.82865905761719,63.03260040283203,4880300.0,41.5667839050293
2014-12-11,64.26838684082031,63.009857177734375,63.19939422607422,63.64670181274414,3677600.0,41.97175216674805
2014-12-12,64.13191986083984,63.21455764770508,63.222137451171875,63.502655029296875,3718100.0,41.87676239013672
2014-12-15,64.11675262451172,62.850643157958984,63.92721939086914,63.222137451171875,3633900.0,41.6917724609375
2014-12-16,63.684608459472656,62.30477523803711,63.131160736083984,62.34268569946289,5647200.0,41.111820220947266
2014-12-17,63.79833221435547,62.054588317871094,62.373008728027344,63.639122009277344,5728100.0,41.96675491333008
2014-12-18,65.20091247558594,64.2380599975586,64.5185775756836,65.20091247558594,4409100.0,42.996673583984375
2014-12-19,65.67854309082031,64.95072174072266,65.27672576904297,65.40560913085938,6568800.0,43.13166046142578
2014-12-22,66.11827087402344,65.51933288574219,65.7619400024414,66.00454711914062,3125500.0,43.52663803100586
2014-12-23,66.33055114746094,65.90599060058594,66.18650817871094,66.00454711914062,3756200.0,43.592674255371094
2014-12-24,66.05004119873047,65.79985046386719,66.01213073730469,65.79985046386719,1269600.0,43.45747756958008
2014-12-26,66.11068725585938,65.68612670898438,65.87566375732422,65.75435638427734,1558000.0,43.42742919921875
2014-12-29,66.07278442382812,65.3373794555664,65.40560913085938,65.86808013916016,1952600.0,43.502540588378906
2014-12-30,65.89082336425781,65.12509155273438,65.85292053222656,65.38286590576172,2397600.0,43.18209457397461
2014-12-31,65.82259368896484,64.95830535888672,65.62547302246094,64.98104858398438,2073300.0,42.916709899902344
2015-01-02,65.4207763671875,64.52615356445312,65.20848846435547,64.9886245727539,2063800.0,42.92170333862305
2015-01-05,64.89765167236328,64.0257797241211,64.6626205444336,64.34420013427734,3021300.0,42.49610137939453
2015-01-06,64.70053100585938,63.366188049316406,64.54132080078125,63.90447235107422,2886300.0,42.20568084716797
2015-01-07,64.71569061279297,64.11675262451172,64.4958267211914,64.29113006591797,3306900.0,42.4610481262207
2015-01-08,65.41319274902344,64.83699798583984,64.89765167236328,65.28430938720703,2960000.0,43.11699676513672
2015-01-09,65.59514617919922,64.71569061279297,65.51174926757812,64.8445816040039,2084800.0,42.82658004760742
2015-01-12,64.73844146728516,63.79833221435547,64.47308349609375,64.04093933105469,3051500.0,42.29581832885742
2015-01-13,65.14784240722656,63.40409469604492,64.68537139892578,63.9499626159668,3836100.0,42.2357292175293
2015-01-14,63.75284194946289,62.66110610961914,63.29037094116211,62.94162368774414,4793400.0,41.569766998291016
2015-01-15,63.38134765625,62.1758918762207,62.94162368774414,62.19105529785156,4193100.0,41.074058532714844
2015-01-16,62.653526306152344,61.59969711303711,61.993934631347656,62.57770919799805,4250300.0,41.32942199707031
2015-01-20,63.26762771606445,62.4715690612793,62.956787109375,62.90371322631836,3384300.0,41.544734954833984
2015-01-21,63.41925811767578,62.50947570800781,62.744503021240234,63.12357711791992,3024700.0,41.689937591552734
2015-01-22,64.10159301757812,63.04776382446289,63.6694450378418,64.06368255615234,3882900.0,42.310829162597656
2015-01-23,64.09400939941406,63.745262145996094,64.06368255615234,63.79075241088867,3777100.0,42.13058090209961
2015-01-26,63.79075241088867,63.09325408935547,63.578468322753906,63.42683792114258,3061300.0,41.89022445678711
2015-01-27,64.6626205444336,63.39651107788086,64.03335571289062,64.1698226928711,3593100.0,42.38093566894531
2015-01-28,64.54890441894531,62.80515670776367,64.48825073242188,62.81273651123047,3967300.0,41.484649658203125
2015-01-29,63.6694450378418,62.32752227783203,63.191810607910156,63.63153839111328,2725700.0,42.025421142578125
2015-01-30,63.472328186035156,62.42607879638672,63.313114166259766,62.45640563964844,2963600.0,41.24930953979492
2015-02-02,63.502655029296875,61.865047454833984,62.501895904541016,63.487491607666016,3450300.0,41.9302864074707
2015-02-03,64.54132080078125,63.88930892944336,64.22289276123047,64.45792388916016,4280100.0,42.571197509765625
2015-02-04,64.50341033935547,63.76800537109375,64.06368255615234,63.942378997802734,2864800.0,42.2307243347168
2015-02-05,64.89765167236328,64.27596282958984,64.33661651611328,64.80667114257812,2026400.0,42.80154037475586
2015-02-06,65.04927825927734,64.06368255615234,64.74601745605469,64.2835464477539,1956400.0,42.45603942871094
2015-02-09,64.51099395751953,63.76800537109375,63.91205596923828,64.0257797241211,1868400.0,42.28580093383789
2015-02-10,64.8445816040039,63.93479919433594,64.38211059570312,64.79151153564453,1939700.0,42.791526794433594
2015-02-11,65.1402587890625,64.55648040771484,64.75360107421875,64.9431381225586,2104100.0,42.89167022705078
2015-02-12,65.68612670898438,65.04169464111328,65.13267517089844,65.65579986572266,2043400.0,43.36235427856445
2015-02-13,65.89840698242188,65.3525390625,65.5041732788086,65.81501007080078,1977800.0,43.46750259399414
2015-02-17,65.93631744384766,65.5648193359375,65.76952362060547,65.80742645263672,1919400.0,43.46248245239258
2015-02-18,66.39120483398438,65.53449249267578,65.80742645263672,66.30022430419922,1973000.0,43.787960052490234
2015-02-19,66.338134765625,65.95147705078125,65.9742202758789,66.1410140991211,2209800.0,43.68280029296875
2015-02-20,66.64139556884766,65.62547302246094,66.07278442382812,66.47460174560547,4021500.0,43.90312957763672
2015-02-23,66.43669128417969,65.80742645263672,66.15618133544922,65.85292053222656,1937000.0,43.49253463745117
2015-02-24,66.0576171875,65.58756256103516,65.64064025878906,65.98938751220703,2452000.0,43.582672119140625
2015-02-25,66.48218536376953,65.82259368896484,65.95147705078125,66.1258544921875,2333000.0,43.672794342041016
2015-02-26,66.79302215576172,65.9742202758789,66.0576171875,66.57315826416016,2151400.0,43.96821212768555
2015-02-27,66.61106872558594,66.13343811035156,66.49734497070312,66.17134094238281,2216100.0,43.70283889770508
2015-03-02,66.59590911865234,66.11827087402344,66.11827087402344,66.31539154052734,2066000.0,43.7979736328125
2015-03-03,66.26232147216797,65.70886993408203,66.1258544921875,65.9969711303711,1632200.0,43.587677001953125
2015-03-04,65.58756256103516,64.78392791748047,64.89006805419922,65.28430938720703,4790600.0,43.11699676513672
2015-03-05,65.62547302246094,65.17058563232422,65.44351959228516,65.45867919921875,2264900.0,43.232154846191406
2015-03-06,65.29946899414062,64.48066711425781,65.17816162109375,64.60955047607422,3002800.0,42.671348571777344
2015-03-09,65.41319274902344,64.51099395751953,64.7308578491211,65.2691421508789,2345600.0,43.10697555541992
2015-03-10,64.73844146728516,64.17740631103516,64.65504455566406,64.17740631103516,2234700.0,42.385948181152344
2015-03-11,64.3517837524414,63.91205596923828,64.21531677246094,63.965126037597656,2096800.0,42.24574279785156
2015-03-12,65.00379180908203,64.10159301757812,64.11675262451172,64.86732482910156,2332900.0,42.84159851074219
2015-03-13,64.91281127929688,63.957542419433594,64.85215759277344,64.59439086914062,2391900.0,42.661338806152344
2015-03-16,65.8453369140625,64.68537139892578,64.81425476074219,65.80742645263672,4043300.0,43.46248245239258
2015-03-17,65.57240295410156,65.12509155273438,65.38286590576172,65.40560913085938,1928600.0,43.19710159301758
2015-03-18,66.5352554321289,64.63987731933594,65.20848846435547,66.17134094238281,2774400.0,43.70283889770508
2015-03-19,66.36846160888672,65.61788940429688,66.03487396240234,65.96664428710938,2604900.0,43.567649841308594
2015-03-20,66.37604522705078,65.9287338256836,66.22441101074219,66.07278442382812,3903700.0,43.63774871826172
2015-03-23,66.338134765625,65.76952362060547,66.2547378540039,65.78468322753906,2805000.0,43.447471618652344
2015-03-24,65.74678039550781,65.14784240722656,65.59514617919922,65.14784240722656,2157500.0,43.0268669128418
2015-03-25,65.20091247558594,63.9499626159668,65.08718872070312,63.9499626159668,4104200.0,42.32343292236328
2015-03-26,64.40485382080078,63.593631744384766,63.8741455078125,63.92721939086914,2610100.0,42.30837631225586
2015-03-27,64.44275665283203,63.76042556762695,63.858985900878906,64.32904052734375,2117500.0,42.57431411743164
2015-03-30,65.0113754272461,64.42759704589844,64.44275665283203,64.89765167236328,1800600.0,42.950626373291016
2015-03-31,64.82941436767578,64.32904052734375,64.73844146728516,64.366943359375,2513500.0,42.59939956665039
2015-04-01,64.32145690917969,63.42683792114258,64.27596282958984,63.608795166015625,2687400.0,42.09764099121094
2015-04-02,64.08642578125,63.3737678527832,63.745262145996094,63.82865905761719,1974500.0,42.2431526184082
2015-04-06,64.71569061279297,63.313114166259766,63.51781463623047,64.42001342773438,1637900.0,42.634517669677734
2015-04-07,65.19332885742188,64.1546630859375,64.20773315429688,64.69294738769531,2637100.0,42.81514358520508
2015-04-08,64.91281127929688,64.35935974121094,64.71569061279297,64.70811462402344,2348300.0,42.8251953125
2015-04-09,64.89006805419922,64.37452697753906,64.51099395751953,64.79151153564453,1643700.0,42.88037872314453
2015-04-10,65.08718872070312,64.31387329101562,65.072021484375,64.42759704589844,2890400.0,42.63953399658203
2015-04-13,64.88248443603516,64.20014953613281,64.70053100585938,64.61713409423828,2373400.0,42.76498031616211
2015-04-14,64.88248443603516,64.14707946777344,64.38968658447266,64.80667114257812,2300100.0,42.89041519165039
2015-04-15,65.02653503417969,64.63229370117188,64.63229370117188,64.89765167236328,3011200.0,42.950626373291016
2015-04-16,65.03411865234375,64.5185775756836,64.61713409423828,64.7763442993164,2894300.0,42.87035369873047
2015-04-17,64.29113006591797,63.487491607666016,64.25321960449219,63.851402282714844,3749500.0,42.25820541381836
2015-04-20,64.5792236328125,64.09400939941406,64.29871368408203,64.38211059570312,2685100.0,42.60942459106445
2015-04-21,64.82183837890625,64.44275665283203,64.53373718261719,64.59439086914062,3467600.0,42.749935150146484
2015-04-22,64.75360107421875,64.16224670410156,64.51099395751953,64.63229370117188,4376800.0,42.77500534057617
2015-04-23,64.54890441894531,63.41925811767578,64.10917663574219,64.20773315429688,7629400.0,42.494022369384766
2015-04-24,64.09400939941406,62.9643669128418,63.980289459228516,63.15390396118164,5961900.0,41.79658889770508
2015-04-27,63.91205596923828,62.94162368774414,63.699771881103516,62.994693756103516,4481300.0,41.69121170043945
2015-04-28,63.13874053955078,62.608036041259766,62.79757308959961,63.12357711791992,2485600.0,41.77650833129883
2015-04-29,63.085670471191406,62.63077926635742,62.89613342285156,62.77482986450195,3327500.0,41.54570770263672
2015-04-30,62.79757308959961,61.85746765136719,62.699012756347656,62.07733154296875,2940200.0,41.08408737182617
2015-05-01,62.729339599609375,62.12282180786133,62.236541748046875,62.56254577636719,2595400.0,41.405216217041016
2015-05-04,63.07809066772461,62.57012939453125,62.623199462890625,62.69143295288086,1895200.0,41.490509033203125
2015-05-05,62.90371322631836,62.34268569946289,62.70659637451172,62.4715690612793,2873600.0,41.344993591308594
2015-05-06,62.888553619384766,62.06974792480469,62.68385314941406,62.42607879638672,3090400.0,41.31489181518555
2015-05-07,63.28279113769531,62.33510208129883,62.373008728027344,63.07050704956055,3754700.0,41.74138641357422
2015-05-08,64.0030288696289,63.487491607666016,63.57088851928711,63.70735549926758,2545800.0,42.16286849975586
2015-05-11,63.78316879272461,63.35102462768555,63.56330490112305,63.35102462768555,2260100.0,41.927040100097656
2015-05-12,65.46626281738281,63.131160736083984,63.15390396118164,65.20091247558594,9729800.0,43.151336669921875
2015-05-13,68.42304992675781,65.5496597290039,68.23351287841797,66.22441101074219,18879000.0,43.828697204589844
2015-05-14,66.99014282226562,66.26990509033203,66.7020492553711,66.59590911865234,9567700.0,44.07457733154297
2015-05-15,66.77786254882812,65.45867919921875,66.5504150390625,65.54207611083984,8067000.0,43.37712860107422
2015-05-18,66.41394805908203,65.62547302246094,65.62547302246094,66.15618133544922,4282300.0,43.78356170654297
2015-05-19,66.29264831542969,65.47384643554688,66.16375732421875,65.57240295410156,4759000.0,43.397193908691406
2015-05-20,66.1410140991211,65.27672576904297,65.58756256103516,65.9742202758789,4110500.0,43.66313171386719
2015-05-21,66.17134094238281,65.70886993408203,65.95147705078125,65.88324737548828,3815100.0,43.6029167175293
2015-05-22,66.38362121582031,65.64064025878906,65.92115020751953,65.66338348388672,2938000.0,43.45741653442383
2015-05-26,65.89082336425781,65.17816162109375,65.62547302246094,65.3373794555664,2694600.0,43.24165344238281
2015-05-27,66.30780792236328,65.2236557006836,65.32979583740234,66.27748107910156,3576700.0,43.86382293701172
2015-05-28,66.338134765625,65.79226684570312,66.22441101074219,66.20166778564453,3152800.0,43.81365203857422
2015-05-29,66.24715423583984,65.20091247558594,66.03487396240234,65.44351959228516,3030500.0,43.311893463134766
2015-06-01,66.08036041259766,65.23881530761719,65.57998657226562,65.88324737548828,3791800.0,43.6029167175293
2015-06-02,65.89840698242188,65.29188537597656,65.54207611083984,65.79985046386719,2486200.0,43.54771041870117
2015-06-03,66.29264831542969,65.70128631591797,65.8301773071289,66.1410140991211,3139000.0,43.77351760864258
2015-06-04,65.88324737548828,64.90522766113281,65.62547302246094,65.04927825927734,2747800.0,43.05097198486328
2015-06-05,65.19332885742188,64.79151153564453,64.91281127929688,65.11751556396484,2001500.0,43.09614562988281
2015-06-08,65.0568618774414,64.32904052734375,64.89006805419922,64.37452697753906,3162700.0,42.60441970825195
2015-06-09,65.04169464111328,64.21531677246094,64.46550750732422,64.59439086914062,2635400.0,42.749935150146484
2015-06-10,65.28430938720703,64.59439086914062,64.79151153564453,65.21607208251953,2389400.0,43.16136169433594
2015-06-11,65.5041732788086,65.0113754272461,65.39044952392578,65.14784240722656,2292600.0,43.116214752197266
2015-06-12,65.11751556396484,64.38211059570312,65.06444549560547,64.48066711425781,3206700.0,42.67466354370117
2015-06-15,64.25321960449219,63.77558898925781,64.13949584960938,64.03335571289062,2418500.0,42.37861633300781
2015-06-16,64.32904052734375,63.93479919433594,63.9499626159668,64.16224670410156,1909800.0,42.46392059326172
2015-06-17,64.52615356445312,64.0030288696289,64.20014953613281,64.2380599975586,2749000.0,42.514095306396484
2015-06-18,65.52691650390625,64.27596282958984,64.42001342773438,65.16300201416016,3461100.0,43.126243591308594
2015-06-19,65.41319274902344,64.927978515625,65.16300201416016,65.07960510253906,4175000.0,43.07105255126953
2015-06-22,65.7164535522461,65.31462860107422,65.39044952392578,65.39044952392578,2530700.0,43.276771545410156
2015-06-23,65.48900604248047,64.95072174072266,65.31462860107422,64.9886245727539,2264300.0,43.010833740234375
2015-06-24,65.14784240722656,64.69294738769531,64.88248443603516,64.76118469238281,2928300.0,42.949527740478516
2015-06-25,65.04927825927734,64.35935974121094,64.9886245727539,64.76876068115234,2548600.0,42.95455551147461
2015-06-26,65.2236557006836,64.71569061279297,65.09477233886719,65.01895141601562,10251700.0,43.120479583740234
2015-06-29,64.85215759277344,64.11675262451172,64.54890441894531,64.25321960449219,6000200.0,42.61265563964844
2015-06-30,65.10993194580078,64.48066711425781,64.6474609375,64.89006805419922,5618700.0,43.03500747680664
2015-07-01,65.45867919921875,64.97346496582031,65.20091247558594,65.45867919921875,5669300.0,43.412109375
2015-07-02,65.90599060058594,65.41319274902344,65.59514617919922,65.80742645263672,3782200.0,43.64340591430664
2015-07-06,65.46626281738281,64.9886245727539,65.14784240722656,65.10234832763672,7219700.0,43.175785064697266
2015-07-07,66.15618133544922,64.5792236328125,65.36012268066406,66.01213073730469,4991900.0,43.7791633605957
2015-07-08,65.77710723876953,64.9431381225586,65.67854309082031,65.00379180908203,5126200.0,43.110435485839844
2015-07-09,65.86050415039062,64.9886245727539,65.66338348388672,65.00379180908203,5154900.0,43.110435485839844
2015-07-10,65.89840698242188,65.24639892578125,65.54207611083984,65.69371032714844,4654500.0,43.56797790527344
2015-07-13,66.79302215576172,65.95906066894531,66.08794403076172,66.71720886230469,4938900.0,44.24677276611328
2015-07-14,67.49052429199219,66.80060577392578,66.90674591064453,67.44503784179688,14034200.0,44.729454040527344
2015-07-15,67.62699127197266,66.93707275390625,67.57392120361328,66.96739959716797,6055600.0,44.412681579589844
2015-07-16,67.36164093017578,66.71720886230469,67.23274993896484,67.24791717529297,4356800.0,44.59872817993164
2015-07-17,67.29340362548828,66.89916229248047,67.08112335205078,67.26307678222656,2056700.0,44.60877990722656
2015-07-20,67.35405731201172,67.0280532836914,67.26307678222656,67.15693664550781,2917300.0,44.538394927978516
2015-07-21,67.1266098022461,66.45185852050781,66.94465637207031,66.55799865722656,3790000.0,44.14117431640625
2015-07-22,66.93707275390625,66.36087799072266,66.50492858886719,66.61106872558594,3831900.0,44.17636489868164
2015-07-23,67.96057891845703,66.88400268554688,67.47535705566406,67.51326751708984,7150700.0,44.77471160888672
2015-07-24,67.5208511352539,66.36846160888672,67.35405731201172,66.5504150390625,3817200.0,44.13615036010742
2015-07-27,66.62622833251953,65.60272979736328,66.27748107910156,66.1258544921875,3021300.0,43.854576110839844
2015-07-28,67.0280532836914,66.37604522705078,66.68688201904297,67.02046966552734,4144900.0,44.4478874206543
2015-07-29,68.98407745361328,66.99772644042969,67.4071273803711,68.92342376708984,5985100.0,45.709922790527344
2015-07-30,69.78013610839844,68.63533020019531,68.63533020019531,69.64366912841797,4618400.0,46.18758010864258
2015-07-31,69.88627624511719,69.2266845703125,69.719482421875,69.41622161865234,3396200.0,46.03675079345703
2015-08-03,69.6360855102539,68.65807342529297,69.38589477539062,69.24185180664062,2358600.0,45.92109680175781
2015-08-04,70.0682373046875,69.05231475830078,69.18878173828125,69.56785583496094,2501500.0,46.1373176574707
2015-08-05,70.44731140136719,69.74222564697266,70.05307006835938,69.94692993164062,2155100.0,46.388710021972656
2015-08-06,70.23502349853516,69.21910858154297,70.0,69.4238052368164,1659100.0,46.041770935058594
2015-08-07,69.38589477539062,68.43062591552734,69.07505798339844,69.03714752197266,1690100.0,45.785343170166016
2015-08-10,70.07581329345703,69.4920425415039,69.5072021484375,69.71190643310547,1783500.0,46.23284912109375
2015-08-11,69.38589477539062,68.91584777832031,69.07505798339844,69.03714752197266,2120100.0,45.785343170166016
2015-08-12,68.55193328857422,67.59666442871094,68.5064468383789,68.45337677001953,3961200.0,45.398189544677734
2015-08-13,68.84761047363281,68.1804428100586,68.5216064453125,68.55951690673828,2101500.0,45.46858596801758
2015-08-14,68.98407745361328,68.42304992675781,68.7187271118164,68.9310073852539,1466200.0,45.71495056152344
2015-08-17,69.49961853027344,68.36239624023438,68.59741973876953,69.48445892333984,1636200.0,46.08199691772461
2015-08-18,69.59818267822266,69.1660385131836,69.1660385131836,69.3783187866211,1366300.0,46.01161575317383
2015-08-19,69.36315155029297,68.5064468383789,68.92342376708984,68.71114349365234,2337600.0,45.569129943847656
2015-08-20,68.38513946533203,67.21759033203125,68.2259292602539,67.29340362548828,3450700.0,44.6288948059082
2015-08-21,67.09628295898438,65.91357421875,66.90674591064453,65.92115020751953,4261700.0,43.71882247924805
2015-08-24,65.36012268066406,62.67626953125,62.67626953125,63.72251892089844,6068200.0,42.26069259643555
2015-08-25,65.26155853271484,63.04776382446289,65.26155853271484,63.100833892822266,4009700.0,41.848392486572266
2015-08-26,65.75435638427734,63.57088851928711,64.60955047607422,65.70886993408203,4821400.0,43.578041076660156
2015-08-27,67.27066040039062,65.86808013916016,66.24715423583984,67.06595611572266,4039900.0,44.47804260253906
2015-08-28,66.97498321533203,66.17892456054688,66.77786254882812,66.7626953125,3244700.0,44.27692794799805
2015-08-31,66.9143295288086,65.08718872070312,66.08794403076172,65.9742202758789,3499800.0,43.754005432128906
2015-09-01,65.18574523925781,63.91963577270508,64.60197448730469,64.2835464477539,6901400.0,42.63277053833008
2015-09-02,65.42835235595703,64.32904052734375,64.97346496582031,65.41319274902344,4536900.0,43.381954193115234
2015-09-03,66.41394805908203,65.54207611083984,65.92115020751953,65.86808013916016,3008100.0,43.683624267578125
2015-09-04,65.3525390625,64.70053100585938,64.95830535888672,64.89006805419922,2844900.0,43.03500747680664
2015-09-08,66.38362121582031,65.32979583740234,66.02729034423828,66.36087799072266,3001000.0,44.01044464111328
2015-09-09,67.01288604736328,65.37528228759766,66.71720886230469,65.51174926757812,2611200.0,43.447296142578125
2015-09-10,65.7619400024414,64.95072174072266,65.45867919921875,65.23881530761719,4573800.0,43.26630783081055
2015-09-11,65.8453369140625,65.0568618774414,65.2236557006836,65.83775329589844,4046000.0,43.66351318359375
2015-09-14,66.17892456054688,65.46626281738281,65.9742202758789,65.78468322753906,5224900.0,43.62832260131836
2015-09-15,67.13419342041016,65.88324737548828,66.15618133544922,67.02046966552734,3232700.0,44.4478874206543
2015-09-16,67.77104187011719,66.73237609863281,66.8460922241211,67.68006134033203,4174700.0,44.88533020019531
2015-09-17,67.78620147705078,66.65655517578125,67.63457489013672,66.8157730102539,3784600.0,44.312137603759766
2015-09-18,66.06520080566406,64.79908752441406,66.0576171875,65.36012268066406,9315600.0,43.34675216674805
2015-09-21,65.9969711303711,65.0568618774414,65.5648193359375,65.51933288574219,3957500.0,43.452327728271484
2015-09-22,65.17058563232422,64.41243743896484,64.86732482910156,64.87490844726562,5025100.0,43.02495574951172
2015-09-23,65.29946899414062,64.73844146728516,64.99620819091797,64.95072174072266,3017300.0,43.1650505065918
2015-09-24,64.60197448730469,63.76800537109375,64.51099395751953,64.45792388916016,3696300.0,42.83754348754883
2015-09-25,65.57998657226562,64.53373718261719,65.18574523925781,64.6626205444336,5289900.0,42.97358703613281
2015-09-28,64.5640640258789,62.395755767822266,64.30628967285156,62.4715690612793,5874300.0,41.517452239990234
2015-09-29,63.39651107788086,62.623199462890625,62.84306335449219,63.085670471191406,4789500.0,41.92557144165039
2015-09-30,64.6626205444336,63.55572509765625,63.76800537109375,64.60197448730469,5236200.0,43.025352478027344
2015-10-01,65.0113754272461,63.78316879272461,64.6474609375,64.69294738769531,4431300.0,43.0859375
2015-10-02,65.70128631591797,63.57088851928711,63.836238861083984,65.70128631591797,4080500.0,43.757511138916016
2015-10-05,66.86884307861328,65.88324737548828,66.11827087402344,66.73995208740234,4349500.0,44.44926452636719
2015-10-06,66.66413879394531,65.59514617919922,66.4670181274414,66.13343811035156,4949500.0,44.04533004760742
2015-10-07,67.30098724365234,66.45944213867188,66.65655517578125,67.05079650878906,3552700.0,44.65629196166992
2015-10-08,67.51326751708984,66.69446563720703,66.86884307861328,67.39196014404297,4247400.0,44.88349151611328
2015-10-09,67.77104187011719,66.94465637207031,67.34647369384766,67.10386657714844,5202900.0,44.69163131713867
2015-10-12,67.86201477050781,66.98255920410156,67.043212890625,67.83927154541016,3084700.0,45.18142318725586
2015-10-13,68.04397583007812,67.27066040039062,67.43745422363281,67.6194076538086,3082200.0,45.03499221801758
2015-10-14,67.75587463378906,66.80060577392578,67.58908081054688,66.89916229248047,4804000.0,44.5552978515625
2015-10-15,67.58150482177734,66.69446563720703,67.07353973388672,67.5208511352539,2760100.0,44.96934509277344
2015-10-16,67.80894470214844,66.96739959716797,67.71038818359375,67.42987060546875,4108100.0,44.908756256103516
2015-10-19,67.58908081054688,66.96739959716797,67.1948471069336,67.58908081054688,2286600.0,45.01478576660156
2015-10-20,68.10462188720703,67.10386657714844,67.36164093017578,67.80136108398438,3136000.0,45.15616989135742
2015-10-21,68.20318603515625,67.46778106689453,68.13494873046875,67.56633758544922,6655900.0,44.999637603759766
2015-10-22,71.72858428955078,66.78544616699219,67.08870697021484,71.25094604492188,9387900.0,47.45362091064453
2015-10-23,71.44806671142578,69.79529571533203,71.44806671142578,70.37149047851562,5120800.0,46.86789321899414
2015-10-26,70.60652160644531,69.84837341308594,70.37149047851562,70.03791046142578,2437600.0,46.645729064941406
2015-10-27,69.84078979492188,69.2266845703125,69.54511260986328,69.4920425415039,2653300.0,46.28218078613281
2015-10-28,70.24260711669922,69.28733825683594,69.58301544189453,70.20470428466797,2630000.0,46.75680923461914
2015-10-29,70.6216812133789,69.59818267822266,69.95451354980469,70.53828430175781,2327100.0,46.97898483276367
2015-10-30,71.21304321289062,69.99241638183594,70.5079574584961,70.74298858642578,5301300.0,47.115325927734375
2015-11-02,72.60803985595703,70.7884750366211,70.89461517333984,72.42607879638672,4995700.0,48.236263275146484
2015-11-03,72.70659637451172,71.94844818115234,72.17588806152344,72.55496215820312,4252300.0,48.32210159301758
2015-11-04,72.84306335449219,72.03184509277344,72.52464294433594,72.63835906982422,2895600.0,48.37764358520508
2015-11-05,72.99468994140625,72.44124603271484,72.70659637451172,72.50947570800781,3783900.0,48.291805267333984
2015-11-06,72.65352630615234,72.06217193603516,72.1683120727539,72.65352630615234,2645900.0,48.38774490356445
2015-11-09,72.73692321777344,71.9029541015625,72.395751953125,72.31993865966797,2547500.0,48.16556930541992
2015-11-10,72.3805923461914,71.68309020996094,72.10765838623047,72.1000747680664,2948800.0,48.01914978027344
2015-11-11,72.85822296142578,72.03942108154297,72.17588806152344,72.11524200439453,2682800.0,48.029239654541016
2015-11-12,72.44124603271484,71.31159973144531,71.72100067138672,71.33434295654297,2830800.0,47.509159088134766
2015-11-13,71.48597717285156,70.73540496826172,71.12964630126953,70.9173583984375,2863600.0,47.231441497802734
2015-11-16,72.1834716796875,70.9173583984375,70.97042846679688,72.13798522949219,3171400.0,48.04439926147461
2015-11-17,72.84306335449219,71.7740707397461,72.08491516113281,72.28961181640625,2910700.0,48.1453742980957
2015-11-18,73.65428161621094,72.17588806152344,72.35026550292969,73.56330871582031,2676600.0,48.9936637878418
2015-11-19,73.80591583251953,73.2373046875,73.38134765625,73.50265502929688,4299500.0,48.95328140258789
2015-11-20,74.01061248779297,73.55572509765625,73.69219207763672,73.80591583251953,2559300.0,49.15523910522461
2015-11-23,73.9575424194336,73.26762390136719,73.79833221435547,73.69977569580078,1739100.0,49.08454895019531
2015-11-24,73.37377166748047,72.70659637451172,73.0401840209961,73.1690673828125,3092900.0,48.73109817504883
2015-11-25,73.5936279296875,73.10841369628906,73.41925811767578,73.41167449951172,1869400.0,48.892677307128906
2015-11-27,73.76042175292969,73.28279113769531,73.69219207763672,73.42684173583984,1149300.0,48.90277862548828
2015-11-30,73.63153839111328,72.97953033447266,73.4495849609375,73.07808685302734,3943800.0,48.67049789428711
2015-12-01,73.91205596923828,73.07051086425781,73.50265502929688,73.27520751953125,4305700.0,48.80178451538086
2015-12-02,73.38893127441406,72.64594268798828,73.07051086425781,72.76725006103516,2731100.0,48.46348571777344
2015-12-03,73.01744079589844,71.44048309326172,72.76725006103516,71.68309020996094,4340500.0,47.74141311645508
2015-12-04,73.31311798095703,71.68309020996094,71.88021087646484,73.1842269897461,6020900.0,48.74120330810547
2015-12-07,73.32069396972656,72.7445068359375,73.19181060791016,73.00985717773438,3007500.0,48.625064849853516
2015-12-08,72.70659637451172,71.45565032958984,71.76648712158203,72.60803985595703,5002500.0,48.35745620727539
2015-12-09,73.07808685302734,71.41773986816406,72.1000747680664,71.62244415283203,3663600.0,47.70103454589844
2015-12-10,72.35784912109375,71.50113677978516,71.74374389648438,71.7589111328125,3009400.0,47.79191970825195
2015-12-11,71.3495101928711,70.23502349853516,70.95526885986328,70.52312469482422,2947100.0,46.96887969970703
2015-12-14,71.09931945800781,70.17437744140625,70.7884750366211,70.7884750366211,2965900.0,47.145599365234375
2015-12-15,71.4935531616211,70.05307006835938,71.30401611328125,70.17437744140625,6689400.0,46.736610412597656
2015-12-16,71.56937408447266,70.05307006835938,70.51554107666016,71.36466979980469,4880800.0,47.52935791015625
2015-12-17,71.9029541015625,69.65125274658203,71.7589111328125,69.66641235351562,4642300.0,46.486244201660156
2015-12-18,69.94692993164062,69.07505798339844,69.2266845703125,69.1660385131836,6392500.0,46.15236282348633
2015-12-21,70.12130737304688,69.41622161865234,69.4920425415039,70.11372375488281,2930700.0,46.784725189208984
2015-12-22,70.53070831298828,69.54511260986328,70.44731140136719,70.31084442138672,2017000.0,46.916255950927734
2015-12-23,71.23578643798828,70.41698455810547,70.56861114501953,71.05382537841797,2170400.0,47.41202163696289
2015-12-24,71.1827163696289,70.7884750366211,70.84154510498047,70.81121826171875,660700.0,47.2501335144043
2015-12-28,70.92494201660156,70.4094009399414,70.65200805664062,70.81880187988281,1282200.0,47.25519943237305
2015-12-29,71.71341705322266,71.03866577148438,71.26611328125,71.3949966430664,2190800.0,47.63966369628906
2015-12-30,71.47080993652344,70.61410522460938,71.3267593383789,70.7733154296875,1670100.0,47.224849700927734
2015-12-31,71.02350616455078,70.31084442138672,70.43972778320312,70.41698455810547,1739500.0,46.987091064453125
2016-01-04,69.67399597167969,68.93859100341797,69.03714752197266,69.5072021484375,4391200.0,46.3800048828125
2016-01-05,69.84837341308594,69.06747436523438,69.55268859863281,69.6360855102539,2851000.0,46.46601104736328
2016-01-06,69.30250549316406,68.28658294677734,68.82486724853516,68.82486724853516,3683400.0,45.92470932006836
2016-01-07,68.23351287841797,66.83851623535156,67.69522094726562,67.05838012695312,4510300.0,44.7459831237793
2016-01-08,67.99090576171875,66.93707275390625,67.24791717529297,67.09628295898438,3347600.0,44.77126693725586
2016-01-11,67.55117797851562,66.4215316772461,67.36164093017578,67.05838012695312,3332300.0,44.7459831237793
2016-01-12,67.95299530029297,66.26232147216797,67.95299530029297,67.13419342041016,3822000.0,44.79657745361328
2016-01-13,67.63457489013672,65.49658966064453,67.604248046875,65.59514617919922,3924800.0,43.76961898803711
2016-01-14,66.56558227539062,65.0568618774414,65.633056640625,66.19408416748047,4063800.0,44.16926574707031
2016-01-15,65.51174926757812,64.4958267211914,65.1554183959961,64.58680725097656,4866100.0,43.096778869628906
2016-01-19,65.66338348388672,64.17740631103516,65.46626281738281,64.90522766113281,3358600.0,43.30925750732422
2016-01-20,64.93555450439453,63.30553436279297,64.03335571289062,64.44275665283203,4732300.0,43.00065612792969
2016-01-21,64.4958267211914,63.57088851928711,64.13191986083984,64.01061248779297,3847700.0,42.71229934692383
2016-01-22,64.98104858398438,64.23047637939453,64.8597412109375,64.70811462402344,3553600.0,43.1777229309082
2016-01-25,64.93555450439453,63.8665657043457,64.72327423095703,63.97270584106445,3115100.0,42.687007904052734
2016-01-26,64.40485382080078,61.59969711303711,62.84306335449219,64.20014953613281,6546600.0,42.83877944946289
2016-01-27,64.87490844726562,63.41925811767578,64.20014953613281,63.8741455078125,6406900.0,42.62123489379883
2016-01-28,64.50341033935547,63.684608459472656,64.27596282958984,64.04093933105469,4709200.0,42.7325325012207
2016-01-29,65.74678039550781,64.06368255615234,64.47308349609375,65.69371032714844,4527700.0,43.835384368896484
2016-02-01,65.61031341552734,64.67778778076172,65.51933288574219,65.17058563232422,2728800.0,43.48631286621094
2016-02-02,64.55648040771484,63.714935302734375,64.32904052734375,63.965126037597656,2692000.0,42.681949615478516
2016-02-03,64.79908752441406,63.22972106933594,64.53373718261719,64.47308349609375,2460300.0,43.020896911621094
2016-02-04,65.73161315917969,64.29871368408203,64.33661651611328,65.54207611083984,3024900.0,43.73419952392578
2016-02-05,65.46626281738281,64.18498992919922,65.2236557006836,64.47308349609375,3023900.0,43.020896911621094
2016-02-08,64.32904052734375,62.82789993286133,64.08642578125,63.79075241088867,4497200.0,42.56559753417969
2016-02-09,65.14784240722656,62.9643669128418,63.131160736083984,64.58680725097656,2505600.0,43.096778869628906
2016-02-10,65.8301773071289,64.46550750732422,64.9886245727539,64.60197448730469,2858600.0,43.10689926147461
2016-02-11,64.1698226928711,62.82032012939453,63.38893127441406,63.3737678527832,3769400.0,42.287357330322266
2016-02-12,64.41243743896484,63.51023483276367,63.957542419433594,64.38211059570312,2575400.0,42.96018600463867
2016-02-16,65.79985046386719,65.0568618774414,65.3373794555664,65.57240295410156,2866700.0,43.75442886352539
2016-02-17,66.30022430419922,65.68612670898438,65.98938751220703,66.01213073730469,2588400.0,44.04785919189453
2016-02-18,66.10311126708984,65.5648193359375,65.66338348388672,65.70886993408203,1727200.0,43.845497131347656
2016-02-19,65.95147705078125,65.2236557006836,65.633056640625,65.69371032714844,2626700.0,43.835384368896484
2016-02-22,66.77786254882812,66.22441101074219,66.338134765625,66.52767181396484,2277100.0,44.39186477661133
2016-02-23,66.6338119506836,65.78468322753906,66.2092514038086,66.20166778564453,1822100.0,44.174320220947266
2016-02-24,66.3532943725586,65.44351959228516,65.83775329589844,66.11068725585938,2746300.0,44.11361312866211
2016-02-25,66.92948913574219,65.89840698242188,66.11068725585938,66.9143295288086,2099600.0,44.649871826171875
2016-02-26,67.68006134033203,66.94465637207031,67.13419342041016,67.52842712402344,3108400.0,45.059627532958984
2016-02-29,68.14253234863281,67.18726348876953,67.36921691894531,67.68006134033203,4393500.0,45.16081619262695
2016-03-01,68.82486724853516,67.96057891845703,68.13494873046875,68.68840026855469,3928900.0,45.833648681640625
2016-03-02,69.43138885498047,68.33965301513672,68.51402282714844,68.6050033569336,3349400.0,45.77798843383789
2016-03-03,69.0978012084961,68.4382095336914,68.8855209350586,68.86277770996094,2614500.0,45.95000076293945
2016-03-04,69.36315155029297,68.42304992675781,68.97649383544922,68.77179718017578,3447300.0,45.8892936706543
2016-03-07,68.64291381835938,68.1576919555664,68.40788269042969,68.41546630859375,3354700.0,45.65152359008789
2016-03-08,68.27141571044922,67.31614685058594,68.12737274169922,67.43745422363281,3017500.0,44.99892807006836
2016-03-09,67.80894470214844,66.94465637207031,67.80136108398438,67.07353973388672,2631000.0,44.756103515625
2016-03-10,67.90750885009766,66.9598159790039,67.604248046875,67.63457489013672,2813200.0,45.13046646118164
2016-03-11,68.90826416015625,68.0970458984375,68.36239624023438,68.69598388671875,2866100.0,45.83869552612305
2016-03-14,69.59818267822266,68.27141571044922,68.65807342529297,69.35557556152344,2769500.0,46.278831481933594
2016-03-15,69.8711166381836,69.06747436523438,69.17361450195312,69.52994537353516,2689800.0,46.39517593383789
2016-03-16,69.52994537353516,68.87035369873047,69.48445892333984,69.2115249633789,2364700.0,46.18272018432617
2016-03-17,71.13722229003906,69.17361450195312,69.294921875,70.92494201660156,4312700.0,47.32601547241211
2016-03-18,72.24412536621094,70.9173583984375,71.2812728881836,72.24412536621094,7329100.0,48.206275939941406
2016-03-21,72.22895812988281,71.50872039794922,72.02426147460938,71.91812133789062,2202800.0,47.98873519897461
2016-03-22,72.14556121826172,71.0007553100586,71.1144790649414,71.97119140625,2676300.0,48.131221771240234
2016-03-23,72.02426147460938,71.56937408447266,71.99393463134766,71.9029541015625,1939700.0,48.19274139404297
2016-03-24,71.9029541015625,71.35708618164062,71.58453369140625,71.85746765136719,2987500.0,48.162235260009766
2016-03-28,72.20621490478516,71.66034698486328,71.8423080444336,72.00909423828125,2019400.0,48.263877868652344
2016-03-29,72.38817596435547,71.56937408447266,71.97877502441406,72.22138214111328,1987000.0,48.406158447265625
2016-03-30,72.69901275634766,71.97877502441406,72.50189208984375,72.04700469970703,2430200.0,48.289283752441406
2016-03-31,72.17588806152344,71.75132751464844,72.14556121826172,71.91812133789062,2163200.0,48.20289993286133
2016-04-01,72.62319946289062,71.08415222167969,71.53146362304688,72.50189208984375,2016500.0,48.59416198730469
2016-04-04,71.97119140625,70.95526885986328,71.97119140625,71.07657623291016,2909800.0,47.63886260986328
2016-04-05,70.84912872314453,70.39424133300781,70.6216812133789,70.71266174316406,2064300.0,47.39495086669922
2016-04-06,71.1827163696289,70.37907409667969,70.5761947631836,71.14480590820312,2508400.0,47.684593200683594
2016-04-07,70.88703918457031,70.09098052978516,70.5079574584961,70.72024536132812,2517100.0,47.400028228759766
2016-04-08,71.41773986816406,70.50038146972656,71.0689926147461,70.65200805664062,1514200.0,47.35429382324219
2016-04-11,70.985595703125,70.25019073486328,70.68233489990234,70.26535034179688,1893600.0,47.09513854980469
2016-04-12,71.06140899658203,70.31084442138672,70.45488739013672,70.87187194824219,1460300.0,47.501651763916016
2016-04-13,71.54662322998047,70.94768524169922,71.14480590820312,71.45565032958984,1784700.0,47.8929328918457
2016-04-14,71.8877944946289,71.28885650634766,71.74374389648438,71.30401611328125,1701300.0,47.791290283203125
2016-04-15,71.54662322998047,71.10689544677734,71.37982940673828,71.35708618164062,1469400.0,47.82685852050781
2016-04-18,71.72858428955078,71.27368927001953,71.40258026123047,71.53904724121094,1801600.0,47.94881820678711
2016-04-19,71.97877502441406,71.61486053466797,71.78165435791016,71.89537811279297,2011000.0,48.187644958496094
2016-04-20,72.21379852294922,71.43290710449219,71.7740707397461,71.96360778808594,2681200.0,48.2333869934082
2016-04-21,73.88931274414062,71.9863510131836,72.44882202148438,72.77482604980469,3739800.0,48.77710723876953
2016-04-22,73.31311798095703,72.395751953125,72.40333557128906,73.10083770751953,2456500.0,48.9956169128418
2016-04-25,73.22213745117188,72.64594268798828,72.94161987304688,73.12358093261719,2132100.0,49.010860443115234
2016-04-26,73.2524642944336,72.72933959960938,73.03260040283203,73.05534362792969,1871100.0,48.96511459350586
2016-04-27,73.78317260742188,72.8885498046875,73.16148376464844,73.68460845947266,2645600.0,49.386878967285156
2016-04-28,73.93479919433594,72.89613342285156,73.2373046875,73.04776000976562,2395000.0,48.960044860839844
2016-04-29,73.54055786132812,72.63078308105469,72.6914291381836,73.35102081298828,2871100.0,49.163299560546875
2016-05-02,73.98028564453125,73.07808685302734,73.33586120605469,73.83624267578125,2268900.0,49.48850631713867
2016-05-03,73.61637878417969,73.0856704711914,73.32827758789062,73.4495849609375,2098800.0,49.229366302490234
2016-05-04,73.2524642944336,72.34268188476562,72.55496215820312,72.71417999267578,2876200.0,48.7364616394043
2016-05-05,73.19939422607422,72.61561584472656,73.06292724609375,72.86580657958984,2145400.0,48.83808517456055
2016-05-06,73.68460845947266,72.61561584472656,72.83547973632812,73.62395477294922,2184500.0,49.346229553222656
2016-05-09,73.82865905761719,73.2373046875,73.54055786132812,73.58605194091797,1355500.0,49.32081985473633
2016-05-10,74.55648040771484,73.69219207763672,73.91205596923828,74.54132080078125,1894100.0,49.961082458496094
2016-05-11,74.89006805419922,74.13191986083984,74.5185775756836,74.23047637939453,2517800.0,49.752750396728516
2016-05-12,74.57164764404297,73.82865905761719,74.32904052734375,74.38968658447266,2461700.0,49.85945510864258
2016-05-13,74.65504455566406,73.60121154785156,74.29113006591797,73.82107543945312,2406600.0,49.47835159301758
2016-05-16,74.99620819091797,73.75284576416016,74.07884979248047,74.79151153564453,2387700.0,50.128780364990234
2016-05-17,75.12509155273438,74.35935974121094,74.82183837890625,74.63229370117188,1895700.0,50.022071838378906
2016-05-18,74.80667114257812,74.01061248779297,74.45792388916016,74.54890441894531,2140600.0,49.966182708740234
2016-05-19,74.4351806640625,73.56330871582031,74.11675262451172,74.27596282958984,2841900.0,49.78322982788086
2016-05-20,75.36012268066406,74.34420013427734,74.63229370117188,74.86732482910156,2394100.0,50.179603576660156
2016-05-23,75.09477233886719,74.29871368408203,74.54132080078125,74.93555450439453,1897400.0,50.22532272338867
2016-05-24,76.05004119873047,74.82941436767578,75.04927825927734,75.79226684570312,3096800.0,50.79953384399414
2016-05-25,76.19408416748047,75.48900604248047,75.73161315917969,75.55724334716797,2071900.0,50.642005920410156
2016-05-26,75.78468322753906,75.06444549560547,75.58756256103516,75.20848846435547,1555800.0,50.408267974853516
2016-05-27,75.36012268066406,74.91281127929688,75.27672576904297,74.9886245727539,2391300.0,50.26089859008789
2016-05-31,74.82183837890625,74.14707946777344,74.70053100585938,74.57164764404297,5389400.0,49.98141860961914
2016-06-01,74.98104858398438,74.05610656738281,74.4503402709961,74.78392791748047,2599000.0,50.23147964477539
2016-06-02,74.8445816040039,74.16224670410156,74.35935974121094,74.78392791748047,1641000.0,50.23147964477539
2016-06-03,74.61713409423828,74.04093933105469,74.4351806640625,74.5185775756836,2297900.0,50.05323791503906
2016-06-06,75.29946899414062,74.52615356445312,74.52615356445312,75.07960510253906,2336900.0,50.43007278442383
2016-06-07,75.73161315917969,75.07960510253906,75.19332885742188,75.39802551269531,1889800.0,50.643959045410156
2016-06-08,76.0424575805664,75.24639892578125,75.25398254394531,75.93631744384766,2280300.0,51.00551986694336
2016-06-09,76.18650817871094,75.62547302246094,75.78468322753906,76.11068725585938,1780500.0,51.12263107299805
2016-06-10,75.7164535522461,75.16300201416016,75.5648193359375,75.29188537597656,1717600.0,50.57265853881836
2016-06-13,75.49658966064453,74.34420013427734,75.10993194580078,74.366943359375,2315300.0,49.95138168334961
2016-06-14,74.93555450439453,73.91963958740234,74.24564361572266,74.79908752441406,1949600.0,50.24165725708008
2016-06-15,75.04927825927734,74.44275665283203,75.00379180908203,74.45792388916016,2132600.0,50.012508392333984
2016-06-16,75.25398254394531,74.04093933105469,74.16224670410156,75.10993194580078,2062100.0,50.4504508972168
2016-06-17,75.1554183959961,74.0257797241211,75.0568618774414,74.11675262451172,5320600.0,49.7833366394043
2016-06-20,75.52691650390625,74.8445816040039,75.04169464111328,74.8597412109375,2625900.0,50.28239059448242
2016-06-21,75.27672576904297,74.83699798583984,75.16300201416016,75.07960510253906,1651700.0,50.43007278442383
2016-06-22,75.5041732788086,75.00379180908203,75.24639892578125,75.08718872070312,1789000.0,50.43516540527344
2016-06-23,76.14859771728516,75.46626281738281,75.73161315917969,76.14859771728516,2343900.0,51.148101806640625
2016-06-24,75.82259368896484,74.03335571289062,74.03335571289062,74.45792388916016,7889400.0,50.012508392333984
2016-06-27,74.5185775756836,73.41925811767578,73.93479919433594,73.78317260742188,4943200.0,49.55927658081055
2016-06-28,74.44275665283203,73.52539825439453,74.10159301757812,74.38968658447266,4475300.0,49.96666717529297
2016-06-29,76.06520080566406,74.82183837890625,74.82183837890625,75.89840698242188,3013800.0,50.98005676269531
2016-06-30,76.57315826416016,75.95147705078125,75.98180389404297,76.57315826416016,4369200.0,51.43327713012695
2016-07-01,77.93025207519531,76.58832550048828,76.8309326171875,77.57392120361328,4171000.0,52.10548400878906
2016-07-05,80.4000015258789,77.33999633789062,77.41999816894531,80.4000015258789,15646100.0,79.02227783203125
2016-07-06,81.05000305175781,79.7300033569336,80.25,80.62000274658203,9547300.0,79.23851776123047
2016-07-07,81.26000213623047,80.04000091552734,81.08999633789062,80.69999694824219,4144300.0,79.31713104248047
2016-07-08,81.27999877929688,80.48999786376953,81.0,80.86000061035156,5096200.0,79.47439575195312
2016-07-11,81.13999938964844,80.01000213623047,81.08000183105469,80.08000183105469,5613800.0,78.707763671875
2016-07-12,80.79000091552734,80.25,80.25,80.33999633789062,3708700.0,78.96329498291016
2016-07-13,81.2699966430664,80.5,80.70999908447266,81.04000091552734,3008800.0,79.65129852294922
2016-07-14,81.80000305175781,80.66000366210938,81.72000122070312,80.87999725341797,2916300.0,79.49405670166016
2016-07-15,81.69999694824219,80.75,81.30999755859375,80.91999816894531,2946000.0,79.53337097167969
2016-07-18,81.58000183105469,80.54000091552734,81.0199966430664,80.94000244140625,2341600.0,79.55302429199219
2016-07-19,81.01000213623047,80.56999969482422,80.75,80.87999725341797,2845800.0,79.49405670166016
2016-07-20,81.5999984741211,81.11000061035156,81.27999877929688,81.38999938964844,2329800.0,79.99532318115234
2016-07-21,81.73999786376953,81.08000183105469,81.38999938964844,81.29000091552734,3286100.0,79.89701843261719
2016-07-22,81.45999908447266,80.66000366210938,81.4000015258789,81.23999786376953,3100100.0,79.84788513183594
2016-07-25,82.19000244140625,80.56999969482422,82.13999938964844,81.29000091552734,3919100.0,79.89701843261719
2016-07-26,81.3499984741211,80.94000244140625,81.2699966430664,81.12000274658203,3342600.0,79.72994232177734
2016-07-27,81.41999816894531,80.66999816894531,81.22000122070312,80.8499984741211,3018300.0,79.46456146240234
2016-07-28,81.3499984741211,80.73999786376953,81.0999984741211,81.18000030517578,2755700.0,79.78890228271484
2016-07-29,81.76000213623047,81.19000244140625,81.31999969482422,81.44000244140625,3428500.0,80.0444564819336
2016-08-01,81.88999938964844,81.18000030517578,81.23999786376953,81.5,3062500.0,80.10343933105469
2016-08-02,81.52999877929688,80.58999633789062,81.26000213623047,80.93000030517578,2300000.0,79.5431900024414
2016-08-03,81.27999877929688,80.68000030517578,81.11000061035156,80.9800033569336,1917400.0,79.59233093261719
2016-08-04,81.33999633789062,80.80000305175781,81.0,81.12000274658203,1932100.0,79.72994232177734
2016-08-05,81.62000274658203,81.13999938964844,81.26000213623047,81.5,2056100.0,80.10343933105469
2016-08-08,81.69999694824219,81.19999694824219,81.66000366210938,81.27999877929688,1634600.0,79.88719177246094
2016-08-09,81.6500015258789,81.06999969482422,81.5,81.19999694824219,1593100.0,79.80856323242188
2016-08-10,81.33000183105469,80.94999694824219,81.26000213623047,81.22000122070312,2737800.0,79.82823181152344
2016-08-11,81.76000213623047,81.25,81.29000091552734,81.54000091552734,1641000.0,80.14274597167969
2016-08-12,81.5199966430664,81.11000061035156,81.36000061035156,81.38999938964844,1203200.0,79.99532318115234
2016-08-15,81.79000091552734,81.1500015258789,81.7300033569336,81.2300033569336,2926600.0,79.83806610107422
2016-08-16,81.19999694824219,80.55999755859375,81.19999694824219,80.69999694824219,2074100.0,79.31713104248047
2016-08-17,81.05000305175781,80.5199966430664,80.81999969482422,81.0199966430664,1606000.0,79.63166046142578
2016-08-18,80.98999786376953,79.86000061035156,80.91000366210938,80.55999755859375,2644700.0,79.17953491210938
2016-08-19,80.79000091552734,80.1500015258789,80.41000366210938,80.73999786376953,2133900.0,79.35646057128906
2016-08-22,80.9800033569336,80.52999877929688,80.79000091552734,80.93000030517578,1875100.0,79.5431900024414
2016-08-23,81.33000183105469,80.83999633789062,81.16000366210938,81.02999877929688,2204700.0,79.6414794921875
2016-08-24,81.0999984741211,80.47000122070312,80.9800033569336,80.61000061035156,2173600.0,79.22868347167969
2016-08-25,80.68000030517578,80.31999969482422,80.41999816894531,80.5199966430664,1766400.0,79.14022064208984
2016-08-26,81.47000122070312,80.69000244140625,80.76000213623047,81.19999694824219,1990200.0,79.80856323242188
2016-08-29,82.08000183105469,81.19000244140625,81.19000244140625,81.83999633789062,2408800.0,80.4375991821289
2016-08-30,82.63999938964844,81.12000274658203,82.63999938964844,81.19999694824219,1563800.0,79.80856323242188
2016-08-31,81.66999816894531,81.01000213623047,81.19999694824219,81.41000366210938,3634900.0,80.01497650146484
2016-09-01,81.8499984741211,81.26000213623047,81.55000305175781,81.44000244140625,2336600.0,80.0444564819336
2016-09-02,81.8499984741211,80.68000030517578,81.80999755859375,81.19000244140625,2390000.0,79.79873657226562
2016-09-06,81.22000122070312,79.13999938964844,80.98999786376953,79.5,6147000.0,78.13771057128906
2016-09-07,79.77999877929688,79.18000030517578,79.37000274658203,79.3499984741211,3844100.0,77.99026489257812
2016-09-08,79.2699966430664,78.73999786376953,79.1500015258789,79.0,2977400.0,77.6462631225586
2016-09-09,78.55000305175781,77.01000213623047,78.55000305175781,77.0199966430664,3914800.0,75.70018768310547
2016-09-12,78.4000015258789,76.58999633789062,76.77999877929688,78.20999908447266,4003500.0,76.86979675292969
2016-09-13,77.93000030517578,76.86000061035156,77.9000015258789,76.86000061035156,3710700.0,75.54293823242188
2016-09-14,76.97000122070312,76.1500015258789,76.80000305175781,76.44999694824219,3652300.0,75.13996124267578
2016-09-15,77.26000213623047,76.2300033569336,76.62000274658203,76.80000305175781,4497200.0,75.48397064208984
2016-09-16,77.16999816894531,76.31999969482422,77.08000183105469,76.56999969482422,8103700.0,75.25791931152344
2016-09-19,77.3499984741211,76.62999725341797,76.66000366210938,76.80999755859375,2662900.0,75.49378204345703
2016-09-20,77.27999877929688,76.58000183105469,77.27999877929688,76.72000122070312,2490300.0,75.40532684326172
2016-09-21,77.54000091552734,76.63999938964844,76.91999816894531,77.44999694824219,2785200.0,76.12283325195312
2016-09-22,78.11000061035156,77.5199966430664,78.02999877929688,77.66999816894531,2494300.0,76.33905792236328
2016-09-23,77.83000183105469,77.33999633789062,77.44999694824219,77.58999633789062,2796900.0,76.26042938232422
2016-09-26,77.45999908447266,76.41000366210938,77.45999908447266,76.5999984741211,3196300.0,75.28739929199219
2016-09-27,77.70999908447266,76.41000366210938,76.68000030517578,77.62999725341797,3163300.0,76.29974365234375
2016-09-28,77.66999816894531,77.12000274658203,77.37000274658203,77.62000274658203,2047400.0,76.41295623779297
2016-09-29,77.61000061035156,76.83000183105469,77.47000122070312,77.12999725341797,3287800.0,75.9305648803711
2016-09-30,78.70999908447266,77.41999816894531,77.44999694824219,78.38999938964844,3411300.0,77.17098236083984
2016-10-03,78.41999816894531,77.80999755859375,77.95999908447266,77.98999786376953,2662800.0,76.77719116210938
2016-10-04,78.33000183105469,77.43000030517578,78.27999877929688,77.66000366210938,1984500.0,76.45234680175781
2016-10-05,78.0,77.36000061035156,77.83999633789062,77.77999877929688,2090100.0,76.57047271728516
2016-10-06,78.41999816894531,77.55999755859375,77.73999786376953,78.31999969482422,2958900.0,77.10205841064453
2016-10-07,78.5,77.7300033569336,78.3499984741211,78.25,2614500.0,77.03315734863281
2016-10-10,78.77999877929688,78.06999969482422,78.4000015258789,78.22000122070312,1446000.0,77.00363159179688
2016-10-11,77.80999755859375,75.93000030517578,77.80999755859375,76.33999633789062,4283300.0,75.1528549194336
2016-10-12,77.52999877929688,76.55000305175781,76.55000305175781,76.77999877929688,3146200.0,75.58602142333984
2016-10-13,76.66999816894531,75.95999908447266,76.33000183105469,76.20999908447266,2791100.0,75.02487182617188
2016-10-14,76.80000305175781,76.04000091552734,76.76000213623047,76.16000366210938,3221100.0,74.97567749023438
2016-10-17,76.33999633789062,75.70999908447266,76.30000305175781,75.86000061035156,2197800.0,74.6803207397461
2016-10-18,76.62999725341797,76.05999755859375,76.23999786376953,76.43000030517578,1611300.0,75.24146270751953
2016-10-19,77.23999786376953,76.23999786376953,76.58000183105469,77.16000366210938,2914100.0,75.96011352539062
2016-10-20,80.94000244140625,77.63999938964844,78.2300033569336,80.18000030517578,6498300.0,78.93314361572266
2016-10-21,80.27999877929688,79.37000274658203,79.68000030517578,80.16999816894531,4569700.0,78.92330169677734
2016-10-24,81.25,80.05000305175781,80.72000122070312,80.29000091552734,3481200.0,79.04143524169922
2016-10-25,80.0999984741211,78.7300033569336,80.05999755859375,78.7699966430664,3513800.0,77.5450668334961
2016-10-26,78.52999877929688,77.51000213623047,78.52999877929688,77.73999786376953,3268000.0,76.53108215332031
2016-10-27,79.55999755859375,77.94000244140625,77.95999908447266,78.33000183105469,4207900.0,77.1119155883789
2016-10-28,78.9800033569336,77.81999969482422,78.31999969482422,78.19000244140625,2599900.0,76.97409057617188
2016-10-31,78.56999969482422,77.95999908447266,78.25,78.55000305175781,2617100.0,77.32849884033203
2016-11-01,78.72000122070312,76.81999969482422,78.70999908447266,77.02999877929688,4240800.0,75.83213806152344
2016-11-02,77.47000122070312,76.68000030517578,77.05000305175781,76.73999786376953,2771800.0,75.54663848876953
2016-11-03,77.30000305175781,76.38999938964844,76.95999908447266,76.54000091552734,2867000.0,75.34973907470703
2016-11-04,77.5,76.58999633789062,76.66000366210938,76.94000244140625,2597100.0,75.7435302734375
2016-11-07,78.41000366210938,77.70999908447266,77.72000122070312,78.19999694824219,3708300.0,76.98393249511719
2016-11-08,79.41000366210938,77.94999694824219,78.12999725341797,78.93000030517578,3796900.0,77.70258331298828
2016-11-09,80.54000091552734,78.27999877929688,78.94000244140625,80.2300033569336,4677400.0,78.98237609863281
2016-11-10,81.30000305175781,80.08000183105469,80.95999908447266,80.23999786376953,3879700.0,78.99221801757812
2016-11-11,81.30000305175781,80.27999877929688,80.9000015258789,80.94000244140625,3585400.0,79.68132781982422
2016-11-14,81.19000244140625,79.0,80.87000274658203,79.0999984741211,4474300.0,77.86994934082031
2016-11-15,80.6500015258789,79.36000061035156,80.52999877929688,79.62999725341797,4859500.0,78.3917007446289
2016-11-16,80.26000213623047,79.44000244140625,79.63999938964844,80.20999908447266,5093300.0,78.9626693725586
2016-11-17,80.44999694824219,79.93000030517578,80.2699966430664,79.97000122070312,2868900.0,78.7264175415039
2016-11-18,79.97000122070312,78.61000061035156,79.94000244140625,78.98999786376953,3304900.0,77.76167297363281
2016-11-21,79.62000274658203,78.41000366210938,79.26000213623047,79.22000122070312,4564000.0,77.98808288574219
2016-11-22,79.16999816894531,78.02999877929688,78.86000061035156,78.41999816894531,4022600.0,77.20051574707031
2016-11-23,79.20999908447266,78.16999816894531,78.22000122070312,79.16000366210938,1762700.0,77.92901611328125
2016-11-25,79.94000244140625,79.30999755859375,79.45999908447266,79.55999755859375,955200.0,78.32279205322266
2016-11-28,79.70999908447266,78.81999969482422,79.51000213623047,79.02999877929688,2368900.0,77.80103302001953
2016-11-29,79.33999633789062,78.75,79.02999877929688,79.12999725341797,1864100.0,77.89945983886719
2016-11-30,79.37999725341797,78.0,79.2300033569336,78.16999816894531,5574500.0,76.95441436767578
2016-12-01,78.31999969482422,76.91000366210938,78.12999725341797,77.0199966430664,3936700.0,75.82228088378906
2016-12-02,77.44000244140625,76.47000122070312,77.08000183105469,77.31999969482422,3343900.0,76.11762237548828
2016-12-05,77.80000305175781,77.01000213623047,77.70999908447266,77.11000061035156,2924800.0,75.91088104248047
2016-12-06,77.41000366210938,76.43000030517578,77.33000183105469,77.37999725341797,3465100.0,76.17667388916016
2016-12-07,77.48999786376953,76.2699966430664,77.30000305175781,76.97000122070312,4688000.0,75.77306365966797
2016-12-08,78.16999816894531,76.9800033569336,77.0,77.73999786376953,4265700.0,76.53108215332031
2016-12-09,78.0999984741211,77.44999694824219,77.91999816894531,78.0999984741211,2927100.0,76.885498046875
2016-12-12,78.22000122070312,77.5199966430664,77.91999816894531,77.83000183105469,4811600.0,76.61970520019531
2016-12-13,79.55000305175781,78.16000366210938,78.16999816894531,79.23999786376953,5755000.0,78.00776672363281
2016-12-14,79.51000213623047,78.54000091552734,79.22000122070312,78.70999908447266,3764800.0,77.48600769042969
2016-12-15,79.93000030517578,78.4800033569336,78.5999984741211,79.7300033569336,4652300.0,78.49015045166016
2016-12-16,80.62000274658203,79.0199966430664,79.94000244140625,79.22000122070312,4305100.0,77.98808288574219
2016-12-19,79.66999816894531,78.41000366210938,79.13999938964844,78.61000061035156,2722800.0,77.3875732421875
2016-12-20,79.0199966430664,78.4800033569336,78.83999633789062,78.8499984741211,5482200.0,77.62383270263672
2016-12-21,78.9000015258789,78.31999969482422,78.52999877929688,78.36000061035156,2694600.0,77.14146423339844
2016-12-22,78.66000366210938,78.16999816894531,78.19999694824219,78.33000183105469,2056000.0,77.1119155883789
2016-12-23,79.0199966430664,78.30999755859375,78.38999938964844,78.94999694824219,1321500.0,77.7222671508789
2016-12-27,79.33000183105469,78.77999877929688,78.91999816894531,78.81999969482422,2201600.0,77.59429931640625
2016-12-28,78.87000274658203,78.05999755859375,78.58000183105469,78.12999725341797,1795000.0,77.03719329833984
2016-12-29,78.44000244140625,78.0199966430664,78.1500015258789,78.22000122070312,1257000.0,77.12593841552734
2016-12-30,78.55999755859375,77.66000366210938,78.55999755859375,77.83999633789062,2014500.0,76.75125885009766
2017-01-03,78.94999694824219,78.22000122070312,78.44000244140625,78.77999877929688,2841700.0,77.67810821533203
2017-01-04,79.77999877929688,78.6500015258789,78.7300033569336,79.27999877929688,3195400.0,78.17110443115234
2017-01-05,80.05000305175781,79.13999938964844,79.29000091552734,80.01000213623047,3389100.0,78.89090728759766
2017-01-06,80.72000122070312,79.7300033569336,79.98999786376953,80.43000030517578,2103600.0,79.3050308227539
2017-01-09,80.69000244140625,80.25,80.4000015258789,80.58999633789062,2286400.0,79.4627914428711
2017-01-10,81.31999969482422,80.36000061035156,80.47000122070312,81.0999984741211,3497800.0,79.96566009521484
2017-01-11,81.7699966430664,80.63999938964844,81.01000213623047,81.3499984741211,2780000.0,80.21216583251953
2017-01-12,81.44999694824219,80.70999908447266,81.05000305175781,81.29000091552734,3597000.0,80.15299987792969
2017-01-13,81.58999633789062,81.08000183105469,81.27999877929688,81.36000061035156,2466000.0,80.2220230102539
2017-01-17,81.08000183105469,80.26000213623047,81.0,80.91000366210938,3213900.0,79.77830505371094
2017-01-18,81.5999984741211,81.0,81.5,81.19000244140625,2118000.0,80.05439758300781
2017-01-19,81.30000305175781,80.2300033569336,81.08999633789062,80.5999984741211,2930100.0,79.47265625
2017-01-20,80.91000366210938,80.12000274658203,80.83999633789062,80.52999877929688,2211400.0,79.40363311767578
2017-01-23,80.5,79.86000061035156,80.31999969482422,80.0,2455300.0,78.88105773925781
2017-01-24,80.44000244140625,78.97000122070312,80.01000213623047,80.02999877929688,3009200.0,78.91061401367188
2017-01-25,81.05999755859375,80.16999816894531,80.25,81.02999877929688,2236200.0,79.8966293334961
2017-01-26,81.0199966430664,80.55000305175781,80.86000061035156,80.79000091552734,1910100.0,79.65999603271484
2017-01-27,81.0199966430664,80.5,80.95999908447266,80.95999908447266,2277500.0,79.82762145996094
2017-01-30,81.33999633789062,79.7300033569336,81.30999755859375,80.36000061035156,2314100.0,79.23600769042969
2017-01-31,84.11000061035156,81.86000061035156,82.38999938964844,83.91999816894531,6236900.0,82.74620819091797
2017-02-01,84.73999786376953,82.8499984741211,84.55000305175781,83.54000091552734,4643200.0,82.37152862548828
2017-02-02,83.87000274658203,82.61000061035156,83.12000274658203,83.69999694824219,2380700.0,82.52928161621094
2017-02-03,83.95999908447266,83.33000183105469,83.83999633789062,83.69000244140625,1713800.0,82.51943969726562
2017-02-06,83.37000274658203,82.55999755859375,83.25,82.98999786376953,2064700.0,81.82923126220703
2017-02-07,83.30000305175781,82.76000213623047,83.0,83.08000183105469,1739600.0,81.91796112060547
2017-02-08,83.11000061035156,82.56999969482422,82.68000030517578,82.9800033569336,1699500.0,81.81936645507812
2017-02-09,84.0,82.91000366210938,83.01000213623047,83.76000213623047,2097400.0,82.58845520019531
2017-02-10,84.06999969482422,83.55000305175781,83.7699966430664,83.9800033569336,1338000.0,82.80538177490234
2017-02-13,84.27999877929688,83.80999755859375,84.0199966430664,84.19000244140625,1467900.0,83.01244354248047
2017-02-14,84.29000091552734,83.55000305175781,83.66999816894531,84.0999984741211,1326800.0,82.92369842529297
2017-02-15,84.69000244140625,83.63999938964844,83.75,84.61000061035156,2081000.0,83.42656707763672
2017-02-16,84.63999938964844,83.63999938964844,84.58000183105469,84.25,2485600.0,83.07160186767578
2017-02-17,84.26000213623047,83.68000030517578,84.06999969482422,84.05000305175781,2342400.0,82.8743896484375
2017-02-21,85.06999969482422,84.31999969482422,84.52999877929688,84.75,2307600.0,83.56461334228516
2017-02-22,84.91999816894531,84.5,84.63999938964844,84.80000305175781,2066500.0,83.61389923095703
2017-02-23,85.19000244140625,84.62999725341797,85.0,85.12999725341797,1787800.0,83.93928527832031
2017-02-24,86.08000183105469,85.01000213623047,85.31999969482422,86.08000183105469,1973400.0,84.8759994506836
2017-02-27,86.33000183105469,85.7699966430664,85.91999816894531,86.12999725341797,1740800.0,84.92530059814453
2017-02-28,86.05999755859375,85.43000030517578,85.87000274658203,85.55000305175781,2278500.0,84.35340881347656
2017-03-01,87.58999633789062,86.26000213623047,86.55000305175781,87.26000213623047,2560800.0,86.03950500488281
2017-03-02,87.0,86.44999694824219,86.9800033569336,86.62000274658203,1529100.0,85.408447265625
2017-03-03,86.95999908447266,86.20999908447266,86.66999816894531,86.83000183105469,2193400.0,85.61551666259766
2017-03-06,86.48999786376953,85.63999938964844,86.19000244140625,86.08999633789062,2217900.0,84.88585662841797
2017-03-07,86.33000183105469,85.75,85.9800033569336,86.06999969482422,1588600.0,84.86613464355469
2017-03-08,86.80000305175781,85.88999938964844,86.02999877929688,86.62000274658203,1871900.0,85.408447265625
2017-03-09,87.44000244140625,86.5199966430664,86.5199966430664,87.30999755859375,2310200.0,86.08879852294922
2017-03-10,88.01000213623047,87.33999633789062,87.54000091552734,87.76000213623047,2241000.0,86.53250122070312
2017-03-13,87.69000244140625,86.94999694824219,87.58999633789062,87.5,1632500.0,86.2761459350586
2017-03-14,87.27999877929688,86.44000244140625,87.27999877929688,86.86000061035156,1669800.0,85.64508819580078
2017-03-15,87.80000305175781,87.0,87.05999755859375,87.47000122070312,1781900.0,86.24656677246094
2017-03-16,87.47000122070312,85.98999786376953,87.30000305175781,86.4000015258789,2648100.0,85.19151306152344
2017-03-17,86.87000274658203,86.38999938964844,86.5199966430664,86.66999816894531,3107200.0,85.45775604248047
2017-03-20,86.88999938964844,86.33999633789062,86.79000091552734,86.47000122070312,1536700.0,85.26053619384766
2017-03-21,87.06999969482422,85.91000366210938,86.80000305175781,86.27999877929688,1825800.0,85.07319641113281
2017-03-22,86.55999755859375,85.81999969482422,86.41000366210938,86.31999969482422,1754500.0,85.1126480102539
2017-03-23,86.66000366210938,85.98999786376953,86.31999969482422,86.30000305175781,2195000.0,85.09292602539062
2017-03-24,86.87999725341797,85.61000061035156,86.33999633789062,86.01000213623047,3112500.0,84.8069839477539
2017-03-27,86.23999786376953,85.4000015258789,85.58000183105469,86.04000091552734,2097300.0,84.83656311035156
2017-03-28,86.05999755859375,85.30000305175781,85.80999755859375,85.88999938964844,3073000.0,84.68865966796875
2017-03-29,85.83999633789062,85.25,85.54000091552734,85.62000274658203,1641000.0,84.56026458740234
2017-03-30,86.0199966430664,85.41000366210938,85.66999816894531,85.72000122070312,2252800.0,84.6590347290039
2017-03-31,85.81999969482422,85.20999908447266,85.20999908447266,85.52999877929688,2174400.0,84.47138977050781
2017-04-03,85.94999694824219,85.08000183105469,85.66000366210938,85.4800033569336,2563400.0,84.4219970703125
2017-04-04,85.62999725341797,84.88999938964844,85.62999725341797,85.2699966430664,2563100.0,84.21460723876953
2017-04-05,86.58999633789062,85.38999938964844,85.58000183105469,85.7699966430664,2522100.0,84.70841979980469
2017-04-06,86.27999877929688,84.9800033569336,85.5999984741211,86.12999725341797,1997800.0,85.06395721435547
2017-04-07,86.3499984741211,85.80000305175781,86.02999877929688,86.06999969482422,1341500.0,85.00469970703125
2017-04-10,86.36000061035156,85.88999938964844,86.18000030517578,86.11000061035156,1635600.0,85.0442123413086
2017-04-11,86.22000122070312,85.66999816894531,85.87999725341797,86.20999908447266,1277700.0,85.1429672241211
2017-04-12,86.41000366210938,85.58000183105469,86.41000366210938,85.75,1609700.0,84.68866729736328
2017-04-13,86.2699966430664,85.44000244140625,85.51000213623047,85.77999877929688,1975100.0,84.7182846069336
2017-04-17,86.72000122070312,85.80999755859375,85.93000030517578,86.69999694824219,1660700.0,85.62689971923828
2017-04-18,86.63999938964844,86.19000244140625,86.38999938964844,86.54000091552734,1875700.0,85.46888732910156
2017-04-19,86.98999786376953,86.13999938964844,86.87999725341797,86.44000244140625,2583400.0,85.3701400756836
2017-04-20,85.7699966430664,82.8499984741211,85.5,82.88999938964844,8817000.0,81.86405181884766
2017-04-21,83.1500015258789,81.58000183105469,82.88999938964844,81.69999694824219,7637400.0,80.68878936767578
2017-04-24,83.19999694824219,82.12000274658203,82.6500015258789,82.45999908447266,5328600.0,81.43937683105469
2017-04-25,83.54000091552734,82.6500015258789,82.80000305175781,83.30000305175781,6760400.0,82.26898956298828
2017-04-26,84.0,82.81999969482422,83.66000366210938,82.9800033569336,4874400.0,81.95294952392578
2017-04-27,83.30000305175781,82.77999877929688,83.16999816894531,82.91000366210938,2769600.0,81.88381958007812
2017-04-28,83.5,82.87000274658203,82.91999816894531,83.33000183105469,4255600.0,82.29861450195312
2017-05-01,83.9000015258789,83.12000274658203,83.56999969482422,83.12999725341797,4232700.0,82.10108947753906
2017-05-02,83.68000030517578,82.94000244140625,83.4000015258789,83.0,3741900.0,81.97269439697266
2017-05-03,83.25,82.44000244140625,83.02999877929688,82.80999755859375,2218000.0,81.78504943847656
2017-05-04,84.13999938964844,82.77999877929688,82.77999877929688,84.08000183105469,2997400.0,83.03933715820312
2017-05-05,84.38999938964844,83.70999908447266,84.37999725341797,83.86000061035156,1632300.0,82.82206726074219
2017-05-08,83.9000015258789,83.38999938964844,83.88999938964844,83.38999938964844,3284700.0,82.35787200927734
2017-05-09,83.62000274658203,83.0199966430664,83.29000091552734,83.16999816894531,2448700.0,82.14058685302734
2017-05-10,83.45999908447266,82.77999877929688,83.0999984741211,83.20999908447266,1749000.0,82.18009948730469
2017-05-11,83.20999908447266,82.47000122070312,83.01000213623047,82.77999877929688,1974700.0,81.75541687011719
2017-05-12,83.08999633789062,82.55999755859375,82.62000274658203,82.83999633789062,2134400.0,81.8146743774414
2017-05-15,83.55999755859375,82.93000030517578,83.02999877929688,83.27999877929688,2755100.0,82.24922943115234
2017-05-16,83.5,82.48999786376953,83.2300033569336,83.01000213623047,2005500.0,81.9825668334961
2017-05-17,83.01000213623047,81.8499984741211,83.01000213623047,81.9000015258789,2156200.0,80.88632202148438
2017-05-18,82.23999786376953,81.36000061035156,81.75,81.77999877929688,2689400.0,80.76779174804688
2017-05-19,82.58000183105469,81.70999908447266,82.04000091552734,82.13999938964844,3108300.0,81.12334442138672
2017-05-22,83.0999984741211,82.05000305175781,82.13999938964844,82.91000366210938,3444800.0,81.88381958007812
2017-05-23,84.69999694824219,83.16999816894531,83.30000305175781,83.94999694824219,2838900.0,82.91093444824219
2017-05-24,84.4000015258789,83.80999755859375,84.4000015258789,83.95999908447266,2209700.0,82.92082214355469
2017-05-25,84.62000274658203,83.66000366210938,83.94999694824219,84.51000213623047,1955000.0,83.46399688720703
2017-05-26,84.5199966430664,84.05000305175781,84.30999755859375,84.4000015258789,1084100.0,83.35537719726562
2017-05-30,84.94999694824219,83.91000366210938,84.19000244140625,84.80999755859375,2426400.0,83.76029968261719
2017-05-31,85.4800033569336,84.91000366210938,85.0,84.94000244140625,3756900.0,83.88868713378906
2017-06-01,86.4800033569336,85.0199966430664,85.2699966430664,86.0999984741211,3334100.0,85.03433227539062
2017-06-02,87.0,86.08000183105469,86.12000274658203,86.83999633789062,2480200.0,85.76516723632812
2017-06-05,86.87999725341797,86.51000213623047,86.80000305175781,86.52999877929688,1671000.0,85.4590072631836
2017-06-06,86.38999938964844,85.69999694824219,86.2699966430664,85.7300033569336,2571500.0,84.66891479492188
2017-06-07,85.86000061035156,85.30999755859375,85.30999755859375,85.43000030517578,2687700.0,84.37262725830078
2017-06-08,85.5,84.19999694824219,85.43000030517578,84.55999755859375,2538200.0,83.51338958740234
2017-06-09,84.86000061035156,84.02999877929688,84.7300033569336,84.48999786376953,2527300.0,83.44425964355469
2017-06-12,84.93000030517578,83.81999969482422,84.55999755859375,84.06999969482422,2959100.0,83.02946472167969
2017-06-13,84.44999694824219,83.9800033569336,84.16999816894531,84.16999816894531,3252500.0,83.12821960449219
2017-06-14,84.7699966430664,84.12000274658203,84.36000061035156,84.45999908447266,2332900.0,83.41462707519531
2017-06-15,84.38999938964844,83.6500015258789,84.08999633789062,84.37999725341797,2484200.0,83.33560943603516
2017-06-16,85.0199966430664,84.26000213623047,84.61000061035156,84.4800033569336,4916900.0,83.43437957763672
2017-06-19,85.55000305175781,84.52999877929688,84.80000305175781,85.2699966430664,2321400.0,84.21460723876953
2017-06-20,86.12000274658203,85.13999938964844,85.29000091552734,85.68000030517578,2976400.0,84.61952209472656
2017-06-21,86.62000274658203,85.69999694824219,85.91999816894531,86.4800033569336,3242000.0,85.40962219238281
2017-06-22,86.73999786376953,85.94000244140625,86.43000030517578,85.95999908447266,2609400.0,84.89605712890625
2017-06-23,86.0199966430664,85.06999969482422,85.97000122070312,85.66000366210938,4874800.0,84.59978485107422
2017-06-26,85.94000244140625,85.44000244140625,85.69999694824219,85.47000122070312,1782200.0,84.41212463378906
2017-06-27,85.5,84.62000274658203,85.33000183105469,84.62000274658203,1656800.0,83.57264709472656
2017-06-28,85.1500015258789,84.5999984741211,85.04000091552734,84.72000122070312,2313300.0,83.81006622314453
2017-06-29,84.87000274658203,83.91999816894531,84.69999694824219,84.02999877929688,2404300.0,83.12749481201172
2017-06-30,84.68000030517578,84.08000183105469,84.27999877929688,84.38999938964844,2758900.0,83.4836196899414
2017-07-03,85.0,84.26000213623047,84.77999877929688,84.26000213623047,1051900.0,83.35501861572266
2017-07-05,84.37000274658203,83.87000274658203,84.26000213623047,84.08999633789062,2561600.0,83.18682861328125
2017-07-06,83.72000122070312,82.68000030517578,83.69999694824219,82.93000030517578,2875300.0,82.03929138183594
2017-07-07,83.25,82.94000244140625,83.19999694824219,83.06999969482422,2877300.0,82.17778778076172
2017-07-10,83.23999786376953,82.48999786376953,83.11000061035156,82.55999755859375,2974600.0,81.67326354980469
2017-07-11,83.36000061035156,82.41000366210938,82.6500015258789,83.0999984741211,2593000.0,82.20746612548828
2017-07-12,83.87000274658203,83.26000213623047,83.66999816894531,83.48999786376953,2914100.0,82.59327697753906
2017-07-13,84.52999877929688,83.16000366210938,83.26000213623047,84.26000213623047,4125200.0,83.35501861572266
2017-07-14,85.29000091552734,83.91000366210938,84.31999969482422,85.0,3060300.0,84.08706665039062
2017-07-17,85.94999694824219,84.91999816894531,85.13999938964844,85.47000122070312,3511100.0,84.5520248413086
2017-07-18,85.63999938964844,84.93000030517578,85.36000061035156,85.4800033569336,2862500.0,84.5619125366211
2017-07-19,85.88999938964844,85.29000091552734,85.5199966430664,85.79000091552734,2905300.0,84.86858367919922
2017-07-20,84.19999694824219,81.5,82.05999755859375,83.19999694824219,9551300.0,82.30638885498047
2017-07-21,83.4000015258789,82.5199966430664,83.0199966430664,83.05000305175781,3606100.0,82.15801239013672
2017-07-24,84.05000305175781,82.97000122070312,82.97000122070312,83.02999877929688,3090000.0,82.13822174072266
2017-07-25,83.48999786376953,81.88999938964844,83.27999877929688,81.98999786376953,4903500.0,81.1093978881836
2017-07-26,82.31999969482422,81.62999725341797,82.0999984741211,82.01000213623047,2812400.0,81.12916564941406
2017-07-27,82.43000030517578,80.8499984741211,82.41999816894531,81.16000366210938,4977300.0,80.28829956054688
2017-07-28,81.58000183105469,80.68000030517578,81.19000244140625,81.43000030517578,3018300.0,80.55541229248047
2017-07-31,81.9800033569336,81.4000015258789,81.63999938964844,81.48999786376953,2161200.0,80.61476135253906
2017-08-01,81.63999938964844,80.77999877929688,81.54000091552734,80.81999969482422,2525000.0,79.95195770263672
2017-08-02,81.5999984741211,80.58999633789062,80.80000305175781,81.27999877929688,4393300.0,80.40702056884766
2017-08-03,81.56999969482422,80.9800033569336,81.33999633789062,81.27999877929688,2506600.0,80.40702056884766
2017-08-04,81.52999877929688,80.91999816894531,81.52999877929688,81.01000213623047,2425300.0,80.1399154663086
2017-08-07,81.48999786376953,80.76000213623047,80.98999786376953,81.43000030517578,1898400.0,80.55541229248047
2017-08-08,81.69999694824219,80.13999938964844,81.31999969482422,80.2699966430664,2997100.0,79.4078598022461
2017-08-09,80.68000030517578,80.0199966430664,80.29000091552734,80.2300033569336,2666500.0,79.36830139160156
2017-08-10,80.1500015258789,78.97000122070312,80.05000305175781,79.29000091552734,3681400.0,78.43840026855469
2017-08-11,80.16999816894531,79.0999984741211,79.25,79.81999969482422,2433900.0,78.96269226074219
2017-08-14,80.72000122070312,79.83999633789062,80.05000305175781,80.5999984741211,2345200.0,79.73432159423828
2017-08-15,80.87999725341797,80.33000183105469,80.62000274658203,80.55999755859375,1798800.0,79.69474792480469
2017-08-16,81.8499984741211,80.81999969482422,80.88999938964844,81.55999755859375,3159100.0,80.68401336669922
2017-08-17,81.79000091552734,80.91000366210938,81.54000091552734,80.91000366210938,2290800.0,80.0409927368164
2017-08-18,81.31999969482422,80.44000244140625,80.73999786376953,80.87000274658203,2861300.0,80.00141906738281
2017-08-21,81.51000213623047,80.80000305175781,80.88999938964844,81.08000183105469,2361900.0,80.20915985107422
2017-08-22,82.56999969482422,81.1500015258789,81.1500015258789,82.5199966430664,2279800.0,81.63370513916016
2017-08-23,82.37000274658203,81.52999877929688,82.23999786376953,81.81999969482422,1969200.0,80.94122314453125
2017-08-24,81.87000274658203,81.22000122070312,81.77999877929688,81.80999755859375,2043700.0,80.93132019042969
2017-08-25,82.36000061035156,81.91999816894531,82.11000061035156,82.16000366210938,2342900.0,81.27757263183594
2017-08-28,82.58999633789062,82.13999938964844,82.41999816894531,82.37000274658203,1710600.0,81.48531341552734
2017-08-29,82.20999908447266,81.72000122070312,81.80000305175781,81.98999786376953,1989900.0,81.1093978881836
2017-08-30,82.2699966430664,81.72000122070312,81.83000183105469,82.13999938964844,1940300.0,81.25778198242188
2017-08-31,83.58999633789062,82.26000213623047,82.43000030517578,83.41999816894531,2797500.0,82.5240249633789
2017-09-01,83.54000091552734,82.68000030517578,83.37000274658203,83.2300033569336,1608000.0,82.33607482910156
2017-09-05,83.43000030517578,82.80999755859375,83.19000244140625,83.05999755859375,1929400.0,82.16790008544922
2017-09-06,84.18000030517578,83.02999877929688,83.20999908447266,84.0199966430664,3393300.0,83.1175765991211
2017-09-07,85.26000213623047,83.98999786376953,84.27999877929688,85.0999984741211,3263900.0,84.18598937988281
2017-09-08,87.4000015258789,85.06999969482422,85.19999694824219,86.76000213623047,5474800.0,85.82816314697266
2017-09-11,87.27999877929688,86.73999786376953,86.76000213623047,87.06999969482422,2630600.0,86.13482666015625
2017-09-12,87.33000183105469,86.79000091552734,87.06999969482422,87.2699966430664,2158100.0,86.33267974853516
2017-09-13,87.58000183105469,86.95999908447266,87.29000091552734,87.23999786376953,2466000.0,86.30299377441406
2017-09-14,88.4800033569336,86.9800033569336,87.0999984741211,88.44999694824219,3270400.0,87.50000762939453
2017-09-15,88.4800033569336,87.63999938964844,88.02999877929688,88.20999908447266,3582300.0,87.26258850097656
2017-09-18,88.58999633789062,88.0199966430664,88.38999938964844,88.11000061035156,1671100.0,87.16366577148438
2017-09-19,88.62000274658203,86.80999755859375,88.1500015258789,86.87000274658203,3143800.0,85.9369888305664
2017-09-20,87.12999725341797,86.12000274658203,87.02999877929688,86.45999908447266,3532400.0,85.5313720703125
2017-09-21,86.93000030517578,86.37000274658203,86.58999633789062,86.41999816894531,1892800.0,85.49180603027344
2017-09-22,86.88999938964844,86.11000061035156,86.47000122070312,86.77999877929688,1906300.0,85.84794616699219
2017-09-25,87.06999969482422,85.5,86.8499984741211,86.0,2202700.0,85.07633209228516
2017-09-26,86.05000305175781,85.1500015258789,85.86000061035156,85.45999908447266,2388200.0,84.54212951660156
2017-09-27,86.1500015258789,84.95999908447266,85.79000091552734,85.45999908447266,2546600.0,84.54212951660156
2017-09-28,85.52999877929688,84.62999725341797,85.27999877929688,85.04000091552734,2769600.0,84.2646713256836
2017-09-29,85.9000015258789,85.0,85.08000183105469,85.77999877929688,2324400.0,84.99793243408203
2017-10-02,86.83000183105469,85.86000061035156,86.0,86.5199966430664,1910600.0,85.7311782836914
2017-10-03,86.88999938964844,86.0999984741211,86.80000305175781,86.5199966430664,1235000.0,85.7311782836914
2017-10-04,87.05000305175781,86.25,86.25,86.87999725341797,1586800.0,86.08789825439453
2017-10-05,87.11000061035156,86.5199966430664,86.95999908447266,86.97000122070312,1555000.0,86.17708587646484
2017-10-06,87.69999694824219,86.87999725341797,86.98999786376953,87.62999725341797,2074600.0,86.8310546875
2017-10-09,87.69999694824219,86.69999694824219,87.63999938964844,87.02999877929688,2247100.0,86.23652648925781
2017-10-10,87.41999816894531,86.83999633789062,86.83999633789062,87.16999816894531,1874800.0,86.37525939941406
2017-10-11,87.48999786376953,86.93000030517578,87.19999694824219,86.95999908447266,1372500.0,86.16716766357422
2017-10-12,87.44999694824219,86.7699966430664,86.98999786376953,87.02999877929688,2042700.0,86.23652648925781
2017-10-13,87.11000061035156,86.62000274658203,86.83000183105469,86.83999633789062,2042700.0,86.04826354980469
2017-10-16,87.2300033569336,85.95999908447266,86.97000122070312,86.12999725341797,2877900.0,85.34474182128906
2017-10-17,85.94999694824219,83.80999755859375,85.44999694824219,85.26000213623047,4838000.0,84.482666015625
2017-10-18,86.18000030517578,85.0999984741211,85.38999938964844,86.05000305175781,3369300.0,85.26547241210938
2017-10-19,91.63999938964844,89.0,89.83000183105469,90.0999984741211,8927300.0,89.2785415649414
2017-10-20,91.33000183105469,90.05000305175781,90.05000305175781,90.79000091552734,4113500.0,89.9622573852539
2017-10-23,91.72000122070312,90.41000366210938,91.2300033569336,90.47000122070312,2906700.0,89.6451644897461
2017-10-24,91.2300033569336,90.20999908447266,90.83000183105469,90.94999694824219,3515700.0,90.12078094482422
2017-10-25,90.97000122070312,90.12999725341797,90.86000061035156,90.6500015258789,2797400.0,89.82353210449219
2017-10-26,91.62999725341797,90.33999633789062,90.69999694824219,91.45999908447266,2691900.0,90.62614440917969
2017-10-27,92.26000213623047,91.41000366210938,91.41999816894531,92.25,2875400.0,91.40892791748047
2017-10-30,92.19999694824219,91.5,91.97000122070312,91.80999755859375,2321000.0,90.97293853759766
2017-10-31,92.47000122070312,91.66999816894531,91.7300033569336,92.2699966430664,2857800.0,91.42874145507812
2017-11-01,93.12999725341797,92.08999633789062,92.37000274658203,92.91000366210938,2878900.0,92.06291198730469
2017-11-02,93.13999938964844,92.3499984741211,92.83999633789062,92.70999908447266,1949000.0,91.86473846435547
2017-11-03,93.16000366210938,92.22000122070312,92.58000183105469,93.12999725341797,1778800.0,92.28091430664062
2017-11-06,93.12000274658203,92.37000274658203,93.12000274658203,92.62000274658203,1806800.0,91.77557373046875
2017-11-07,93.29000091552734,92.58999633789062,92.73999786376953,93.19999694824219,1270000.0,92.35027313232422
2017-11-08,93.36000061035156,92.7699966430664,92.91999816894531,93.23999786376953,2001500.0,92.38990783691406
2017-11-09,93.2699966430664,92.19000244140625,93.22000122070312,92.9800033569336,2420800.0,92.13228607177734
2017-11-10,92.91000366210938,91.6500015258789,92.80999755859375,92.23999786376953,2361600.0,91.39903259277344
2017-11-13,93.37999725341797,91.83999633789062,92.1500015258789,93.33000183105469,2041000.0,92.47909545898438
2017-11-14,93.30999755859375,92.4800033569336,92.80999755859375,93.19000244140625,1974800.0,92.34037017822266
2017-11-15,93.12999725341797,92.41999816894531,93.06999969482422,92.41999816894531,1844100.0,91.577392578125
2017-11-16,93.86000061035156,92.31999969482422,92.5999984741211,93.58000183105469,1554000.0,92.72681427001953
2017-11-17,93.63999938964844,92.80000305175781,93.12000274658203,93.30000305175781,1510500.0,92.44935607910156
2017-11-20,93.80999755859375,93.02999877929688,93.30000305175781,93.68000030517578,1281400.0,92.8259048461914
2017-11-21,94.22000122070312,93.75,94.0,94.18000030517578,1577700.0,93.32134246826172
2017-11-22,94.23999786376953,93.30999755859375,94.19999694824219,93.76000213623047,1580200.0,92.90516662597656
2017-11-24,94.18000030517578,93.61000061035156,94.01000213623047,94.0199966430664,896600.0,93.16279602050781
2017-11-27,94.27999877929688,93.83000183105469,94.19000244140625,94.05000305175781,1398400.0,93.19253540039062
2017-11-28,94.66000366210938,93.87999725341797,94.18000030517578,94.31999969482422,2740200.0,93.4600601196289
2017-11-29,94.45999908447266,93.44000244140625,94.44999694824219,93.94000244140625,1989800.0,93.08354187011719
2017-11-30,94.81999969482422,93.83999633789062,94.25,94.36000061035156,2186200.0,93.49969482421875
2017-12-01,94.52999877929688,92.81999969482422,94.48999786376953,93.81999969482422,2311100.0,92.9646224975586
2017-12-04,94.48999786376953,92.62000274658203,94.20999908447266,92.81999969482422,2773400.0,91.97373962402344
2017-12-05,93.2300033569336,92.56999969482422,93.18000030517578,92.73999786376953,2376900.0,91.89447021484375
2017-12-06,92.94999694824219,92.16000366210938,92.8499984741211,92.52999877929688,2038400.0,91.68638610839844
2017-12-07,93.16999816894531,92.04000091552734,92.52999877929688,92.68000030517578,1787800.0,91.83501434326172
2017-12-08,93.36000061035156,92.69000244140625,92.93000030517578,93.18000030517578,1538100.0,92.33045959472656
2017-12-11,93.2699966430664,92.58999633789062,93.08000183105469,93.20999908447266,1813900.0,92.36019134521484
2017-12-12,93.94999694824219,93.0199966430664,93.31999969482422,93.72000122070312,2153400.0,92.86553955078125
2017-12-13,94.36000061035156,93.61000061035156,93.80000305175781,94.1500015258789,2377200.0,93.29161071777344
2017-12-14,94.37999725341797,92.5199966430664,94.37999725341797,92.8499984741211,2869900.0,92.00346374511719
2017-12-15,94.33999633789062,93.2300033569336,93.2300033569336,94.0,5071100.0,93.14297485351562
2017-12-18,94.83999633789062,94.08999633789062,94.23999786376953,94.36000061035156,2960700.0,93.49969482421875
2017-12-19,94.73999786376953,94.05000305175781,94.44000244140625,94.37999725341797,1878300.0,93.51951599121094
2017-12-20,95.16000366210938,94.33999633789062,94.47000122070312,94.62000274658203,2979700.0,93.75733947753906
2017-12-21,95.01000213623047,93.7699966430664,94.72000122070312,93.81999969482422,2193200.0,92.9646224975586
2017-12-22,94.06999969482422,93.41000366210938,93.7300033569336,93.45999908447266,2613000.0,92.60790252685547
2017-12-26,93.7699966430664,93.25,93.31999969482422,93.31999969482422,592800.0,92.46919250488281
2017-12-27,93.73999786376953,92.80000305175781,93.16999816894531,93.55999755859375,1053000.0,92.70699310302734
2017-12-28,93.79000091552734,93.08000183105469,93.6500015258789,93.55999755859375,750900.0,92.8459243774414
2017-12-29,94.02999877929688,92.80000305175781,93.91999816894531,92.81999969482422,1844800.0,92.111572265625
2018-01-02,93.48999786376953,92.18000030517578,93.18000030517578,92.44000244140625,3623800.0,91.73448181152344
2018-01-03,93.91000366210938,92.22000122070312,92.23999786376953,93.66999816894531,2474500.0,92.95508575439453
2018-01-04,94.91000366210938,94.0199966430664,94.12000274658203,94.12000274658203,2125200.0,93.40165710449219
2018-01-05,94.98999786376953,94.33999633789062,94.51000213623047,94.70999908447266,1880700.0,93.98714447021484
2018-01-08,95.30999755859375,94.29000091552734,94.62000274658203,95.25,1807200.0,94.52302551269531
2018-01-09,98.87999725341797,96.5199966430664,96.5199966430664,98.61000061035156,4359200.0,97.85739135742188
2018-01-10,98.54000091552734,97.22000122070312,98.0199966430664,98.23999786376953,2464600.0,97.49019622802734
2018-01-11,98.69999694824219,97.77999877929688,98.48999786376953,98.58999633789062,2026100.0,97.83753204345703
2018-01-12,99.66000366210938,98.62999725341797,98.63999938964844,99.38999938964844,1894500.0,98.63143920898438
2018-01-16,100.2699966430664,99.13999938964844,99.87999725341797,99.47000122070312,2226800.0,98.71082305908203
2018-01-17,100.18000030517578,99.08000183105469,100.05000305175781,99.58999633789062,2542400.0,98.82990264892578
2018-01-18,100.06999969482422,99.11000061035156,99.54000091552734,99.73999786376953,1316600.0,98.97875213623047
2018-01-19,100.87999725341797,100.04000091552734,100.19999694824219,100.55999755859375,2872600.0,99.7925033569336
2018-01-22,100.70999908447266,99.66999816894531,100.4800033569336,99.97000122070312,2163200.0,99.2070083618164
2018-01-23,100.37000274658203,99.69000244140625,100.16999816894531,99.94999694824219,2383500.0,99.1871566772461
2018-01-24,101.69999694824219,100.08000183105469,100.30000305175781,101.37999725341797,2223600.0,100.60623931884766
2018-01-25,103.01000213623047,101.43000030517578,101.75,102.69999694824219,2134000.0,101.9161605834961
2018-01-26,103.81999969482422,102.77999877929688,102.9800033569336,103.80000305175781,2433400.0,103.00777435302734
2018-01-29,104.22000122070312,103.30000305175781,103.61000061035156,103.69000244140625,2580500.0,102.89861297607422
2018-01-30,104.81999969482422,101.12999725341797,102.63999938964844,101.5999984741211,3888500.0,100.82456970214844
2018-01-31,102.56999969482422,100.8499984741211,101.91000366210938,101.27999877929688,3308900.0,100.50701141357422
2018-02-01,102.19000244140625,100.5,100.91999816894531,101.86000061035156,2289200.0,101.08257293701172
2018-02-02,102.52999877929688,101.2699966430664,101.2699966430664,102.18000030517578,4556900.0,101.40013122558594
2018-02-05,101.8499984741211,96.29000091552734,101.44999694824219,96.69999694824219,4813100.0,95.96196746826172
2018-02-06,98.58000183105469,94.75,95.30000305175781,97.05000305175781,6693900.0,96.30928802490234
2018-02-07,96.97000122070312,94.75,96.37999725341797,95.25,5337000.0,94.52302551269531
2018-02-08,95.55000305175781,92.13999938964844,95.4000015258789,92.16000366210938,3443100.0,91.45661926269531
2018-02-09,95.27999877929688,91.83999633789062,93.30000305175781,94.45999908447266,3693600.0,93.73905181884766
2018-02-12,95.88999938964844,94.5999984741211,95.12999725341797,95.41000366210938,2247600.0,94.68180847167969
2018-02-13,95.44999694824219,94.04000091552734,94.7300033569336,94.9800033569336,2012600.0,94.25509643554688
2018-02-14,96.16999816894531,94.12000274658203,94.38999938964844,96.0999984741211,1504900.0,95.36653900146484
2018-02-15,97.77999877929688,96.37999725341797,96.98999786376953,97.47000122070312,1896600.0,96.72607421875
2018-02-16,98.41999816894531,96.81999969482422,97.33999633789062,97.54000091552734,1889000.0,96.79554748535156
2018-02-20,97.73999786376953,96.58000183105469,97.1500015258789,96.8499984741211,2111600.0,96.1108169555664
2018-02-21,98.9000015258789,96.62999725341797,96.69000244140625,97.3499984741211,2177000.0,96.60700225830078
2018-02-22,98.44000244140625,97.05999755859375,97.87999725341797,97.36000061035156,2342400.0,96.61692810058594
2018-02-23,99.38999938964844,97.63999938964844,97.70999908447266,99.33000183105469,1646700.0,98.57189178466797
2018-02-26,101.48999786376953,99.25,99.5199966430664,100.83000183105469,3593000.0,100.06044006347656
2018-02-27,101.80000305175781,99.54000091552734,100.83999633789062,99.56999969482422,2574800.0,98.81005096435547
2018-02-28,100.19999694824219,97.76000213623047,99.80000305175781,97.77999877929688,2047800.0,97.03372192382812
2018-03-01,98.0,95.1500015258789,97.75,95.98999786376953,2299900.0,95.25737762451172
2018-03-02,96.41999816894531,94.91000366210938,95.5199966430664,96.22000122070312,2318800.0,95.48562622070312
2018-03-05,97.98999786376953,95.38999938964844,95.63999938964844,97.58000183105469,1701700.0,96.83524322509766
2018-03-06,97.7699966430664,96.88999938964844,97.7300033569336,97.75,1525700.0,97.00395202636719
2018-03-07,101.2300033569336,96.94999694824219,97.23999786376953,100.81999969482422,3872400.0,100.05052185058594
2018-03-08,101.66000366210938,100.66000366210938,101.04000091552734,101.61000061035156,2423100.0,100.83448791503906
2018-03-09,104.06999969482422,101.66999816894531,102.12999725341797,103.73999786376953,3475000.0,102.94822692871094
2018-03-12,104.29000091552734,102.86000061035156,103.91999816894531,103.4000015258789,2292900.0,102.61082458496094
2018-03-13,104.29000091552734,102.56999969482422,103.88999938964844,102.80000305175781,2060000.0,102.0154037475586
2018-03-14,103.4800033569336,101.8499984741211,102.9800033569336,102.18000030517578,1514000.0,101.40013122558594
2018-03-15,102.66000366210938,101.97000122070312,102.37999725341797,102.22000122070312,1287600.0,101.43983459472656
2018-03-16,102.66999816894531,101.88999938964844,102.51000213623047,101.93000030517578,2509200.0,101.15205383300781
2018-03-19,101.8499984741211,99.55000305175781,101.79000091552734,100.30999755859375,2147600.0,99.5444107055664
2018-03-20,100.86000061035156,100.01000213623047,100.30999755859375,100.55999755859375,2329000.0,99.7925033569336
2018-03-21,100.98999786376953,99.80000305175781,100.86000061035156,99.80999755859375,1974900.0,99.04821014404297
2018-03-22,99.87000274658203,97.22000122070312,99.08000183105469,97.48999786376953,1875700.0,96.74592590332031
2018-03-23,98.41000366210938,95.70999908447266,97.91000366210938,95.94000244140625,2472400.0,95.20777130126953
2018-03-26,98.3499984741211,96.47000122070312,97.1500015258789,98.16000366210938,3181400.0,97.41082000732422
2018-03-27,98.98999786376953,96.69000244140625,98.69999694824219,97.25,2061800.0,96.50776672363281
2018-03-28,97.97000122070312,96.3499984741211,97.48999786376953,96.5199966430664,2347600.0,95.94117736816406
2018-03-29,98.52999877929688,96.66000366210938,96.88999938964844,97.91000366210938,2275800.0,97.3228530883789
2018-04-02,97.80999755859375,95.0199966430664,97.62000274658203,96.0999984741211,2601300.0,95.5237045288086
2018-04-03,98.3499984741211,96.4800033569336,96.75,98.2300033569336,2172100.0,97.64093780517578
2018-04-04,99.26000213623047,96.16000366210938,96.8499984741211,99.05999755859375,2183100.0,98.46595001220703
2018-04-05,99.73999786376953,98.79000091552734,99.55999755859375,99.22000122070312,1624200.0,98.62499237060547
2018-04-06,99.0199966430664,95.7699966430664,98.52999877929688,96.66000366210938,1804100.0,96.08035278320312
2018-04-09,98.94999694824219,96.72000122070312,97.36000061035156,97.5999984741211,2019600.0,97.01470947265625
2018-04-10,100.54000091552734,98.80999755859375,98.80999755859375,99.5199966430664,2312800.0,98.92318725585938
2018-04-11,99.13999938964844,98.02999877929688,98.80000305175781,98.41999816894531,1764900.0,97.82978820800781
2018-04-12,99.68000030517578,98.95999908447266,99.13999938964844,99.0,1485400.0,98.40631103515625
2018-04-13,99.76000213623047,98.72000122070312,99.58999633789062,99.23999786376953,1344100.0,98.64486694335938
2018-04-16,100.93000030517578,100.01000213623047,100.13999938964844,100.41999816894531,1458300.0,99.81779479980469
2018-04-17,101.95999908447266,100.37000274658203,101.0,101.69000244140625,2563300.0,101.08019256591797
2018-04-18,102.6500015258789,101.63999938964844,102.02999877929688,102.4000015258789,2100800.0,101.78592681884766
2018-04-19,103.9800033569336,100.43000030517578,103.0,101.5,3388900.0,100.89131927490234
2018-04-20,102.22000122070312,100.36000061035156,101.37000274658203,101.33999633789062,3660100.0,100.7322769165039
2018-04-23,101.98999786376953,100.8499984741211,101.69999694824219,101.19999694824219,2184600.0,100.59310913085938
2018-04-24,101.63999938964844,99.20999908447266,101.22000122070312,100.0999984741211,2551000.0,99.49971771240234
2018-04-25,101.16000366210938,98.5999984741211,100.06999969482422,100.48999786376953,3112900.0,99.88738250732422
2018-04-26,102.41000366210938,100.48999786376953,100.72000122070312,101.77999877929688,1952200.0,101.16963958740234
2018-04-27,102.12999725341797,101.27999877929688,102.0,101.63999938964844,1497700.0,101.03047943115234
2018-04-30,101.81999969482422,100.22000122070312,101.69999694824219,100.31999969482422,2229800.0,99.71839904785156
2018-05-01,100.97000122070312,99.98999786376953,100.3499984741211,100.88999938964844,2347500.0,100.28497314453125
2018-05-02,100.8499984741211,99.26000213623047,100.56999969482422,99.55999755859375,1966400.0,98.96295166015625
2018-05-03,99.43000030517578,97.73999786376953,99.13999938964844,99.0,3142000.0,98.40631103515625
2018-05-04,100.4800033569336,97.87000274658203,98.68000030517578,100.19999694824219,2716900.0,99.59910583496094
2018-05-07,101.37000274658203,99.43000030517578,100.41000366210938,99.58000183105469,2636100.0,98.98283386230469
2018-05-08,99.6500015258789,98.9000015258789,99.5,99.18000030517578,2512500.0,98.58524322509766
2018-05-09,100.1500015258789,98.77999877929688,99.22000122070312,99.54000091552734,2053900.0,98.94307708740234
2018-05-10,101.44000244140625,99.73999786376953,100.0,101.16999816894531,1462600.0,100.56330108642578
2018-05-11,102.38999938964844,100.93000030517578,101.13999938964844,101.80999755859375,2111600.0,101.199462890625
2018-05-14,103.13999938964844,101.83999633789062,101.94000244140625,102.66999816894531,2567900.0,102.0542984008789
2018-05-15,101.83999633789062,99.86000061035156,101.44999694824219,100.23999786376953,2604900.0,99.63887786865234
2018-05-16,101.19999694824219,100.08999633789062,100.22000122070312,100.69999694824219,1390800.0,100.09611511230469
2018-05-17,101.26000213623047,100.37999725341797,100.69999694824219,100.77999877929688,1442900.0,100.1756362915039
2018-05-18,101.51000213623047,100.3499984741211,100.6500015258789,101.25,1754000.0,100.642822265625
2018-05-21,102.86000061035156,101.62999725341797,101.72000122070312,102.23999786376953,2165600.0,101.62687683105469
2018-05-22,102.4800033569336,101.30000305175781,102.33000183105469,101.41000366210938,1366900.0,100.80186462402344
2018-05-23,102.3499984741211,101.12000274658203,101.16000366210938,102.31999969482422,2054300.0,101.70640563964844
2018-05-24,103.12999725341797,101.87999725341797,102.44000244140625,102.29000091552734,1309900.0,101.67658233642578
2018-05-25,103.0199966430664,101.83999633789062,102.3499984741211,102.12999725341797,1223400.0,101.51753997802734
2018-05-29,101.44000244140625,99.62000274658203,101.12000274658203,100.55000305175781,2875500.0,99.947021484375
2018-05-30,101.68000030517578,100.79000091552734,101.02999877929688,101.25,1494800.0,100.642822265625
2018-05-31,101.30999755859375,99.26000213623047,101.30999755859375,99.27999877929688,2575800.0,98.68463134765625
2018-06-01,100.91999816894531,99.80000305175781,100.0999984741211,100.58999633789062,2200600.0,99.98676300048828
2018-06-04,102.2699966430664,100.83999633789062,100.98999786376953,101.87000274658203,2218000.0,101.25910949707031
2018-06-05,102.69999694824219,101.6500015258789,102.0199966430664,102.08999633789062,1962700.0,101.477783203125
2018-06-06,102.87999725341797,101.69000244140625,102.19999694824219,102.80000305175781,2751400.0,102.18352508544922
2018-06-07,103.31999969482422,102.12000274658203,103.02999877929688,102.5,2229500.0,101.88531494140625
2018-06-08,103.19999694824219,102.48999786376953,102.76000213623047,103.0,1890700.0,102.38232421875
2018-06-11,104.0,102.87999725341797,103.02999877929688,103.23999786376953,2062200.0,102.62088012695312
2018-06-12,104.12999725341797,102.93000030517578,103.44000244140625,103.16000366210938,2768000.0,102.54137420654297
2018-06-13,103.58000183105469,102.54000091552734,103.2300033569336,102.62000274658203,2068200.0,102.00460815429688
2018-06-14,103.41000366210938,102.30999755859375,103.0,102.63999938964844,2631800.0,102.02448272705078
2018-06-15,103.06999969482422,100.62999725341797,102.05000305175781,102.30999755859375,4509500.0,101.69646453857422
2018-06-18,101.8499984741211,100.69999694824219,101.56999969482422,101.2699966430664,1645300.0,100.6626968383789
2018-06-19,100.80999755859375,99.61000061035156,100.44000244140625,100.02999877929688,2738300.0,99.43014526367188
2018-06-20,100.62000274658203,98.91999816894531,100.2699966430664,99.13999938964844,2386800.0,98.54546356201172
2018-06-21,99.43000030517578,97.68000030517578,99.19999694824219,97.91000366210938,2809200.0,97.3228530883789
2018-06-22,99.94999694824219,98.2300033569336,98.76000213623047,99.30000305175781,2819600.0,98.70451354980469
2018-06-25,99.08000183105469,98.02999877929688,99.08000183105469,98.86000061035156,2856200.0,98.26715850830078
2018-06-26,99.55000305175781,98.5999984741211,99.08999633789062,99.12000274658203,2336900.0,98.52558898925781
2018-06-27,100.80000305175781,98.1500015258789,99.51000213623047,98.1500015258789,2745500.0,97.56140899658203
2018-06-28,98.94000244140625,97.08999633789062,97.97000122070312,98.62000274658203,2013800.0,98.18865966796875
2018-06-29,99.6500015258789,98.63999938964844,98.83000183105469,98.68000030517578,2352000.0,98.2483901977539
2018-07-02,98.26000213623047,97.4000015258789,98.18000030517578,98.12999725341797,2158800.0,97.70079803466797
2018-07-03,99.33000183105469,98.20999908447266,98.66000366210938,98.47000122070312,1244000.0,98.03931427001953
2018-07-05,99.44999694824219,98.25,99.08000183105469,98.86000061035156,2483000.0,98.4276123046875
2018-07-06,99.48999786376953,98.87000274658203,99.0,99.33000183105469,1903600.0,98.89555358886719
2018-07-09,99.91999816894531,99.04000091552734,99.5999984741211,99.5,3205700.0,99.06481170654297
2018-07-10,100.4800033569336,99.48999786376953,99.69999694824219,100.16000366210938,1761500.0,99.72191619873047
2018-07-11,99.61000061035156,98.5,99.33000183105469,98.56999969482422,1834000.0,98.13887023925781
2018-07-12,100.27999877929688,99.08999633789062,99.31999969482422,99.62000274658203,2356400.0,99.18428039550781
2018-07-13,100.08000183105469,98.48999786376953,99.87000274658203,99.19999694824219,2104200.0,98.76611328125
2018-07-16,99.41999816894531,98.02999877929688,99.08000183105469,98.16999816894531,1953900.0,97.7406234741211
2018-07-17,99.8499984741211,97.91000366210938,98.20999908447266,99.58000183105469,4108900.0,99.14446258544922
2018-07-18,99.9000015258789,98.5,99.6500015258789,98.77999877929688,3189000.0,98.34794616699219
2018-07-19,106.08000183105469,102.70999908447266,106.0,103.19999694824219,5937100.0,102.74861907958984
2018-07-20,103.0,101.12000274658203,102.56999969482422,101.29000091552734,3722800.0,100.84698486328125
2018-07-23,103.43000030517578,101.01000213623047,101.4000015258789,103.13999938964844,3494000.0,102.68888854980469
2018-07-24,104.20999908447266,102.87999725341797,103.98999786376953,103.55000305175781,3320400.0,103.09709930419922
2018-07-25,104.01000213623047,102.83000183105469,103.54000091552734,103.54000091552734,3153000.0,103.0871353149414
2018-07-26,104.41999816894531,103.37999725341797,103.87000274658203,103.79000091552734,2470200.0,103.33604431152344
2018-07-27,104.04000091552734,102.66000366210938,103.86000061035156,102.75,2401900.0,102.30059051513672
2018-07-30,103.01000213623047,101.5999984741211,102.75,101.80999755859375,1744900.0,101.36470794677734
2018-07-31,103.11000061035156,101.80000305175781,102.31999969482422,102.58000183105469,3611100.0,102.13134002685547
2018-08-01,102.9800033569336,101.83000183105469,102.5999984741211,102.0,2150900.0,101.55387115478516
2018-08-02,101.8499984741211,100.7300033569336,101.69999694824219,101.44999694824219,2414800.0,101.00627899169922
2018-08-03,101.5999984741211,100.87999725341797,101.45999908447266,101.37000274658203,2224200.0,100.92662811279297
2018-08-06,102.44999694824219,100.94999694824219,101.04000091552734,102.30999755859375,2503200.0,101.86251831054688
2018-08-07,102.61000061035156,101.94999694824219,102.45999908447266,102.26000213623047,2162900.0,101.81273651123047
2018-08-08,102.29000091552734,101.58999633789062,102.13999938964844,101.94999694824219,1376600.0,101.50408935546875
2018-08-09,102.19000244140625,101.62999725341797,102.16999816894531,101.70999908447266,1279700.0,101.26514434814453
2018-08-10,101.41000366210938,99.83999633789062,101.41000366210938,100.33000183105469,1763700.0,99.89118194580078
2018-08-13,100.73999786376953,99.05000305175781,100.2300033569336,99.86000061035156,2216400.0,99.42323303222656
2018-08-14,101.08999633789062,99.8499984741211,99.95999908447266,100.79000091552734,1854500.0,100.34916687011719
2018-08-15,100.4800033569336,99.51000213623047,100.19999694824219,100.08999633789062,1777700.0,99.6522216796875
2018-08-16,101.18000030517578,100.12000274658203,100.5199966430664,100.4800033569336,1579700.0,100.04051971435547
2018-08-17,101.13999938964844,100.4000015258789,100.61000061035156,100.70999908447266,3012800.0,100.26951599121094
2018-08-20,101.0999984741211,100.5199966430664,100.79000091552734,100.58000183105469,1214800.0,100.14008331298828
2018-08-21,101.3499984741211,100.44999694824219,101.08999633789062,100.61000061035156,1907900.0,100.16995239257812
2018-08-22,100.87000274658203,99.8499984741211,100.54000091552734,100.69000244140625,1278100.0,100.24960327148438
2018-08-23,100.80999755859375,99.69999694824219,100.7699966430664,99.75,1630800.0,99.31371307373047
2018-08-24,100.41000366210938,99.80999755859375,99.94000244140625,100.1500015258789,3335200.0,99.71195983886719
2018-08-27,102.75,100.54000091552734,100.54000091552734,102.45999908447266,2560200.0,102.01185607910156
2018-08-28,102.93000030517578,102.30000305175781,102.69999694824219,102.69999694824219,1609600.0,102.25080871582031
2018-08-29,103.81999969482422,102.5,102.80999755859375,103.66000366210938,1992400.0,103.20661163330078
2018-08-30,103.54000091552734,102.62999725341797,102.95999908447266,103.01000213623047,2002600.0,102.55945587158203
2018-08-31,103.68000030517578,102.69000244140625,102.94000244140625,103.54000091552734,2903600.0,103.0871353149414
2018-09-04,103.98999786376953,102.75,103.66000366210938,103.55000305175781,2241000.0,103.09709930419922
2018-09-05,104.0199966430664,102.80999755859375,103.4000015258789,104.01000213623047,1909500.0,103.55508422851562
2018-09-06,104.83999633789062,103.88999938964844,104.01000213623047,104.5999984741211,1809600.0,104.14250183105469
2018-09-07,104.87999725341797,104.26000213623047,104.48999786376953,104.66000366210938,1506100.0,104.20223236083984
2018-09-10,105.6500015258789,104.8499984741211,105.0199966430664,105.12999725341797,2076300.0,104.67018127441406
2018-09-11,105.44999694824219,104.33999633789062,105.16999816894531,105.25,1693200.0,104.78965759277344
2018-09-12,105.87000274658203,105.23999786376953,105.55000305175781,105.79000091552734,2656800.0,105.3272933959961
2018-09-13,107.54000091552734,105.9000015258789,105.93000030517578,107.41999816894531,2228200.0,106.95015716552734
2018-09-14,107.7699966430664,106.70999908447266,107.43000030517578,106.87000274658203,1364100.0,106.40257263183594
2018-09-17,106.6500015258789,105.66000366210938,106.6500015258789,105.97000122070312,2074900.0,105.50650787353516
2018-09-18,106.81999969482422,105.95999908447266,106.23999786376953,106.76000213623047,1857200.0,106.29305267333984
2018-09-19,108.0,106.77999877929688,107.0,107.51000213623047,2057500.0,107.0397720336914
2018-09-20,108.2300033569336,107.41999816894531,108.2300033569336,107.97000122070312,1797000.0,107.49776458740234
2018-09-21,108.58999633789062,108.0199966430664,108.08999633789062,108.08000183105469,4411000.0,107.60728454589844
2018-09-24,108.33999633789062,107.33000183105469,108.16000366210938,107.83000183105469,1959500.0,107.3583755493164
2018-09-25,108.20999908447266,107.62000274658203,107.94999694824219,108.0199966430664,1963400.0,107.54753112792969
2018-09-26,109.31999969482422,108.0,108.16999816894531,108.9000015258789,2003600.0,108.42369079589844
2018-09-27,109.2300033569336,107.94000244140625,108.8499984741211,108.18000030517578,2058900.0,107.86532592773438
2018-09-28,108.83999633789062,108.08999633789062,108.18000030517578,108.66000366210938,1952500.0,108.34392547607422
2018-10-01,109.93000030517578,108.9800033569336,109.18000030517578,109.29000091552734,2003100.0,108.97209167480469
2018-10-02,109.41000366210938,108.79000091552734,109.33999633789062,108.95999908447266,1729300.0,108.64305114746094
2018-10-03,110.12999725341797,108.37999725341797,109.55000305175781,108.52999877929688,2399700.0,108.21430969238281
2018-10-04,108.2699966430664,106.61000061035156,108.16000366210938,107.0,1874500.0,106.68875885009766
2018-10-05,107.61000061035156,105.87000274658203,107.19999694824219,106.9800033569336,1919200.0,106.66881561279297
2018-10-08,107.05000305175781,104.52999877929688,106.83999633789062,105.61000061035156,2100900.0,105.30279541015625
2018-10-09,107.12000274658203,105.47000122070312,105.80000305175781,106.7300033569336,3048600.0,106.41954803466797
2018-10-10,106.58999633789062,103.76000213623047,106.5,103.83999633789062,3386000.0,103.5379409790039
2018-10-11,104.0,100.5,103.55999755859375,101.2699966430664,3517000.0,100.97542572021484
2018-10-12,103.79000091552734,101.80000305175781,102.8499984741211,103.37999725341797,2901200.0,103.07928466796875
2018-10-15,103.04000091552734,101.83999633789062,102.9000015258789,101.98999786376953,2239700.0,101.69332885742188
2018-10-16,105.12999725341797,102.58999633789062,102.94999694824219,105.05000305175781,2347600.0,104.74443054199219
2018-10-17,105.51000213623047,103.83999633789062,104.62999725341797,104.95999908447266,3521500.0,104.65469360351562
2018-10-18,106.0999984741211,100.5,106.0,101.23999786376953,5531400.0,100.94551086425781
2018-10-19,102.0,99.80000305175781,101.19999694824219,100.38999938964844,4260000.0,100.09798431396484
2018-10-22,100.8499984741211,97.66999816894531,100.47000122070312,98.55999755859375,3649000.0,98.27330780029297
2018-10-23,97.97000122070312,95.62999725341797,97.36000061035156,97.41999816894531,3383800.0,97.1366195678711
2018-10-24,98.6500015258789,95.66999816894531,97.73999786376953,95.80999755859375,3315800.0,95.53130340576172
2018-10-25,99.16999816894531,96.0,96.54000091552734,98.29000091552734,3465700.0,98.00408935546875
2018-10-26,98.08999633789062,95.93000030517578,97.01000213623047,97.13999938964844,2730600.0,96.85743713378906
2018-10-29,98.83999633789062,95.44000244140625,98.31999969482422,96.8499984741211,3195800.0,96.56828308105469
2018-10-30,98.37999725341797,96.4800033569336,97.13999938964844,97.72000122070312,3178500.0,97.43575286865234
2018-10-31,100.44000244140625,98.08000183105469,98.62999725341797,99.4000015258789,2865200.0,99.11087036132812
2018-11-01,100.7699966430664,98.75,99.38999938964844,100.5199966430664,2269900.0,100.22760009765625
2018-11-02,101.7300033569336,99.9800033569336,101.29000091552734,101.25,2601800.0,100.95548248291016
2018-11-05,102.0199966430664,101.02999877929688,101.55000305175781,101.76000213623047,2067600.0,101.46400451660156
2018-11-06,102.2300033569336,100.5199966430664,101.61000061035156,101.22000122070312,2461600.0,100.92556762695312
2018-11-07,104.16999816894531,101.8499984741211,102.02999877929688,104.06999969482422,2059900.0,103.76728057861328
2018-11-08,105.0199966430664,103.94999694824219,104.0199966430664,104.75,1619400.0,104.44530487060547
2018-11-09,104.62000274658203,103.25,104.41000366210938,104.38999938964844,2609900.0,104.08634948730469
2018-11-12,104.36000061035156,101.16000366210938,104.13999938964844,101.55000305175781,2338300.0,101.2546157836914
2018-11-13,102.8499984741211,100.30000305175781,101.88999938964844,100.48999786376953,1986400.0,100.19769287109375
2018-11-14,101.94999694824219,100.05999755859375,101.36000061035156,100.73999786376953,1889000.0,100.44696807861328
2018-11-15,101.66999816894531,98.70999908447266,100.08000183105469,101.6500015258789,2265200.0,101.35431671142578
2018-11-16,103.58999633789062,101.20999908447266,101.25,103.19999694824219,2767700.0,102.8998031616211
2018-11-19,103.41000366210938,100.62999725341797,103.26000213623047,101.30000305175781,2861300.0,101.00534057617188
2018-11-20,102.7300033569336,100.58000183105469,100.86000061035156,101.97000122070312,2773700.0,101.67338562011719
2018-11-21,103.7699966430664,101.91999816894531,102.26000213623047,102.94000244140625,2126600.0,102.64057159423828
2018-11-23,103.0,101.9000015258789,101.9000015258789,102.41000366210938,920100.0,102.11211395263672
2018-11-26,103.44999694824219,102.55000305175781,103.0999984741211,103.27999877929688,2023400.0,102.97957611083984
2018-11-27,104.0199966430664,102.44000244140625,102.94999694824219,104.0,1876900.0,103.6974868774414
2018-11-28,107.08999633789062,104.27999877929688,104.45999908447266,106.97000122070312,2180000.0,106.65884399414062
2018-11-29,108.76000213623047,106.1500015258789,106.37000274658203,107.94000244140625,2300400.0,107.62602233886719
2018-11-30,109.66999816894531,108.0,108.11000061035156,109.54000091552734,3278500.0,109.22136688232422
2018-12-03,110.86000061035156,108.33000183105469,110.5,108.63999938964844,4518500.0,108.32398986816406
2018-12-04,108.9000015258789,106.01000213623047,108.69999694824219,106.30000305175781,4190000.0,105.99079895019531
2018-12-06,105.52999877929688,102.41000366210938,104.80999755859375,104.86000061035156,3584300.0,104.55498504638672
2018-12-07,105.47000122070312,101.37999725341797,104.66000366210938,101.87000274658203,2443100.0,101.57368469238281
2018-12-10,102.08999633789062,99.52999877929688,101.69000244140625,101.72000122070312,3088800.0,101.42411041259766
2018-12-11,103.55000305175781,100.5999984741211,102.97000122070312,101.31999969482422,1998900.0,101.02527618408203
2018-12-12,104.05999755859375,101.95999908447266,102.55000305175781,102.02999877929688,2715100.0,101.73320770263672
2018-12-13,104.0,101.83999633789062,102.66999816894531,102.5,2388400.0,102.20184326171875
2018-12-14,101.83999633789062,99.13999938964844,101.30999755859375,100.4000015258789,2569700.0,100.10795593261719
2018-12-17,101.44999694824219,99.23999786376953,99.97000122070312,100.37000274658203,4481800.0,100.07804107666016
2018-12-18,101.27999877929688,99.4800033569336,100.87999725341797,100.72000122070312,3535300.0,100.4270248413086
2018-12-19,103.11000061035156,99.41000366210938,100.87999725341797,100.6500015258789,4260100.0,100.35723114013672
2018-12-20,100.37000274658203,97.5999984741211,99.83000183105469,98.36000061035156,5365100.0,98.07388305664062
2018-12-21,100.7300033569336,97.91999816894531,98.47000122070312,98.4800033569336,6292600.0,98.19354248046875
2018-12-24,98.2699966430664,94.58999633789062,98.0,94.8499984741211,3099200.0,94.5740966796875
2018-12-26,100.0,95.0,95.19000244140625,99.95999908447266,2741800.0,99.66923522949219
2018-12-27,101.5,97.9000015258789,98.54000091552734,101.5,2639300.0,101.36700439453125
2018-12-28,103.05000305175781,101.37000274658203,102.36000061035156,101.83000183105469,2506900.0,101.69657135009766
2018-12-31,103.63999938964844,102.1500015258789,102.1500015258789,103.12000274658203,1980300.0,102.9848861694336
2019-01-02,102.16999816894531,99.97000122070312,101.66000366210938,100.5,2397100.0,100.36831665039062
2019-01-03,101.48999786376953,96.44000244140625,99.97000122070312,97.62000274658203,3219100.0,97.49209594726562
2019-01-04,101.37000274658203,98.5999984741211,98.5999984741211,100.44999694824219,2556700.0,100.31837463378906
2019-01-07,101.6500015258789,100.30000305175781,100.7300033569336,100.86000061035156,2356200.0,100.72784423828125
2019-01-08,103.4800033569336,101.45999908447266,101.7300033569336,103.43000030517578,3649200.0,103.29447937011719
2019-01-09,105.31999969482422,103.7300033569336,104.08000183105469,104.36000061035156,3015600.0,104.22325897216797
2019-01-10,105.43000030517578,103.20999908447266,104.04000091552734,105.36000061035156,1675400.0,105.2219467163086
2019-01-11,105.29000091552734,104.19999694824219,104.58000183105469,105.26000213623047,1547700.0,105.12207794189453
2019-01-14,104.9800033569336,103.9800033569336,104.36000061035156,104.08999633789062,1563400.0,103.95360565185547
2019-01-15,105.4800033569336,104.04000091552734,104.26000213623047,105.04000091552734,2071100.0,104.9023666381836
2019-01-16,105.75,104.16000366210938,105.29000091552734,104.48999786376953,2804500.0,104.35308837890625
2019-01-17,105.91999816894531,104.44999694824219,104.48999786376953,105.56999969482422,3092100.0,105.43167114257812
2019-01-18,107.69000244140625,106.02999877929688,106.41000366210938,107.44999694824219,3153000.0,107.3092041015625
2019-01-22,106.9000015258789,105.31999969482422,106.83000183105469,106.41000366210938,2683300.0,106.27057647705078
2019-01-23,106.97000122070312,104.94999694824219,106.2300033569336,106.12999725341797,1899700.0,105.99093627929688
2019-01-24,106.5,105.22000122070312,106.0999984741211,106.05000305175781,1660800.0,105.91104888916016
2019-01-25,107.6500015258789,105.94000244140625,106.77999877929688,106.33000183105469,2800500.0,106.19068145751953
2019-01-28,106.04000091552734,104.95999908447266,105.54000091552734,106.02999877929688,2100500.0,105.89106750488281
2019-01-29,107.80000305175781,104.5,106.19000244140625,105.2699966430664,3633100.0,105.13206481933594
2019-01-30,109.4800033569336,105.58999633789062,106.05000305175781,109.01000213623047,3522900.0,108.8671646118164
2019-01-31,111.0999984741211,108.08000183105469,108.63999938964844,110.91999816894531,2888400.0,110.774658203125
2019-02-01,111.0,108.9800033569336,110.93000030517578,109.30000305175781,2588100.0,109.15679168701172
2019-02-04,109.58999633789062,108.52999877929688,109.19999694824219,109.58999633789062,1930600.0,109.44640350341797
2019-02-05,110.69000244140625,109.02999877929688,110.0,109.51000213623047,2569900.0,109.36651611328125
2019-02-06,109.93000030517578,109.05999755859375,109.27999877929688,109.66000366210938,1597700.0,109.51631927490234
2019-02-07,109.69999694824219,107.83000183105469,108.87000274658203,108.58999633789062,1706400.0,108.44771575927734
2019-02-08,109.36000061035156,107.55999755859375,107.91999816894531,109.25,1259500.0,109.10684967041016
2019-02-11,109.93000030517578,109.08000183105469,109.55999755859375,109.68000030517578,1649100.0,109.53628540039062
2019-02-12,111.5,109.97000122070312,110.5,111.37000274658203,1773300.0,111.22407531738281
2019-02-13,111.79000091552734,110.5999984741211,111.6500015258789,111.22000122070312,1962000.0,111.07427215576172
2019-02-14,111.08999633789062,110.29000091552734,110.97000122070312,110.36000061035156,2248000.0,110.21540069580078
2019-02-15,111.58999633789062,110.62999725341797,111.36000061035156,111.23999786376953,4048900.0,111.09423828125
2019-02-19,111.81999969482422,110.9000015258789,111.3499984741211,111.31999969482422,2366000.0,111.17414093017578
2019-02-20,112.2300033569336,110.66000366210938,111.01000213623047,112.19999694824219,1703600.0,112.05298614501953
2019-02-21,112.47000122070312,111.30000305175781,111.83000183105469,112.43000030517578,1821700.0,112.28268432617188
2019-02-22,113.62999725341797,112.36000061035156,112.55000305175781,113.4800033569336,1855800.0,113.33131408691406
2019-02-25,124.0999984741211,121.33000183105469,123.94000244140625,123.1500015258789,8804800.0,122.98863983154297
2019-02-26,123.41000366210938,121.30999755859375,122.43000030517578,123.20999908447266,6666000.0,123.0485610961914
2019-02-27,127.52999877929688,125.02999877929688,125.37999725341797,126.38999938964844,15512100.0,126.22439575195312
2019-02-28,127.83999633789062,125.80000305175781,126.11000061035156,127.0199966430664,6231300.0,126.85356140136719
2019-03-01,128.2100067138672,126.43000030517578,127.55000305175781,127.7699966430664,3627800.0,127.60258483886719
2019-03-04,128.38999938964844,124.8499984741211,127.79000091552734,125.88999938964844,4505800.0,125.72504425048828
2019-03-05,126.61000061035156,125.04000091552734,125.41999816894531,125.3499984741211,3358400.0,125.18575286865234
2019-03-06,125.2699966430664,123.7699966430664,125.01000213623047,124.63999938964844,3794200.0,124.4766845703125
2019-03-07,125.0,123.63999938964844,124.44000244140625,124.45999908447266,2840300.0,124.29692077636719
2019-03-08,125.1500015258789,123.5,123.73999786376953,125.04000091552734,2369100.0,124.87615966796875
2019-03-11,126.80999755859375,125.0199966430664,125.31999969482422,126.33000183105469,3282300.0,126.16447448730469
2019-03-12,127.80000305175781,126.41000366210938,126.58999633789062,127.44000244140625,2484800.0,127.27301788330078
2019-03-13,128.9499969482422,127.5999984741211,127.75,128.1300048828125,2156200.0,127.96212005615234
2019-03-14,128.25999450683594,127.54000091552734,128.0,128.11000061035156,2280600.0,127.942138671875
2019-03-15,129.4199981689453,128.02999877929688,128.1300048828125,128.69000244140625,5489400.0,128.52137756347656
2019-03-18,129.19000244140625,127.33999633789062,128.80999755859375,128.07000732421875,2853100.0,127.9021987915039
2019-03-19,129.94000244140625,128.38999938964844,128.52999877929688,129.86000061035156,3165200.0,129.68984985351562
2019-03-20,130.17999267578125,129.07000732421875,129.35000610351562,129.74000549316406,3180000.0,129.57000732421875
2019-03-21,132.42999267578125,128.7899932861328,128.7899932861328,132.2899932861328,3006200.0,132.1166534423828
2019-03-22,132.60000610351562,129.66000366210938,131.52999877929688,129.69000244140625,2942900.0,129.5200653076172
2019-03-25,130.22000122070312,128.85000610351562,129.3699951171875,129.4600067138672,1750300.0,129.29037475585938
2019-03-26,132.0500030517578,130.4199981689453,130.69000244140625,131.0800018310547,1902400.0,130.9082489013672
2019-03-27,131.16000366210938,128.8300018310547,130.85000610351562,129.74000549316406,2945300.0,129.57000732421875
2019-03-28,130.22000122070312,129.02000427246094,130.0,129.83999633789062,1458100.0,129.83999633789062
2019-03-29,132.1699981689453,130.07000732421875,130.44000244140625,132.02000427246094,3211100.0,132.02000427246094
2019-04-01,134.5,131.30999755859375,133.14999389648438,131.82000732421875,2384400.0,131.82000732421875
2019-04-02,132.02000427246094,131.4199981689453,132.0,131.6199951171875,2069100.0,131.6199951171875
2019-04-03,132.07000732421875,130.85000610351562,132.07000732421875,130.97000122070312,2349100.0,130.97000122070312
2019-04-04,131.6300048828125,130.19000244140625,131.25999450683594,130.47000122070312,2266400.0,130.47000122070312
2019-04-05,131.77000427246094,130.42999267578125,130.82000732421875,131.58999633789062,2702981.0,131.58999633789062
